raceId,year,round,name,driverId,forename,surname,constructorId,constructor_name,grid,qualifying_position,driver_points_before,driver_position_before,driver_wins_before,constructor_points_before,constructor_position_before,constructor_wins_before,podium
337,2010,1,Bahrain Grand Prix,4,Fernando,Alonso,6,Ferrari,3.0,3.0,26.0,9.0,0.0,70.0,4.0,1.0,1
337,2010,1,Bahrain Grand Prix,13,Felipe,Massa,6,Ferrari,2.0,2.0,22.0,11.0,0.0,70.0,4.0,1.0,1
337,2010,1,Bahrain Grand Prix,1,Lewis,Hamilton,1,McLaren,4.0,4.0,49.0,5.0,2.0,71.0,3.0,2.0,1
337,2010,1,Bahrain Grand Prix,20,Sebastian,Vettel,9,Red Bull,1.0,1.0,84.0,2.0,4.0,153.5,2.0,6.0,0
337,2010,1,Bahrain Grand Prix,3,Nico,Rosberg,131,Mercedes,5.0,5.0,34.5,7.0,0.0,0.0,13.0,0.0,0
337,2010,1,Bahrain Grand Prix,30,Michael,Schumacher,131,Mercedes,7.0,7.0,121.0,2.0,7.0,0.0,13.0,0.0,0
337,2010,1,Bahrain Grand Prix,18,Jenson,Button,1,McLaren,8.0,8.0,95.0,1.0,6.0,71.0,3.0,2.0,0
337,2010,1,Bahrain Grand Prix,17,Mark,Webber,9,Red Bull,6.0,6.0,69.5,4.0,2.0,153.5,2.0,6.0,0
337,2010,1,Bahrain Grand Prix,24,Vitantonio,Liuzzi,10,Force India,12.0,12.0,0.0,22.0,0.0,13.0,9.0,0.0,0
337,2010,1,Bahrain Grand Prix,22,Rubens,Barrichello,3,Williams,11.0,11.0,77.0,3.0,2.0,34.5,7.0,0.0,0
337,2010,1,Bahrain Grand Prix,9,Robert,Kubica,4,Renault,9.0,9.0,17.0,14.0,0.0,26.0,8.0,0.0,0
337,2010,1,Bahrain Grand Prix,16,Adrian,Sutil,10,Force India,10.0,10.0,5.0,17.0,0.0,13.0,9.0,0.0,0
337,2010,1,Bahrain Grand Prix,153,Jaime,Alguersuari,5,Toro Rosso,18.0,18.0,0.0,24.0,0.0,8.0,10.0,0.0,0
337,2010,1,Bahrain Grand Prix,807,Nico,Hülkenberg,3,Williams,13.0,13.0,0.0,28.0,0.0,34.5,7.0,0.0,0
337,2010,1,Bahrain Grand Prix,5,Heikki,Kovalainen,205,Lotus,21.0,21.0,22.0,12.0,0.0,0.0,13.0,0.0,0
337,2010,1,Bahrain Grand Prix,67,Sébastien,Buemi,5,Toro Rosso,15.0,15.0,6.0,16.0,0.0,8.0,10.0,0.0,0
337,2010,1,Bahrain Grand Prix,15,Jarno,Trulli,205,Lotus,20.0,20.0,32.5,8.0,0.0,0.0,13.0,0.0,0
337,2010,1,Bahrain Grand Prix,37,Pedro,de la Rosa,15,Sauber,14.0,14.0,19.0,11.0,0.0,20.0,8.0,0.0,0
337,2010,1,Bahrain Grand Prix,811,Bruno,Senna,164,HRT,23.0,23.0,0.0,28.0,0.0,0.0,13.0,0.0,0
337,2010,1,Bahrain Grand Prix,10,Timo,Glock,166,Virgin,19.0,19.0,24.0,10.0,0.0,0.0,13.0,0.0,0
337,2010,1,Bahrain Grand Prix,808,Vitaly,Petrov,4,Renault,17.0,17.0,0.0,28.0,0.0,26.0,8.0,0.0,0
337,2010,1,Bahrain Grand Prix,155,Kamui,Kobayashi,15,Sauber,16.0,16.0,3.0,18.0,0.0,20.0,8.0,0.0,0
337,2010,1,Bahrain Grand Prix,810,Lucas,di Grassi,166,Virgin,22.0,22.0,0.0,28.0,0.0,0.0,13.0,0.0,0
337,2010,1,Bahrain Grand Prix,812,Karun,Chandhok,164,HRT,24.0,24.0,0.0,28.0,0.0,0.0,13.0,0.0,0
338,2010,2,Australian Grand Prix,18,Jenson,Button,1,McLaren,4.0,4.0,6.0,7.0,0.0,21.0,2.0,0.0,1
338,2010,2,Australian Grand Prix,9,Robert,Kubica,4,Renault,9.0,9.0,0.0,11.0,0.0,0.0,7.0,0.0,1
338,2010,2,Australian Grand Prix,13,Felipe,Massa,6,Ferrari,5.0,5.0,18.0,2.0,0.0,43.0,1.0,1.0,1
338,2010,2,Australian Grand Prix,4,Fernando,Alonso,6,Ferrari,3.0,3.0,25.0,1.0,1.0,43.0,1.0,1.0,0
338,2010,2,Australian Grand Prix,3,Nico,Rosberg,131,Mercedes,6.0,6.0,10.0,5.0,0.0,18.0,3.0,0.0,0
338,2010,2,Australian Grand Prix,1,Lewis,Hamilton,1,McLaren,11.0,11.0,15.0,3.0,0.0,21.0,2.0,0.0,0
338,2010,2,Australian Grand Prix,24,Vitantonio,Liuzzi,10,Force India,13.0,13.0,2.0,9.0,0.0,2.0,5.0,0.0,0
338,2010,2,Australian Grand Prix,22,Rubens,Barrichello,3,Williams,8.0,8.0,1.0,10.0,0.0,1.0,6.0,0.0,0
338,2010,2,Australian Grand Prix,17,Mark,Webber,9,Red Bull,2.0,2.0,4.0,8.0,0.0,16.0,4.0,0.0,0
338,2010,2,Australian Grand Prix,30,Michael,Schumacher,131,Mercedes,7.0,7.0,8.0,6.0,0.0,18.0,3.0,0.0,0
338,2010,2,Australian Grand Prix,153,Jaime,Alguersuari,5,Toro Rosso,17.0,17.0,0.0,13.0,0.0,0.0,8.0,0.0,0
338,2010,2,Australian Grand Prix,37,Pedro,de la Rosa,15,Sauber,14.0,14.0,0.0,18.0,0.0,0.0,10.0,0.0,0
338,2010,2,Australian Grand Prix,5,Heikki,Kovalainen,205,Lotus,19.0,19.0,0.0,15.0,0.0,0.0,9.0,0.0,0
338,2010,2,Australian Grand Prix,812,Karun,Chandhok,164,HRT,22.0,24.0,0.0,24.0,0.0,0.0,11.0,0.0,0
338,2010,2,Australian Grand Prix,10,Timo,Glock,166,Virgin,23.0,21.0,0.0,20.0,0.0,0.0,12.0,0.0,0
338,2010,2,Australian Grand Prix,810,Lucas,di Grassi,166,Virgin,24.0,22.0,0.0,23.0,0.0,0.0,12.0,0.0,0
338,2010,2,Australian Grand Prix,20,Sebastian,Vettel,9,Red Bull,1.0,1.0,12.0,4.0,0.0,16.0,4.0,0.0,0
338,2010,2,Australian Grand Prix,16,Adrian,Sutil,10,Force India,10.0,10.0,0.0,12.0,0.0,2.0,5.0,0.0,0
338,2010,2,Australian Grand Prix,808,Vitaly,Petrov,4,Renault,18.0,18.0,0.0,21.0,0.0,0.0,7.0,0.0,0
338,2010,2,Australian Grand Prix,811,Bruno,Senna,164,HRT,21.0,23.0,0.0,19.0,0.0,0.0,11.0,0.0,0
338,2010,2,Australian Grand Prix,67,Sébastien,Buemi,5,Toro Rosso,12.0,12.0,0.0,16.0,0.0,0.0,8.0,0.0,0
338,2010,2,Australian Grand Prix,807,Nico,Hülkenberg,3,Williams,15.0,15.0,0.0,14.0,0.0,1.0,6.0,0.0,0
338,2010,2,Australian Grand Prix,155,Kamui,Kobayashi,15,Sauber,16.0,16.0,0.0,22.0,0.0,0.0,10.0,0.0,0
338,2010,2,Australian Grand Prix,15,Jarno,Trulli,205,Lotus,20.0,20.0,0.0,17.0,0.0,0.0,9.0,0.0,0
339,2010,3,Malaysian Grand Prix,20,Sebastian,Vettel,9,Red Bull,3.0,3.0,12.0,7.0,0.0,18.0,5.0,0.0,1
339,2010,3,Malaysian Grand Prix,17,Mark,Webber,9,Red Bull,1.0,1.0,6.0,10.0,0.0,18.0,5.0,0.0,1
339,2010,3,Malaysian Grand Prix,3,Nico,Rosberg,131,Mercedes,2.0,2.0,20.0,5.0,0.0,29.0,3.0,0.0,1
339,2010,3,Malaysian Grand Prix,9,Robert,Kubica,4,Renault,6.0,6.0,18.0,6.0,0.0,18.0,4.0,0.0,0
339,2010,3,Malaysian Grand Prix,16,Adrian,Sutil,10,Force India,4.0,4.0,0.0,13.0,0.0,8.0,6.0,0.0,0
339,2010,3,Malaysian Grand Prix,1,Lewis,Hamilton,1,McLaren,20.0,20.0,23.0,4.0,0.0,54.0,2.0,1.0,0
339,2010,3,Malaysian Grand Prix,13,Felipe,Massa,6,Ferrari,21.0,21.0,33.0,2.0,0.0,70.0,1.0,1.0,0
339,2010,3,Malaysian Grand Prix,18,Jenson,Button,1,McLaren,17.0,17.0,31.0,3.0,1.0,54.0,2.0,1.0,0
339,2010,3,Malaysian Grand Prix,153,Jaime,Alguersuari,5,Toro Rosso,14.0,14.0,0.0,12.0,0.0,0.0,8.0,0.0,0
339,2010,3,Malaysian Grand Prix,807,Nico,Hülkenberg,3,Williams,5.0,5.0,0.0,17.0,0.0,5.0,7.0,0.0,0
339,2010,3,Malaysian Grand Prix,67,Sébastien,Buemi,5,Toro Rosso,13.0,13.0,0.0,18.0,0.0,0.0,8.0,0.0,0
339,2010,3,Malaysian Grand Prix,22,Rubens,Barrichello,3,Williams,7.0,7.0,5.0,11.0,0.0,5.0,7.0,0.0,0
339,2010,3,Malaysian Grand Prix,4,Fernando,Alonso,6,Ferrari,19.0,19.0,37.0,1.0,1.0,70.0,1.0,1.0,0
339,2010,3,Malaysian Grand Prix,810,Lucas,di Grassi,166,Virgin,24.0,24.0,0.0,24.0,0.0,0.0,12.0,0.0,0
339,2010,3,Malaysian Grand Prix,812,Karun,Chandhok,164,HRT,22.0,22.0,0.0,16.0,0.0,0.0,11.0,0.0,0
339,2010,3,Malaysian Grand Prix,811,Bruno,Senna,164,HRT,23.0,23.0,0.0,20.0,0.0,0.0,11.0,0.0,0
339,2010,3,Malaysian Grand Prix,15,Jarno,Trulli,205,Lotus,18.0,18.0,0.0,19.0,0.0,0.0,10.0,0.0,0
339,2010,3,Malaysian Grand Prix,5,Heikki,Kovalainen,205,Lotus,15.0,15.0,0.0,15.0,0.0,0.0,10.0,0.0,0
339,2010,3,Malaysian Grand Prix,808,Vitaly,Petrov,4,Renault,11.0,11.0,0.0,22.0,0.0,18.0,4.0,0.0,0
339,2010,3,Malaysian Grand Prix,24,Vitantonio,Liuzzi,10,Force India,10.0,10.0,8.0,9.0,0.0,8.0,6.0,0.0,0
339,2010,3,Malaysian Grand Prix,30,Michael,Schumacher,131,Mercedes,8.0,8.0,9.0,8.0,0.0,29.0,3.0,0.0,0
339,2010,3,Malaysian Grand Prix,155,Kamui,Kobayashi,15,Sauber,9.0,9.0,0.0,23.0,0.0,0.0,9.0,0.0,0
339,2010,3,Malaysian Grand Prix,10,Timo,Glock,166,Virgin,16.0,16.0,0.0,21.0,0.0,0.0,12.0,0.0,0
339,2010,3,Malaysian Grand Prix,37,Pedro,de la Rosa,15,Sauber,12.0,12.0,0.0,14.0,0.0,0.0,9.0,0.0,0
340,2010,4,Chinese Grand Prix,18,Jenson,Button,1,McLaren,5.0,5.0,35.0,4.0,1.0,66.0,2.0,1.0,1
340,2010,4,Chinese Grand Prix,1,Lewis,Hamilton,1,McLaren,6.0,6.0,31.0,6.0,0.0,66.0,2.0,1.0,1
340,2010,4,Chinese Grand Prix,3,Nico,Rosberg,131,Mercedes,4.0,4.0,35.0,5.0,0.0,44.0,4.0,0.0,1
340,2010,4,Chinese Grand Prix,4,Fernando,Alonso,6,Ferrari,3.0,3.0,37.0,2.0,1.0,76.0,1.0,1.0,0
340,2010,4,Chinese Grand Prix,9,Robert,Kubica,4,Renault,8.0,8.0,30.0,7.0,0.0,30.0,5.0,0.0,0
340,2010,4,Chinese Grand Prix,20,Sebastian,Vettel,9,Red Bull,1.0,1.0,37.0,3.0,1.0,61.0,3.0,1.0,0
340,2010,4,Chinese Grand Prix,808,Vitaly,Petrov,4,Renault,14.0,14.0,0.0,23.0,0.0,30.0,5.0,0.0,0
340,2010,4,Chinese Grand Prix,17,Mark,Webber,9,Red Bull,2.0,2.0,24.0,8.0,0.0,61.0,3.0,1.0,0
340,2010,4,Chinese Grand Prix,13,Felipe,Massa,6,Ferrari,7.0,7.0,39.0,1.0,0.0,76.0,1.0,1.0,0
340,2010,4,Chinese Grand Prix,30,Michael,Schumacher,131,Mercedes,9.0,9.0,9.0,10.0,0.0,44.0,4.0,0.0,0
340,2010,4,Chinese Grand Prix,16,Adrian,Sutil,10,Force India,10.0,10.0,10.0,9.0,0.0,18.0,6.0,0.0,0
340,2010,4,Chinese Grand Prix,22,Rubens,Barrichello,3,Williams,11.0,11.0,5.0,12.0,0.0,6.0,7.0,0.0,0
340,2010,4,Chinese Grand Prix,153,Jaime,Alguersuari,5,Toro Rosso,12.0,12.0,2.0,13.0,0.0,2.0,8.0,0.0,0
340,2010,4,Chinese Grand Prix,5,Heikki,Kovalainen,205,Lotus,21.0,21.0,0.0,17.0,0.0,0.0,10.0,0.0,0
340,2010,4,Chinese Grand Prix,807,Nico,Hülkenberg,3,Williams,16.0,16.0,1.0,14.0,0.0,6.0,7.0,0.0,0
340,2010,4,Chinese Grand Prix,811,Bruno,Senna,164,HRT,23.0,23.0,0.0,20.0,0.0,0.0,11.0,0.0,0
340,2010,4,Chinese Grand Prix,812,Karun,Chandhok,164,HRT,24.0,24.0,0.0,18.0,0.0,0.0,11.0,0.0,0
340,2010,4,Chinese Grand Prix,15,Jarno,Trulli,205,Lotus,20.0,20.0,0.0,21.0,0.0,0.0,10.0,0.0,0
340,2010,4,Chinese Grand Prix,810,Lucas,di Grassi,166,Virgin,22.0,22.0,0.0,19.0,0.0,0.0,12.0,0.0,0
340,2010,4,Chinese Grand Prix,37,Pedro,de la Rosa,15,Sauber,17.0,17.0,0.0,16.0,0.0,0.0,9.0,0.0,0
340,2010,4,Chinese Grand Prix,67,Sébastien,Buemi,5,Toro Rosso,13.0,13.0,0.0,15.0,0.0,2.0,8.0,0.0,0
340,2010,4,Chinese Grand Prix,155,Kamui,Kobayashi,15,Sauber,15.0,15.0,0.0,24.0,0.0,0.0,9.0,0.0,0
340,2010,4,Chinese Grand Prix,24,Vitantonio,Liuzzi,10,Force India,18.0,18.0,8.0,11.0,0.0,18.0,6.0,0.0,0
340,2010,4,Chinese Grand Prix,10,Timo,Glock,166,Virgin,19.0,19.0,0.0,22.0,0.0,0.0,12.0,0.0,0
341,2010,5,Spanish Grand Prix,17,Mark,Webber,9,Red Bull,1.0,1.0,28.0,8.0,0.0,73.0,3.0,1.0,1
341,2010,5,Spanish Grand Prix,4,Fernando,Alonso,6,Ferrari,4.0,4.0,49.0,3.0,1.0,90.0,2.0,1.0,1
341,2010,5,Spanish Grand Prix,20,Sebastian,Vettel,9,Red Bull,2.0,2.0,45.0,5.0,1.0,73.0,3.0,1.0,1
341,2010,5,Spanish Grand Prix,30,Michael,Schumacher,131,Mercedes,6.0,6.0,10.0,10.0,0.0,60.0,4.0,0.0,0
341,2010,5,Spanish Grand Prix,18,Jenson,Button,1,McLaren,5.0,5.0,60.0,1.0,2.0,109.0,1.0,2.0,0
341,2010,5,Spanish Grand Prix,13,Felipe,Massa,6,Ferrari,9.0,9.0,41.0,6.0,0.0,90.0,2.0,1.0,0
341,2010,5,Spanish Grand Prix,16,Adrian,Sutil,10,Force India,11.0,11.0,10.0,9.0,0.0,18.0,6.0,0.0,0
341,2010,5,Spanish Grand Prix,9,Robert,Kubica,4,Renault,7.0,7.0,40.0,7.0,0.0,46.0,5.0,0.0,0
341,2010,5,Spanish Grand Prix,22,Rubens,Barrichello,3,Williams,17.0,18.0,5.0,13.0,0.0,6.0,7.0,0.0,0
341,2010,5,Spanish Grand Prix,153,Jaime,Alguersuari,5,Toro Rosso,15.0,16.0,2.0,14.0,0.0,2.0,8.0,0.0,0
341,2010,5,Spanish Grand Prix,808,Vitaly,Petrov,4,Renault,19.0,14.0,6.0,12.0,0.0,46.0,5.0,0.0,0
341,2010,5,Spanish Grand Prix,155,Kamui,Kobayashi,15,Sauber,10.0,10.0,0.0,24.0,0.0,0.0,9.0,0.0,0
341,2010,5,Spanish Grand Prix,3,Nico,Rosberg,131,Mercedes,8.0,8.0,50.0,2.0,0.0,60.0,4.0,0.0,0
341,2010,5,Spanish Grand Prix,1,Lewis,Hamilton,1,McLaren,3.0,3.0,49.0,4.0,0.0,109.0,1.0,2.0,0
341,2010,5,Spanish Grand Prix,24,Vitantonio,Liuzzi,10,Force India,16.0,17.0,8.0,11.0,0.0,18.0,6.0,0.0,0
341,2010,5,Spanish Grand Prix,807,Nico,Hülkenberg,3,Williams,13.0,13.0,1.0,15.0,0.0,6.0,7.0,0.0,0
341,2010,5,Spanish Grand Prix,15,Jarno,Trulli,205,Lotus,18.0,19.0,0.0,22.0,0.0,0.0,10.0,0.0,0
341,2010,5,Spanish Grand Prix,10,Timo,Glock,166,Virgin,22.0,21.0,0.0,23.0,0.0,0.0,12.0,0.0,0
341,2010,5,Spanish Grand Prix,810,Lucas,di Grassi,166,Virgin,23.0,22.0,0.0,20.0,0.0,0.0,12.0,0.0,0
341,2010,5,Spanish Grand Prix,67,Sébastien,Buemi,5,Toro Rosso,14.0,15.0,0.0,16.0,0.0,2.0,8.0,0.0,0
341,2010,5,Spanish Grand Prix,812,Karun,Chandhok,164,HRT,24.0,23.0,0.0,19.0,0.0,0.0,11.0,0.0,0
341,2010,5,Spanish Grand Prix,37,Pedro,de la Rosa,15,Sauber,12.0,12.0,0.0,17.0,0.0,0.0,9.0,0.0,0
341,2010,5,Spanish Grand Prix,811,Bruno,Senna,164,HRT,21.0,24.0,0.0,21.0,0.0,0.0,11.0,0.0,0
341,2010,5,Spanish Grand Prix,5,Heikki,Kovalainen,205,Lotus,20.0,20.0,0.0,18.0,0.0,0.0,10.0,0.0,0
342,2010,6,Monaco Grand Prix,17,Mark,Webber,9,Red Bull,1.0,1.0,53.0,4.0,1.0,113.0,3.0,2.0,1
342,2010,6,Monaco Grand Prix,20,Sebastian,Vettel,9,Red Bull,3.0,3.0,60.0,3.0,1.0,113.0,3.0,2.0,1
342,2010,6,Monaco Grand Prix,9,Robert,Kubica,4,Renault,2.0,2.0,44.0,8.0,0.0,50.0,5.0,0.0,1
342,2010,6,Monaco Grand Prix,13,Felipe,Massa,6,Ferrari,4.0,4.0,49.0,7.0,0.0,116.0,2.0,1.0,0
342,2010,6,Monaco Grand Prix,1,Lewis,Hamilton,1,McLaren,5.0,5.0,49.0,6.0,0.0,119.0,1.0,2.0,0
342,2010,6,Monaco Grand Prix,4,Fernando,Alonso,6,Ferrari,24.0,24.0,67.0,2.0,1.0,116.0,2.0,1.0,0
342,2010,6,Monaco Grand Prix,3,Nico,Rosberg,131,Mercedes,6.0,6.0,50.0,5.0,0.0,72.0,4.0,0.0,0
342,2010,6,Monaco Grand Prix,16,Adrian,Sutil,10,Force India,12.0,12.0,16.0,10.0,0.0,24.0,6.0,0.0,0
342,2010,6,Monaco Grand Prix,24,Vitantonio,Liuzzi,10,Force India,10.0,10.0,8.0,11.0,0.0,24.0,6.0,0.0,0
342,2010,6,Monaco Grand Prix,67,Sébastien,Buemi,5,Toro Rosso,13.0,13.0,0.0,16.0,0.0,3.0,8.0,0.0,0
342,2010,6,Monaco Grand Prix,153,Jaime,Alguersuari,5,Toro Rosso,17.0,17.0,3.0,14.0,0.0,3.0,8.0,0.0,0
342,2010,6,Monaco Grand Prix,30,Michael,Schumacher,131,Mercedes,7.0,7.0,22.0,9.0,0.0,72.0,4.0,0.0,0
342,2010,6,Monaco Grand Prix,808,Vitaly,Petrov,4,Renault,14.0,14.0,6.0,13.0,0.0,50.0,5.0,0.0,0
342,2010,6,Monaco Grand Prix,812,Karun,Chandhok,164,HRT,23.0,23.0,0.0,20.0,0.0,0.0,11.0,0.0,0
342,2010,6,Monaco Grand Prix,15,Jarno,Trulli,205,Lotus,19.0,19.0,0.0,23.0,0.0,0.0,10.0,0.0,0
342,2010,6,Monaco Grand Prix,5,Heikki,Kovalainen,205,Lotus,18.0,18.0,0.0,19.0,0.0,0.0,10.0,0.0,0
342,2010,6,Monaco Grand Prix,811,Bruno,Senna,164,HRT,22.0,22.0,0.0,22.0,0.0,0.0,11.0,0.0,0
342,2010,6,Monaco Grand Prix,22,Rubens,Barrichello,3,Williams,9.0,9.0,7.0,12.0,0.0,8.0,7.0,0.0,0
342,2010,6,Monaco Grand Prix,155,Kamui,Kobayashi,15,Sauber,16.0,16.0,0.0,18.0,0.0,0.0,9.0,0.0,0
342,2010,6,Monaco Grand Prix,810,Lucas,di Grassi,166,Virgin,21.0,21.0,0.0,21.0,0.0,0.0,12.0,0.0,0
342,2010,6,Monaco Grand Prix,10,Timo,Glock,166,Virgin,20.0,20.0,0.0,24.0,0.0,0.0,12.0,0.0,0
342,2010,6,Monaco Grand Prix,37,Pedro,de la Rosa,15,Sauber,15.0,15.0,0.0,17.0,0.0,0.0,9.0,0.0,0
342,2010,6,Monaco Grand Prix,18,Jenson,Button,1,McLaren,8.0,8.0,70.0,1.0,2.0,119.0,1.0,2.0,0
342,2010,6,Monaco Grand Prix,807,Nico,Hülkenberg,3,Williams,11.0,11.0,1.0,15.0,0.0,8.0,7.0,0.0,0
343,2010,7,Turkish Grand Prix,1,Lewis,Hamilton,1,McLaren,2.0,2.0,59.0,7.0,0.0,129.0,3.0,2.0,1
343,2010,7,Turkish Grand Prix,18,Jenson,Button,1,McLaren,4.0,4.0,70.0,4.0,2.0,129.0,3.0,2.0,1
343,2010,7,Turkish Grand Prix,17,Mark,Webber,9,Red Bull,1.0,1.0,78.0,1.0,2.0,156.0,1.0,3.0,1
343,2010,7,Turkish Grand Prix,30,Michael,Schumacher,131,Mercedes,5.0,5.0,22.0,9.0,0.0,78.0,4.0,0.0,0
343,2010,7,Turkish Grand Prix,3,Nico,Rosberg,131,Mercedes,6.0,6.0,56.0,8.0,0.0,78.0,4.0,0.0,0
343,2010,7,Turkish Grand Prix,9,Robert,Kubica,4,Renault,7.0,7.0,59.0,6.0,0.0,65.0,5.0,0.0,0
343,2010,7,Turkish Grand Prix,13,Felipe,Massa,6,Ferrari,8.0,8.0,61.0,5.0,0.0,136.0,2.0,1.0,0
343,2010,7,Turkish Grand Prix,4,Fernando,Alonso,6,Ferrari,12.0,12.0,75.0,3.0,1.0,136.0,2.0,1.0,0
343,2010,7,Turkish Grand Prix,16,Adrian,Sutil,10,Force India,11.0,11.0,20.0,10.0,0.0,30.0,6.0,0.0,0
343,2010,7,Turkish Grand Prix,155,Kamui,Kobayashi,15,Sauber,10.0,10.0,0.0,18.0,0.0,0.0,9.0,0.0,0
343,2010,7,Turkish Grand Prix,37,Pedro,de la Rosa,15,Sauber,13.0,13.0,0.0,17.0,0.0,0.0,9.0,0.0,0
343,2010,7,Turkish Grand Prix,153,Jaime,Alguersuari,5,Toro Rosso,16.0,16.0,3.0,14.0,0.0,4.0,8.0,0.0,0
343,2010,7,Turkish Grand Prix,24,Vitantonio,Liuzzi,10,Force India,18.0,18.0,10.0,11.0,0.0,30.0,6.0,0.0,0
343,2010,7,Turkish Grand Prix,22,Rubens,Barrichello,3,Williams,15.0,15.0,7.0,12.0,0.0,8.0,7.0,0.0,0
343,2010,7,Turkish Grand Prix,808,Vitaly,Petrov,4,Renault,9.0,9.0,6.0,13.0,0.0,65.0,5.0,0.0,0
343,2010,7,Turkish Grand Prix,67,Sébastien,Buemi,5,Toro Rosso,14.0,14.0,1.0,15.0,0.0,4.0,8.0,0.0,0
343,2010,7,Turkish Grand Prix,807,Nico,Hülkenberg,3,Williams,17.0,17.0,1.0,16.0,0.0,8.0,7.0,0.0,0
343,2010,7,Turkish Grand Prix,10,Timo,Glock,166,Virgin,21.0,21.0,0.0,24.0,0.0,0.0,12.0,0.0,0
343,2010,7,Turkish Grand Prix,810,Lucas,di Grassi,166,Virgin,23.0,23.0,0.0,21.0,0.0,0.0,12.0,0.0,0
343,2010,7,Turkish Grand Prix,812,Karun,Chandhok,164,HRT,24.0,24.0,0.0,20.0,0.0,0.0,11.0,0.0,0
343,2010,7,Turkish Grand Prix,811,Bruno,Senna,164,HRT,22.0,22.0,0.0,23.0,0.0,0.0,11.0,0.0,0
343,2010,7,Turkish Grand Prix,20,Sebastian,Vettel,9,Red Bull,3.0,3.0,78.0,2.0,1.0,156.0,1.0,3.0,0
343,2010,7,Turkish Grand Prix,5,Heikki,Kovalainen,205,Lotus,20.0,20.0,0.0,19.0,0.0,0.0,10.0,0.0,0
343,2010,7,Turkish Grand Prix,15,Jarno,Trulli,205,Lotus,19.0,19.0,0.0,22.0,0.0,0.0,10.0,0.0,0
344,2010,8,Canadian Grand Prix,1,Lewis,Hamilton,1,McLaren,1.0,1.0,84.0,3.0,1.0,172.0,1.0,3.0,1
344,2010,8,Canadian Grand Prix,18,Jenson,Button,1,McLaren,4.0,5.0,88.0,2.0,2.0,172.0,1.0,3.0,1
344,2010,8,Canadian Grand Prix,4,Fernando,Alonso,6,Ferrari,3.0,4.0,79.0,4.0,1.0,146.0,3.0,1.0,1
344,2010,8,Canadian Grand Prix,20,Sebastian,Vettel,9,Red Bull,2.0,3.0,78.0,5.0,1.0,171.0,2.0,3.0,0
344,2010,8,Canadian Grand Prix,17,Mark,Webber,9,Red Bull,7.0,2.0,93.0,1.0,2.0,171.0,2.0,3.0,0
344,2010,8,Canadian Grand Prix,3,Nico,Rosberg,131,Mercedes,10.0,10.0,66.0,8.0,0.0,100.0,4.0,0.0,0
344,2010,8,Canadian Grand Prix,9,Robert,Kubica,4,Renault,8.0,8.0,67.0,6.0,0.0,73.0,5.0,0.0,0
344,2010,8,Canadian Grand Prix,67,Sébastien,Buemi,5,Toro Rosso,15.0,15.0,1.0,15.0,0.0,4.0,8.0,0.0,0
344,2010,8,Canadian Grand Prix,24,Vitantonio,Liuzzi,10,Force India,5.0,6.0,10.0,11.0,0.0,32.0,6.0,0.0,0
344,2010,8,Canadian Grand Prix,16,Adrian,Sutil,10,Force India,9.0,9.0,22.0,10.0,0.0,32.0,6.0,0.0,0
344,2010,8,Canadian Grand Prix,30,Michael,Schumacher,131,Mercedes,13.0,13.0,34.0,9.0,0.0,100.0,4.0,0.0,0
344,2010,8,Canadian Grand Prix,153,Jaime,Alguersuari,5,Toro Rosso,16.0,16.0,3.0,14.0,0.0,4.0,8.0,0.0,0
344,2010,8,Canadian Grand Prix,807,Nico,Hülkenberg,3,Williams,12.0,12.0,1.0,17.0,0.0,8.0,7.0,0.0,0
344,2010,8,Canadian Grand Prix,22,Rubens,Barrichello,3,Williams,11.0,11.0,7.0,12.0,0.0,8.0,7.0,0.0,0
344,2010,8,Canadian Grand Prix,13,Felipe,Massa,6,Ferrari,6.0,7.0,67.0,7.0,0.0,146.0,3.0,1.0,0
344,2010,8,Canadian Grand Prix,5,Heikki,Kovalainen,205,Lotus,19.0,19.0,0.0,19.0,0.0,0.0,10.0,0.0,0
344,2010,8,Canadian Grand Prix,808,Vitaly,Petrov,4,Renault,14.0,14.0,6.0,13.0,0.0,73.0,5.0,0.0,0
344,2010,8,Canadian Grand Prix,812,Karun,Chandhok,164,HRT,24.0,24.0,0.0,20.0,0.0,0.0,11.0,0.0,0
344,2010,8,Canadian Grand Prix,810,Lucas,di Grassi,166,Virgin,23.0,23.0,0.0,21.0,0.0,0.0,12.0,0.0,0
344,2010,8,Canadian Grand Prix,10,Timo,Glock,166,Virgin,21.0,21.0,0.0,24.0,0.0,0.0,12.0,0.0,0
344,2010,8,Canadian Grand Prix,15,Jarno,Trulli,205,Lotus,20.0,20.0,0.0,22.0,0.0,0.0,10.0,0.0,0
344,2010,8,Canadian Grand Prix,37,Pedro,de la Rosa,15,Sauber,17.0,17.0,0.0,18.0,0.0,1.0,9.0,0.0,0
344,2010,8,Canadian Grand Prix,811,Bruno,Senna,164,HRT,22.0,22.0,0.0,23.0,0.0,0.0,11.0,0.0,0
344,2010,8,Canadian Grand Prix,155,Kamui,Kobayashi,15,Sauber,18.0,18.0,1.0,16.0,0.0,1.0,9.0,0.0,0
345,2010,9,European Grand Prix,20,Sebastian,Vettel,9,Red Bull,1.0,1.0,90.0,5.0,1.0,193.0,2.0,3.0,1
345,2010,9,European Grand Prix,1,Lewis,Hamilton,1,McLaren,3.0,3.0,109.0,1.0,2.0,215.0,1.0,4.0,1
345,2010,9,European Grand Prix,18,Jenson,Button,1,McLaren,7.0,7.0,106.0,2.0,2.0,215.0,1.0,4.0,1
345,2010,9,European Grand Prix,22,Rubens,Barrichello,3,Williams,9.0,9.0,7.0,12.0,0.0,8.0,8.0,0.0,0
345,2010,9,European Grand Prix,9,Robert,Kubica,4,Renault,6.0,6.0,73.0,7.0,0.0,79.0,5.0,0.0,0
345,2010,9,European Grand Prix,16,Adrian,Sutil,10,Force India,13.0,13.0,23.0,10.0,0.0,35.0,6.0,0.0,0
345,2010,9,European Grand Prix,155,Kamui,Kobayashi,15,Sauber,18.0,18.0,1.0,16.0,0.0,1.0,9.0,0.0,0
345,2010,9,European Grand Prix,4,Fernando,Alonso,6,Ferrari,4.0,4.0,94.0,4.0,1.0,161.0,3.0,1.0,0
345,2010,9,European Grand Prix,67,Sébastien,Buemi,5,Toro Rosso,11.0,11.0,5.0,14.0,0.0,8.0,7.0,0.0,0
345,2010,9,European Grand Prix,3,Nico,Rosberg,131,Mercedes,12.0,12.0,74.0,6.0,0.0,108.0,4.0,0.0,0
345,2010,9,European Grand Prix,13,Felipe,Massa,6,Ferrari,5.0,5.0,67.0,8.0,0.0,161.0,3.0,1.0,0
345,2010,9,European Grand Prix,37,Pedro,de la Rosa,15,Sauber,16.0,16.0,0.0,18.0,0.0,1.0,9.0,0.0,0
345,2010,9,European Grand Prix,153,Jaime,Alguersuari,5,Toro Rosso,17.0,17.0,3.0,15.0,0.0,8.0,7.0,0.0,0
345,2010,9,European Grand Prix,808,Vitaly,Petrov,4,Renault,10.0,10.0,6.0,13.0,0.0,79.0,5.0,0.0,0
345,2010,9,European Grand Prix,30,Michael,Schumacher,131,Mercedes,15.0,15.0,34.0,9.0,0.0,108.0,4.0,0.0,0
345,2010,9,European Grand Prix,24,Vitantonio,Liuzzi,10,Force India,14.0,14.0,12.0,11.0,0.0,35.0,6.0,0.0,0
345,2010,9,European Grand Prix,810,Lucas,di Grassi,166,Virgin,21.0,21.0,0.0,21.0,0.0,0.0,12.0,0.0,0
345,2010,9,European Grand Prix,812,Karun,Chandhok,164,HRT,23.0,23.0,0.0,20.0,0.0,0.0,11.0,0.0,0
345,2010,9,European Grand Prix,10,Timo,Glock,166,Virgin,22.0,22.0,0.0,24.0,0.0,0.0,12.0,0.0,0
345,2010,9,European Grand Prix,811,Bruno,Senna,164,HRT,24.0,24.0,0.0,23.0,0.0,0.0,11.0,0.0,0
345,2010,9,European Grand Prix,15,Jarno,Trulli,205,Lotus,19.0,19.0,0.0,22.0,0.0,0.0,10.0,0.0,0
345,2010,9,European Grand Prix,807,Nico,Hülkenberg,3,Williams,8.0,8.0,1.0,17.0,0.0,8.0,8.0,0.0,0
345,2010,9,European Grand Prix,5,Heikki,Kovalainen,205,Lotus,20.0,20.0,0.0,19.0,0.0,0.0,10.0,0.0,0
345,2010,9,European Grand Prix,17,Mark,Webber,9,Red Bull,2.0,2.0,103.0,3.0,2.0,193.0,2.0,3.0,0
346,2010,10,British Grand Prix,17,Mark,Webber,9,Red Bull,2.0,2.0,103.0,4.0,2.0,218.0,2.0,4.0,1
346,2010,10,British Grand Prix,1,Lewis,Hamilton,1,McLaren,4.0,4.0,127.0,1.0,2.0,248.0,1.0,4.0,1
346,2010,10,British Grand Prix,3,Nico,Rosberg,131,Mercedes,5.0,5.0,75.0,7.0,0.0,109.0,4.0,0.0,1
346,2010,10,British Grand Prix,18,Jenson,Button,1,McLaren,14.0,14.0,121.0,2.0,2.0,248.0,1.0,4.0,0
346,2010,10,British Grand Prix,22,Rubens,Barrichello,3,Williams,8.0,8.0,19.0,11.0,0.0,20.0,7.0,0.0,0
346,2010,10,British Grand Prix,155,Kamui,Kobayashi,15,Sauber,12.0,12.0,7.0,13.0,0.0,7.0,9.0,0.0,0
346,2010,10,British Grand Prix,20,Sebastian,Vettel,9,Red Bull,1.0,1.0,115.0,3.0,2.0,218.0,2.0,4.0,0
346,2010,10,British Grand Prix,16,Adrian,Sutil,10,Force India,11.0,11.0,31.0,10.0,0.0,43.0,6.0,0.0,0
346,2010,10,British Grand Prix,30,Michael,Schumacher,131,Mercedes,10.0,10.0,34.0,9.0,0.0,109.0,4.0,0.0,0
346,2010,10,British Grand Prix,807,Nico,Hülkenberg,3,Williams,13.0,13.0,1.0,17.0,0.0,20.0,7.0,0.0,0
346,2010,10,British Grand Prix,24,Vitantonio,Liuzzi,10,Force India,20.0,15.0,12.0,12.0,0.0,43.0,6.0,0.0,0
346,2010,10,British Grand Prix,67,Sébastien,Buemi,5,Toro Rosso,16.0,17.0,7.0,14.0,0.0,10.0,8.0,0.0,0
346,2010,10,British Grand Prix,808,Vitaly,Petrov,4,Renault,15.0,16.0,6.0,15.0,0.0,89.0,5.0,0.0,0
346,2010,10,British Grand Prix,4,Fernando,Alonso,6,Ferrari,3.0,3.0,98.0,5.0,1.0,165.0,3.0,1.0,0
346,2010,10,British Grand Prix,13,Felipe,Massa,6,Ferrari,7.0,7.0,67.0,8.0,0.0,165.0,3.0,1.0,0
346,2010,10,British Grand Prix,15,Jarno,Trulli,205,Lotus,21.0,21.0,0.0,22.0,0.0,0.0,10.0,0.0,0
346,2010,10,British Grand Prix,5,Heikki,Kovalainen,205,Lotus,18.0,19.0,0.0,19.0,0.0,0.0,10.0,0.0,0
346,2010,10,British Grand Prix,10,Timo,Glock,166,Virgin,19.0,20.0,0.0,24.0,0.0,0.0,12.0,0.0,0
346,2010,10,British Grand Prix,812,Karun,Chandhok,164,HRT,23.0,23.0,0.0,20.0,0.0,0.0,11.0,0.0,0
346,2010,10,British Grand Prix,29,Sakon,Yamamoto,164,HRT,24.0,24.0,0.0,24.0,0.0,0.0,11.0,0.0,0
346,2010,10,British Grand Prix,153,Jaime,Alguersuari,5,Toro Rosso,17.0,18.0,3.0,16.0,0.0,10.0,8.0,0.0,0
346,2010,10,British Grand Prix,37,Pedro,de la Rosa,15,Sauber,9.0,9.0,0.0,18.0,0.0,7.0,9.0,0.0,0
346,2010,10,British Grand Prix,9,Robert,Kubica,4,Renault,6.0,6.0,83.0,6.0,0.0,89.0,5.0,0.0,0
346,2010,10,British Grand Prix,810,Lucas,di Grassi,166,Virgin,22.0,22.0,0.0,21.0,0.0,0.0,12.0,0.0,0
347,2010,11,German Grand Prix,4,Fernando,Alonso,6,Ferrari,2.0,2.0,98.0,5.0,1.0,165.0,3.0,1.0,1
347,2010,11,German Grand Prix,13,Felipe,Massa,6,Ferrari,3.0,3.0,67.0,8.0,0.0,165.0,3.0,1.0,1
347,2010,11,German Grand Prix,20,Sebastian,Vettel,9,Red Bull,1.0,1.0,121.0,4.0,2.0,249.0,2.0,5.0,1
347,2010,11,German Grand Prix,1,Lewis,Hamilton,1,McLaren,6.0,6.0,145.0,1.0,2.0,278.0,1.0,4.0,0
347,2010,11,German Grand Prix,18,Jenson,Button,1,McLaren,5.0,5.0,133.0,2.0,2.0,278.0,1.0,4.0,0
347,2010,11,German Grand Prix,17,Mark,Webber,9,Red Bull,4.0,4.0,128.0,3.0,3.0,249.0,2.0,5.0,0
347,2010,11,German Grand Prix,9,Robert,Kubica,4,Renault,7.0,7.0,83.0,7.0,0.0,89.0,5.0,0.0,0
347,2010,11,German Grand Prix,3,Nico,Rosberg,131,Mercedes,9.0,9.0,90.0,6.0,0.0,126.0,4.0,0.0,0
347,2010,11,German Grand Prix,30,Michael,Schumacher,131,Mercedes,11.0,11.0,36.0,9.0,0.0,126.0,4.0,0.0,0
347,2010,11,German Grand Prix,808,Vitaly,Petrov,4,Renault,13.0,13.0,6.0,15.0,0.0,89.0,5.0,0.0,0
347,2010,11,German Grand Prix,155,Kamui,Kobayashi,15,Sauber,12.0,12.0,15.0,12.0,0.0,15.0,8.0,0.0,0
347,2010,11,German Grand Prix,22,Rubens,Barrichello,3,Williams,8.0,8.0,29.0,11.0,0.0,31.0,7.0,0.0,0
347,2010,11,German Grand Prix,807,Nico,Hülkenberg,3,Williams,10.0,10.0,2.0,17.0,0.0,31.0,7.0,0.0,0
347,2010,11,German Grand Prix,37,Pedro,de la Rosa,15,Sauber,14.0,15.0,0.0,18.0,0.0,15.0,8.0,0.0,0
347,2010,11,German Grand Prix,153,Jaime,Alguersuari,5,Toro Rosso,15.0,16.0,3.0,16.0,0.0,10.0,9.0,0.0,0
347,2010,11,German Grand Prix,24,Vitantonio,Liuzzi,10,Force India,21.0,22.0,12.0,13.0,0.0,47.0,6.0,0.0,0
347,2010,11,German Grand Prix,16,Adrian,Sutil,10,Force India,19.0,14.0,35.0,10.0,0.0,47.0,6.0,0.0,0
347,2010,11,German Grand Prix,10,Timo,Glock,166,Virgin,23.0,20.0,0.0,24.0,0.0,0.0,12.0,0.0,0
347,2010,11,German Grand Prix,811,Bruno,Senna,164,HRT,20.0,21.0,0.0,23.0,0.0,0.0,11.0,0.0,0
347,2010,11,German Grand Prix,5,Heikki,Kovalainen,205,Lotus,18.0,19.0,0.0,19.0,0.0,0.0,10.0,0.0,0
347,2010,11,German Grand Prix,810,Lucas,di Grassi,166,Virgin,24.0,24.0,0.0,21.0,0.0,0.0,12.0,0.0,0
347,2010,11,German Grand Prix,29,Sakon,Yamamoto,164,HRT,22.0,23.0,0.0,25.0,0.0,0.0,11.0,0.0,0
347,2010,11,German Grand Prix,15,Jarno,Trulli,205,Lotus,17.0,18.0,0.0,22.0,0.0,0.0,10.0,0.0,0
347,2010,11,German Grand Prix,67,Sébastien,Buemi,5,Toro Rosso,16.0,17.0,7.0,14.0,0.0,10.0,9.0,0.0,0
348,2010,12,Hungarian Grand Prix,17,Mark,Webber,9,Red Bull,2.0,2.0,136.0,3.0,3.0,272.0,2.0,5.0,1
348,2010,12,Hungarian Grand Prix,4,Fernando,Alonso,6,Ferrari,3.0,3.0,123.0,5.0,2.0,208.0,3.0,2.0,1
348,2010,12,Hungarian Grand Prix,20,Sebastian,Vettel,9,Red Bull,1.0,1.0,136.0,4.0,2.0,272.0,2.0,5.0,1
348,2010,12,Hungarian Grand Prix,13,Felipe,Massa,6,Ferrari,4.0,4.0,85.0,8.0,0.0,208.0,3.0,2.0,0
348,2010,12,Hungarian Grand Prix,808,Vitaly,Petrov,4,Renault,7.0,7.0,7.0,14.0,0.0,96.0,5.0,0.0,0
348,2010,12,Hungarian Grand Prix,807,Nico,Hülkenberg,3,Williams,10.0,10.0,2.0,17.0,0.0,31.0,7.0,0.0,0
348,2010,12,Hungarian Grand Prix,37,Pedro,de la Rosa,15,Sauber,9.0,9.0,0.0,18.0,0.0,15.0,8.0,0.0,0
348,2010,12,Hungarian Grand Prix,18,Jenson,Button,1,McLaren,11.0,11.0,143.0,2.0,2.0,300.0,1.0,4.0,0
348,2010,12,Hungarian Grand Prix,155,Kamui,Kobayashi,15,Sauber,23.0,18.0,15.0,12.0,0.0,15.0,8.0,0.0,0
348,2010,12,Hungarian Grand Prix,22,Rubens,Barrichello,3,Williams,12.0,12.0,29.0,11.0,0.0,31.0,7.0,0.0,0
348,2010,12,Hungarian Grand Prix,30,Michael,Schumacher,131,Mercedes,14.0,14.0,38.0,9.0,0.0,132.0,4.0,0.0,0
348,2010,12,Hungarian Grand Prix,67,Sébastien,Buemi,5,Toro Rosso,15.0,15.0,7.0,15.0,0.0,10.0,9.0,0.0,0
348,2010,12,Hungarian Grand Prix,24,Vitantonio,Liuzzi,10,Force India,16.0,16.0,12.0,13.0,0.0,47.0,6.0,0.0,0
348,2010,12,Hungarian Grand Prix,5,Heikki,Kovalainen,205,Lotus,19.0,20.0,0.0,19.0,0.0,0.0,10.0,0.0,0
348,2010,12,Hungarian Grand Prix,15,Jarno,Trulli,205,Lotus,20.0,21.0,0.0,22.0,0.0,0.0,10.0,0.0,0
348,2010,12,Hungarian Grand Prix,10,Timo,Glock,166,Virgin,18.0,19.0,0.0,24.0,0.0,0.0,12.0,0.0,0
348,2010,12,Hungarian Grand Prix,811,Bruno,Senna,164,HRT,22.0,23.0,0.0,23.0,0.0,0.0,11.0,0.0,0
348,2010,12,Hungarian Grand Prix,810,Lucas,di Grassi,166,Virgin,21.0,22.0,0.0,21.0,0.0,0.0,12.0,0.0,0
348,2010,12,Hungarian Grand Prix,29,Sakon,Yamamoto,164,HRT,24.0,24.0,0.0,25.0,0.0,0.0,11.0,0.0,0
348,2010,12,Hungarian Grand Prix,1,Lewis,Hamilton,1,McLaren,5.0,5.0,157.0,1.0,2.0,300.0,1.0,4.0,0
348,2010,12,Hungarian Grand Prix,9,Robert,Kubica,4,Renault,8.0,8.0,89.0,7.0,0.0,96.0,5.0,0.0,0
348,2010,12,Hungarian Grand Prix,3,Nico,Rosberg,131,Mercedes,6.0,6.0,94.0,6.0,0.0,132.0,4.0,0.0,0
348,2010,12,Hungarian Grand Prix,16,Adrian,Sutil,10,Force India,13.0,13.0,35.0,10.0,0.0,47.0,6.0,0.0,0
348,2010,12,Hungarian Grand Prix,153,Jaime,Alguersuari,5,Toro Rosso,17.0,17.0,3.0,16.0,0.0,10.0,9.0,0.0,0
349,2010,13,Belgian Grand Prix,1,Lewis,Hamilton,1,McLaren,2.0,2.0,157.0,2.0,2.0,304.0,2.0,4.0,1
349,2010,13,Belgian Grand Prix,17,Mark,Webber,9,Red Bull,1.0,1.0,161.0,1.0,4.0,312.0,1.0,6.0,1
349,2010,13,Belgian Grand Prix,9,Robert,Kubica,4,Renault,3.0,3.0,89.0,8.0,0.0,106.0,5.0,0.0,1
349,2010,13,Belgian Grand Prix,13,Felipe,Massa,6,Ferrari,6.0,6.0,97.0,6.0,0.0,238.0,3.0,2.0,0
349,2010,13,Belgian Grand Prix,16,Adrian,Sutil,10,Force India,8.0,8.0,35.0,10.0,0.0,47.0,6.0,0.0,0
349,2010,13,Belgian Grand Prix,3,Nico,Rosberg,131,Mercedes,14.0,12.0,94.0,7.0,0.0,132.0,4.0,0.0,0
349,2010,13,Belgian Grand Prix,30,Michael,Schumacher,131,Mercedes,21.0,11.0,38.0,9.0,0.0,132.0,4.0,0.0,0
349,2010,13,Belgian Grand Prix,155,Kamui,Kobayashi,15,Sauber,17.0,19.0,17.0,13.0,0.0,23.0,8.0,0.0,0
349,2010,13,Belgian Grand Prix,808,Vitaly,Petrov,4,Renault,23.0,24.0,17.0,12.0,0.0,106.0,5.0,0.0,0
349,2010,13,Belgian Grand Prix,24,Vitantonio,Liuzzi,10,Force India,12.0,14.0,12.0,14.0,0.0,47.0,6.0,0.0,0
349,2010,13,Belgian Grand Prix,37,Pedro,de la Rosa,15,Sauber,24.0,22.0,6.0,17.0,0.0,23.0,8.0,0.0,0
349,2010,13,Belgian Grand Prix,67,Sébastien,Buemi,5,Toro Rosso,16.0,15.0,7.0,16.0,0.0,10.0,9.0,0.0,0
349,2010,13,Belgian Grand Prix,153,Jaime,Alguersuari,5,Toro Rosso,11.0,13.0,3.0,18.0,0.0,10.0,9.0,0.0,0
349,2010,13,Belgian Grand Prix,807,Nico,Hülkenberg,3,Williams,9.0,9.0,10.0,15.0,0.0,40.0,7.0,0.0,0
349,2010,13,Belgian Grand Prix,20,Sebastian,Vettel,9,Red Bull,4.0,4.0,151.0,3.0,2.0,312.0,1.0,6.0,0
349,2010,13,Belgian Grand Prix,5,Heikki,Kovalainen,205,Lotus,13.0,16.0,0.0,19.0,0.0,0.0,10.0,0.0,0
349,2010,13,Belgian Grand Prix,810,Lucas,di Grassi,166,Virgin,22.0,23.0,0.0,21.0,0.0,0.0,12.0,0.0,0
349,2010,13,Belgian Grand Prix,10,Timo,Glock,166,Virgin,20.0,17.0,0.0,24.0,0.0,0.0,12.0,0.0,0
349,2010,13,Belgian Grand Prix,15,Jarno,Trulli,205,Lotus,15.0,18.0,0.0,22.0,0.0,0.0,10.0,0.0,0
349,2010,13,Belgian Grand Prix,29,Sakon,Yamamoto,164,HRT,19.0,21.0,0.0,25.0,0.0,0.0,11.0,0.0,0
349,2010,13,Belgian Grand Prix,4,Fernando,Alonso,6,Ferrari,10.0,10.0,141.0,5.0,2.0,238.0,3.0,2.0,0
349,2010,13,Belgian Grand Prix,18,Jenson,Button,1,McLaren,5.0,5.0,147.0,4.0,2.0,304.0,2.0,4.0,0
349,2010,13,Belgian Grand Prix,811,Bruno,Senna,164,HRT,18.0,20.0,0.0,23.0,0.0,0.0,11.0,0.0,0
349,2010,13,Belgian Grand Prix,22,Rubens,Barrichello,3,Williams,7.0,7.0,30.0,11.0,0.0,40.0,7.0,0.0,0
350,2010,14,Italian Grand Prix,4,Fernando,Alonso,6,Ferrari,1.0,1.0,141.0,5.0,2.0,250.0,3.0,2.0,1
350,2010,14,Italian Grand Prix,18,Jenson,Button,1,McLaren,2.0,2.0,147.0,4.0,2.0,329.0,2.0,5.0,1
350,2010,14,Italian Grand Prix,13,Felipe,Massa,6,Ferrari,3.0,3.0,109.0,6.0,0.0,250.0,3.0,2.0,1
350,2010,14,Italian Grand Prix,20,Sebastian,Vettel,9,Red Bull,6.0,6.0,151.0,3.0,2.0,330.0,1.0,6.0,0
350,2010,14,Italian Grand Prix,3,Nico,Rosberg,131,Mercedes,7.0,7.0,102.0,8.0,0.0,146.0,4.0,0.0,0
350,2010,14,Italian Grand Prix,17,Mark,Webber,9,Red Bull,4.0,4.0,179.0,2.0,4.0,330.0,1.0,6.0,0
350,2010,14,Italian Grand Prix,807,Nico,Hülkenberg,3,Williams,8.0,8.0,10.0,15.0,0.0,40.0,7.0,0.0,0
350,2010,14,Italian Grand Prix,9,Robert,Kubica,4,Renault,9.0,9.0,104.0,7.0,0.0,123.0,5.0,0.0,0
350,2010,14,Italian Grand Prix,30,Michael,Schumacher,131,Mercedes,12.0,12.0,44.0,10.0,0.0,146.0,4.0,0.0,0
350,2010,14,Italian Grand Prix,22,Rubens,Barrichello,3,Williams,10.0,10.0,30.0,11.0,0.0,40.0,7.0,0.0,0
350,2010,14,Italian Grand Prix,67,Sébastien,Buemi,5,Toro Rosso,14.0,14.0,7.0,16.0,0.0,10.0,9.0,0.0,0
350,2010,14,Italian Grand Prix,24,Vitantonio,Liuzzi,10,Force India,19.0,20.0,13.0,14.0,0.0,58.0,6.0,0.0,0
350,2010,14,Italian Grand Prix,808,Vitaly,Petrov,4,Renault,20.0,15.0,19.0,13.0,0.0,123.0,5.0,0.0,0
350,2010,14,Italian Grand Prix,37,Pedro,de la Rosa,15,Sauber,16.0,17.0,6.0,17.0,0.0,27.0,8.0,0.0,0
350,2010,14,Italian Grand Prix,153,Jaime,Alguersuari,5,Toro Rosso,15.0,16.0,3.0,18.0,0.0,10.0,9.0,0.0,0
350,2010,14,Italian Grand Prix,16,Adrian,Sutil,10,Force India,11.0,11.0,45.0,9.0,0.0,58.0,6.0,0.0,0
350,2010,14,Italian Grand Prix,10,Timo,Glock,166,Virgin,24.0,21.0,0.0,24.0,0.0,0.0,12.0,0.0,0
350,2010,14,Italian Grand Prix,5,Heikki,Kovalainen,205,Lotus,18.0,19.0,0.0,19.0,0.0,0.0,10.0,0.0,0
350,2010,14,Italian Grand Prix,29,Sakon,Yamamoto,164,HRT,23.0,24.0,0.0,25.0,0.0,0.0,11.0,0.0,0
350,2010,14,Italian Grand Prix,810,Lucas,di Grassi,166,Virgin,21.0,22.0,0.0,21.0,0.0,0.0,12.0,0.0,0
350,2010,14,Italian Grand Prix,15,Jarno,Trulli,205,Lotus,17.0,18.0,0.0,22.0,0.0,0.0,10.0,0.0,0
350,2010,14,Italian Grand Prix,811,Bruno,Senna,164,HRT,22.0,23.0,0.0,23.0,0.0,0.0,11.0,0.0,0
350,2010,14,Italian Grand Prix,1,Lewis,Hamilton,1,McLaren,5.0,5.0,182.0,1.0,3.0,329.0,2.0,5.0,0
350,2010,14,Italian Grand Prix,155,Kamui,Kobayashi,15,Sauber,13.0,13.0,21.0,12.0,0.0,27.0,8.0,0.0,0
351,2010,15,Singapore Grand Prix,4,Fernando,Alonso,6,Ferrari,1.0,1.0,166.0,3.0,3.0,290.0,3.0,3.0,1
351,2010,15,Singapore Grand Prix,20,Sebastian,Vettel,9,Red Bull,2.0,2.0,163.0,5.0,2.0,350.0,1.0,6.0,1
351,2010,15,Singapore Grand Prix,17,Mark,Webber,9,Red Bull,5.0,5.0,187.0,1.0,4.0,350.0,1.0,6.0,1
351,2010,15,Singapore Grand Prix,18,Jenson,Button,1,McLaren,4.0,4.0,165.0,4.0,2.0,347.0,2.0,5.0,0
351,2010,15,Singapore Grand Prix,3,Nico,Rosberg,131,Mercedes,7.0,7.0,112.0,7.0,0.0,158.0,4.0,0.0,0
351,2010,15,Singapore Grand Prix,22,Rubens,Barrichello,3,Williams,6.0,6.0,31.0,11.0,0.0,47.0,7.0,0.0,0
351,2010,15,Singapore Grand Prix,9,Robert,Kubica,4,Renault,8.0,8.0,108.0,8.0,0.0,127.0,5.0,0.0,0
351,2010,15,Singapore Grand Prix,13,Felipe,Massa,6,Ferrari,24.0,24.0,124.0,6.0,0.0,290.0,3.0,3.0,0
351,2010,15,Singapore Grand Prix,16,Adrian,Sutil,10,Force India,15.0,16.0,45.0,10.0,0.0,58.0,6.0,0.0,0
351,2010,15,Singapore Grand Prix,807,Nico,Hülkenberg,3,Williams,17.0,12.0,16.0,14.0,0.0,47.0,7.0,0.0,0
351,2010,15,Singapore Grand Prix,808,Vitaly,Petrov,4,Renault,12.0,13.0,19.0,13.0,0.0,127.0,5.0,0.0,0
351,2010,15,Singapore Grand Prix,153,Jaime,Alguersuari,5,Toro Rosso,11.0,11.0,3.0,18.0,0.0,10.0,9.0,0.0,0
351,2010,15,Singapore Grand Prix,30,Michael,Schumacher,131,Mercedes,9.0,9.0,46.0,9.0,0.0,158.0,4.0,0.0,0
351,2010,15,Singapore Grand Prix,67,Sébastien,Buemi,5,Toro Rosso,13.0,14.0,7.0,16.0,0.0,10.0,9.0,0.0,0
351,2010,15,Singapore Grand Prix,810,Lucas,di Grassi,166,Virgin,20.0,20.0,0.0,21.0,0.0,0.0,12.0,0.0,0
351,2010,15,Singapore Grand Prix,5,Heikki,Kovalainen,205,Lotus,19.0,19.0,0.0,19.0,0.0,0.0,10.0,0.0,0
351,2010,15,Singapore Grand Prix,10,Timo,Glock,166,Virgin,18.0,18.0,0.0,24.0,0.0,0.0,12.0,0.0,0
351,2010,15,Singapore Grand Prix,2,Nick,Heidfeld,15,Sauber,14.0,15.0,19.0,13.0,0.0,27.0,8.0,0.0,0
351,2010,15,Singapore Grand Prix,1,Lewis,Hamilton,1,McLaren,3.0,3.0,182.0,2.0,3.0,347.0,2.0,5.0,0
351,2010,15,Singapore Grand Prix,32,Christian,Klien,164,HRT,22.0,22.0,2.0,18.0,0.0,0.0,11.0,0.0,0
351,2010,15,Singapore Grand Prix,155,Kamui,Kobayashi,15,Sauber,10.0,10.0,21.0,12.0,0.0,27.0,8.0,0.0,0
351,2010,15,Singapore Grand Prix,811,Bruno,Senna,164,HRT,23.0,23.0,0.0,23.0,0.0,0.0,11.0,0.0,0
351,2010,15,Singapore Grand Prix,15,Jarno,Trulli,205,Lotus,21.0,21.0,0.0,22.0,0.0,0.0,10.0,0.0,0
351,2010,15,Singapore Grand Prix,24,Vitantonio,Liuzzi,10,Force India,16.0,17.0,13.0,15.0,0.0,58.0,6.0,0.0,0
352,2010,16,Japanese Grand Prix,20,Sebastian,Vettel,9,Red Bull,1.0,1.0,181.0,4.0,2.0,383.0,1.0,6.0,1
352,2010,16,Japanese Grand Prix,17,Mark,Webber,9,Red Bull,2.0,2.0,202.0,1.0,4.0,383.0,1.0,6.0,1
352,2010,16,Japanese Grand Prix,4,Fernando,Alonso,6,Ferrari,4.0,5.0,191.0,2.0,4.0,319.0,3.0,4.0,1
352,2010,16,Japanese Grand Prix,18,Jenson,Button,1,McLaren,5.0,6.0,177.0,5.0,2.0,359.0,2.0,5.0,0
352,2010,16,Japanese Grand Prix,1,Lewis,Hamilton,1,McLaren,8.0,3.0,182.0,3.0,3.0,359.0,2.0,5.0,0
352,2010,16,Japanese Grand Prix,30,Michael,Schumacher,131,Mercedes,10.0,10.0,46.0,10.0,0.0,168.0,4.0,0.0,0
352,2010,16,Japanese Grand Prix,155,Kamui,Kobayashi,15,Sauber,14.0,14.0,21.0,12.0,0.0,27.0,8.0,0.0,0
352,2010,16,Japanese Grand Prix,2,Nick,Heidfeld,15,Sauber,11.0,11.0,0.0,26.0,0.0,27.0,8.0,0.0,0
352,2010,16,Japanese Grand Prix,22,Rubens,Barrichello,3,Williams,7.0,8.0,39.0,11.0,0.0,56.0,7.0,0.0,0
352,2010,16,Japanese Grand Prix,67,Sébastien,Buemi,5,Toro Rosso,18.0,18.0,7.0,16.0,0.0,10.0,9.0,0.0,0
352,2010,16,Japanese Grand Prix,153,Jaime,Alguersuari,5,Toro Rosso,16.0,16.0,3.0,18.0,0.0,10.0,9.0,0.0,0
352,2010,16,Japanese Grand Prix,5,Heikki,Kovalainen,205,Lotus,20.0,20.0,0.0,19.0,0.0,0.0,10.0,0.0,0
352,2010,16,Japanese Grand Prix,15,Jarno,Trulli,205,Lotus,19.0,19.0,0.0,22.0,0.0,0.0,10.0,0.0,0
352,2010,16,Japanese Grand Prix,10,Timo,Glock,166,Virgin,22.0,22.0,0.0,24.0,0.0,0.0,12.0,0.0,0
352,2010,16,Japanese Grand Prix,811,Bruno,Senna,164,HRT,23.0,23.0,0.0,23.0,0.0,0.0,11.0,0.0,0
352,2010,16,Japanese Grand Prix,29,Sakon,Yamamoto,164,HRT,24.0,24.0,0.0,25.0,0.0,0.0,11.0,0.0,0
352,2010,16,Japanese Grand Prix,3,Nico,Rosberg,131,Mercedes,6.0,7.0,122.0,7.0,0.0,168.0,4.0,0.0,0
352,2010,16,Japanese Grand Prix,16,Adrian,Sutil,10,Force India,15.0,15.0,47.0,9.0,0.0,60.0,6.0,0.0,0
352,2010,16,Japanese Grand Prix,9,Robert,Kubica,4,Renault,3.0,4.0,114.0,8.0,0.0,133.0,5.0,0.0,0
352,2010,16,Japanese Grand Prix,807,Nico,Hülkenberg,3,Williams,9.0,9.0,17.0,14.0,0.0,56.0,7.0,0.0,0
352,2010,16,Japanese Grand Prix,13,Felipe,Massa,6,Ferrari,12.0,12.0,128.0,6.0,0.0,319.0,3.0,4.0,0
352,2010,16,Japanese Grand Prix,808,Vitaly,Petrov,4,Renault,13.0,13.0,19.0,13.0,0.0,133.0,5.0,0.0,0
352,2010,16,Japanese Grand Prix,24,Vitantonio,Liuzzi,10,Force India,17.0,17.0,13.0,15.0,0.0,60.0,6.0,0.0,0
352,2010,16,Japanese Grand Prix,810,Lucas,di Grassi,166,Virgin,21.0,21.0,0.0,21.0,0.0,0.0,12.0,0.0,0
353,2010,17,Korean Grand Prix,4,Fernando,Alonso,6,Ferrari,3.0,3.0,206.0,2.0,4.0,334.0,3.0,4.0,1
353,2010,17,Korean Grand Prix,1,Lewis,Hamilton,1,McLaren,4.0,4.0,192.0,4.0,3.0,381.0,2.0,5.0,1
353,2010,17,Korean Grand Prix,13,Felipe,Massa,6,Ferrari,6.0,6.0,128.0,6.0,0.0,334.0,3.0,4.0,1
353,2010,17,Korean Grand Prix,30,Michael,Schumacher,131,Mercedes,9.0,9.0,54.0,9.0,0.0,176.0,4.0,0.0,0
353,2010,17,Korean Grand Prix,9,Robert,Kubica,4,Renault,8.0,8.0,114.0,8.0,0.0,133.0,5.0,0.0,0
353,2010,17,Korean Grand Prix,24,Vitantonio,Liuzzi,10,Force India,17.0,18.0,13.0,15.0,0.0,60.0,6.0,0.0,0
353,2010,17,Korean Grand Prix,22,Rubens,Barrichello,3,Williams,10.0,10.0,41.0,11.0,0.0,58.0,7.0,0.0,0
353,2010,17,Korean Grand Prix,155,Kamui,Kobayashi,15,Sauber,12.0,12.0,27.0,12.0,0.0,37.0,8.0,0.0,0
353,2010,17,Korean Grand Prix,2,Nick,Heidfeld,15,Sauber,13.0,13.0,4.0,18.0,0.0,37.0,8.0,0.0,0
353,2010,17,Korean Grand Prix,807,Nico,Hülkenberg,3,Williams,11.0,11.0,17.0,14.0,0.0,58.0,7.0,0.0,0
353,2010,17,Korean Grand Prix,153,Jaime,Alguersuari,5,Toro Rosso,15.0,16.0,3.0,19.0,0.0,11.0,9.0,0.0,0
353,2010,17,Korean Grand Prix,18,Jenson,Button,1,McLaren,7.0,7.0,189.0,5.0,2.0,381.0,2.0,5.0,0
353,2010,17,Korean Grand Prix,5,Heikki,Kovalainen,205,Lotus,21.0,21.0,0.0,20.0,0.0,0.0,10.0,0.0,0
353,2010,17,Korean Grand Prix,811,Bruno,Senna,164,HRT,24.0,24.0,0.0,25.0,0.0,0.0,11.0,0.0,0
353,2010,17,Korean Grand Prix,29,Sakon,Yamamoto,164,HRT,23.0,23.0,0.0,26.0,0.0,0.0,11.0,0.0,0
353,2010,17,Korean Grand Prix,16,Adrian,Sutil,10,Force India,14.0,14.0,47.0,10.0,0.0,60.0,6.0,0.0,0
353,2010,17,Korean Grand Prix,20,Sebastian,Vettel,9,Red Bull,1.0,1.0,206.0,3.0,3.0,426.0,1.0,7.0,0
353,2010,17,Korean Grand Prix,808,Vitaly,Petrov,4,Renault,20.0,15.0,19.0,13.0,0.0,133.0,5.0,0.0,0
353,2010,17,Korean Grand Prix,10,Timo,Glock,166,Virgin,19.0,20.0,0.0,24.0,0.0,0.0,12.0,0.0,0
353,2010,17,Korean Grand Prix,67,Sébastien,Buemi,5,Toro Rosso,16.0,17.0,8.0,16.0,0.0,11.0,9.0,0.0,0
353,2010,17,Korean Grand Prix,810,Lucas,di Grassi,166,Virgin,22.0,22.0,0.0,23.0,0.0,0.0,12.0,0.0,0
353,2010,17,Korean Grand Prix,15,Jarno,Trulli,205,Lotus,18.0,19.0,0.0,21.0,0.0,0.0,10.0,0.0,0
353,2010,17,Korean Grand Prix,17,Mark,Webber,9,Red Bull,2.0,2.0,220.0,1.0,4.0,426.0,1.0,7.0,0
353,2010,17,Korean Grand Prix,3,Nico,Rosberg,131,Mercedes,5.0,5.0,122.0,7.0,0.0,176.0,4.0,0.0,0
354,2010,18,Brazilian Grand Prix,20,Sebastian,Vettel,9,Red Bull,2.0,2.0,206.0,4.0,3.0,426.0,1.0,7.0,1
354,2010,18,Brazilian Grand Prix,17,Mark,Webber,9,Red Bull,3.0,3.0,220.0,2.0,4.0,426.0,1.0,7.0,1
354,2010,18,Brazilian Grand Prix,4,Fernando,Alonso,6,Ferrari,5.0,5.0,231.0,1.0,5.0,374.0,3.0,5.0,1
354,2010,18,Brazilian Grand Prix,1,Lewis,Hamilton,1,McLaren,4.0,4.0,210.0,3.0,3.0,399.0,2.0,5.0,0
354,2010,18,Brazilian Grand Prix,18,Jenson,Button,1,McLaren,11.0,11.0,189.0,5.0,2.0,399.0,2.0,5.0,0
354,2010,18,Brazilian Grand Prix,3,Nico,Rosberg,131,Mercedes,13.0,13.0,122.0,8.0,0.0,188.0,4.0,0.0,0
354,2010,18,Brazilian Grand Prix,30,Michael,Schumacher,131,Mercedes,8.0,8.0,66.0,9.0,0.0,188.0,4.0,0.0,0
354,2010,18,Brazilian Grand Prix,807,Nico,Hülkenberg,3,Williams,1.0,1.0,18.0,15.0,0.0,65.0,7.0,0.0,0
354,2010,18,Brazilian Grand Prix,9,Robert,Kubica,4,Renault,7.0,7.0,124.0,7.0,0.0,143.0,5.0,0.0,0
354,2010,18,Brazilian Grand Prix,155,Kamui,Kobayashi,15,Sauber,12.0,12.0,31.0,12.0,0.0,43.0,8.0,0.0,0
354,2010,18,Brazilian Grand Prix,153,Jaime,Alguersuari,5,Toro Rosso,14.0,14.0,3.0,19.0,0.0,11.0,9.0,0.0,0
354,2010,18,Brazilian Grand Prix,16,Adrian,Sutil,10,Force India,22.0,18.0,47.0,11.0,0.0,68.0,6.0,0.0,0
354,2010,18,Brazilian Grand Prix,67,Sébastien,Buemi,5,Toro Rosso,19.0,15.0,8.0,16.0,0.0,11.0,9.0,0.0,0
354,2010,18,Brazilian Grand Prix,22,Rubens,Barrichello,3,Williams,6.0,6.0,47.0,10.0,0.0,65.0,7.0,0.0,0
354,2010,18,Brazilian Grand Prix,13,Felipe,Massa,6,Ferrari,9.0,9.0,143.0,6.0,0.0,374.0,3.0,5.0,0
354,2010,18,Brazilian Grand Prix,808,Vitaly,Petrov,4,Renault,10.0,10.0,19.0,14.0,0.0,143.0,5.0,0.0,0
354,2010,18,Brazilian Grand Prix,2,Nick,Heidfeld,15,Sauber,15.0,16.0,6.0,18.0,0.0,43.0,8.0,0.0,0
354,2010,18,Brazilian Grand Prix,5,Heikki,Kovalainen,205,Lotus,20.0,21.0,0.0,20.0,0.0,0.0,10.0,0.0,0
354,2010,18,Brazilian Grand Prix,15,Jarno,Trulli,205,Lotus,18.0,20.0,0.0,21.0,0.0,0.0,10.0,0.0,0
354,2010,18,Brazilian Grand Prix,10,Timo,Glock,166,Virgin,17.0,19.0,0.0,25.0,0.0,0.0,12.0,0.0,0
354,2010,18,Brazilian Grand Prix,811,Bruno,Senna,164,HRT,24.0,24.0,0.0,23.0,0.0,0.0,11.0,0.0,0
354,2010,18,Brazilian Grand Prix,32,Christian,Klien,164,HRT,23.0,23.0,0.0,27.0,0.0,0.0,11.0,0.0,0
354,2010,18,Brazilian Grand Prix,810,Lucas,di Grassi,166,Virgin,21.0,22.0,0.0,24.0,0.0,0.0,12.0,0.0,0
354,2010,18,Brazilian Grand Prix,24,Vitantonio,Liuzzi,10,Force India,16.0,17.0,21.0,13.0,0.0,68.0,6.0,0.0,0
355,2010,19,Abu Dhabi Grand Prix,20,Sebastian,Vettel,9,Red Bull,1.0,1.0,231.0,3.0,4.0,469.0,1.0,8.0,1
355,2010,19,Abu Dhabi Grand Prix,1,Lewis,Hamilton,1,McLaren,2.0,2.0,222.0,4.0,3.0,421.0,2.0,5.0,1
355,2010,19,Abu Dhabi Grand Prix,18,Jenson,Button,1,McLaren,4.0,4.0,199.0,5.0,2.0,421.0,2.0,5.0,1
355,2010,19,Abu Dhabi Grand Prix,3,Nico,Rosberg,131,Mercedes,9.0,9.0,130.0,7.0,0.0,202.0,4.0,0.0,0
355,2010,19,Abu Dhabi Grand Prix,9,Robert,Kubica,4,Renault,11.0,11.0,126.0,8.0,0.0,145.0,5.0,0.0,0
355,2010,19,Abu Dhabi Grand Prix,808,Vitaly,Petrov,4,Renault,10.0,10.0,19.0,15.0,0.0,145.0,5.0,0.0,0
355,2010,19,Abu Dhabi Grand Prix,4,Fernando,Alonso,6,Ferrari,3.0,3.0,246.0,1.0,5.0,389.0,3.0,5.0,0
355,2010,19,Abu Dhabi Grand Prix,17,Mark,Webber,9,Red Bull,5.0,5.0,238.0,2.0,4.0,469.0,1.0,8.0,0
355,2010,19,Abu Dhabi Grand Prix,153,Jaime,Alguersuari,5,Toro Rosso,17.0,17.0,3.0,19.0,0.0,11.0,9.0,0.0,0
355,2010,19,Abu Dhabi Grand Prix,13,Felipe,Massa,6,Ferrari,6.0,6.0,143.0,6.0,0.0,389.0,3.0,5.0,0
355,2010,19,Abu Dhabi Grand Prix,2,Nick,Heidfeld,15,Sauber,14.0,14.0,6.0,18.0,0.0,44.0,8.0,0.0,0
355,2010,19,Abu Dhabi Grand Prix,22,Rubens,Barrichello,3,Williams,7.0,7.0,47.0,10.0,0.0,69.0,6.0,0.0,0
355,2010,19,Abu Dhabi Grand Prix,16,Adrian,Sutil,10,Force India,13.0,13.0,47.0,11.0,0.0,68.0,7.0,0.0,0
355,2010,19,Abu Dhabi Grand Prix,155,Kamui,Kobayashi,15,Sauber,12.0,12.0,32.0,12.0,0.0,44.0,8.0,0.0,0
355,2010,19,Abu Dhabi Grand Prix,67,Sébastien,Buemi,5,Toro Rosso,18.0,18.0,8.0,16.0,0.0,11.0,9.0,0.0,0
355,2010,19,Abu Dhabi Grand Prix,807,Nico,Hülkenberg,3,Williams,15.0,15.0,22.0,13.0,0.0,69.0,6.0,0.0,0
355,2010,19,Abu Dhabi Grand Prix,5,Heikki,Kovalainen,205,Lotus,20.0,20.0,0.0,20.0,0.0,0.0,10.0,0.0,0
355,2010,19,Abu Dhabi Grand Prix,810,Lucas,di Grassi,166,Virgin,22.0,22.0,0.0,24.0,0.0,0.0,12.0,0.0,0
355,2010,19,Abu Dhabi Grand Prix,811,Bruno,Senna,164,HRT,23.0,23.0,0.0,23.0,0.0,0.0,11.0,0.0,0
355,2010,19,Abu Dhabi Grand Prix,32,Christian,Klien,164,HRT,24.0,24.0,0.0,27.0,0.0,0.0,11.0,0.0,0
355,2010,19,Abu Dhabi Grand Prix,15,Jarno,Trulli,205,Lotus,19.0,19.0,0.0,21.0,0.0,0.0,10.0,0.0,0
355,2010,19,Abu Dhabi Grand Prix,10,Timo,Glock,166,Virgin,21.0,21.0,0.0,25.0,0.0,0.0,12.0,0.0,0
355,2010,19,Abu Dhabi Grand Prix,30,Michael,Schumacher,131,Mercedes,8.0,8.0,72.0,9.0,0.0,202.0,4.0,0.0,0
355,2010,19,Abu Dhabi Grand Prix,24,Vitantonio,Liuzzi,10,Force India,16.0,16.0,21.0,14.0,0.0,68.0,7.0,0.0,0
841,2011,1,Australian Grand Prix,20,Sebastian,Vettel,9,Red Bull,1.0,1.0,256.0,1.0,5.0,498.0,1.0,9.0,1
841,2011,1,Australian Grand Prix,1,Lewis,Hamilton,1,McLaren,2.0,2.0,240.0,4.0,3.0,454.0,2.0,5.0,1
841,2011,1,Australian Grand Prix,808,Vitaly,Petrov,4,Renault,6.0,6.0,27.0,13.0,0.0,163.0,5.0,0.0,1
841,2011,1,Australian Grand Prix,4,Fernando,Alonso,6,Ferrari,5.0,5.0,252.0,2.0,5.0,396.0,3.0,5.0,0
841,2011,1,Australian Grand Prix,17,Mark,Webber,9,Red Bull,3.0,3.0,242.0,3.0,4.0,498.0,1.0,9.0,0
841,2011,1,Australian Grand Prix,18,Jenson,Button,1,McLaren,4.0,4.0,214.0,5.0,2.0,454.0,2.0,5.0,0
841,2011,1,Australian Grand Prix,13,Felipe,Massa,6,Ferrari,8.0,8.0,144.0,6.0,0.0,396.0,3.0,5.0,0
841,2011,1,Australian Grand Prix,67,Sébastien,Buemi,5,Toro Rosso,10.0,10.0,8.0,16.0,0.0,13.0,9.0,0.0,0
841,2011,1,Australian Grand Prix,16,Adrian,Sutil,10,Force India,16.0,16.0,47.0,11.0,0.0,68.0,7.0,0.0,0
841,2011,1,Australian Grand Prix,814,Paul,di Resta,10,Force India,14.0,14.0,0.0,28.0,0.0,68.0,7.0,0.0,0
841,2011,1,Australian Grand Prix,153,Jaime,Alguersuari,5,Toro Rosso,12.0,12.0,5.0,19.0,0.0,13.0,9.0,0.0,0
841,2011,1,Australian Grand Prix,2,Nick,Heidfeld,4,Renault,18.0,18.0,6.0,18.0,0.0,163.0,5.0,0.0,0
841,2011,1,Australian Grand Prix,15,Jarno,Trulli,205,Lotus,20.0,20.0,0.0,21.0,0.0,0.0,10.0,0.0,0
841,2011,1,Australian Grand Prix,816,Jérôme,d'Ambrosio,166,Virgin,22.0,22.0,0.0,28.0,0.0,0.0,12.0,0.0,0
841,2011,1,Australian Grand Prix,10,Timo,Glock,166,Virgin,21.0,21.0,0.0,25.0,0.0,0.0,12.0,0.0,0
841,2011,1,Australian Grand Prix,22,Rubens,Barrichello,3,Williams,17.0,17.0,47.0,10.0,0.0,69.0,6.0,0.0,0
841,2011,1,Australian Grand Prix,3,Nico,Rosberg,131,Mercedes,7.0,7.0,142.0,7.0,0.0,214.0,4.0,0.0,0
841,2011,1,Australian Grand Prix,5,Heikki,Kovalainen,205,Lotus,19.0,19.0,0.0,20.0,0.0,0.0,10.0,0.0,0
841,2011,1,Australian Grand Prix,30,Michael,Schumacher,131,Mercedes,11.0,11.0,72.0,9.0,0.0,214.0,4.0,0.0,0
841,2011,1,Australian Grand Prix,813,Pastor,Maldonado,3,Williams,15.0,15.0,0.0,28.0,0.0,69.0,6.0,0.0,0
841,2011,1,Australian Grand Prix,155,Kamui,Kobayashi,15,Sauber,9.0,9.0,0.0,28.0,0.0,0.0,13.0,0.0,0
841,2011,1,Australian Grand Prix,815,Sergio,Pérez,15,Sauber,13.0,13.0,0.0,28.0,0.0,0.0,13.0,0.0,0
842,2011,2,Malaysian Grand Prix,20,Sebastian,Vettel,9,Red Bull,1.0,1.0,25.0,1.0,1.0,35.0,1.0,1.0,1
842,2011,2,Malaysian Grand Prix,18,Jenson,Button,1,McLaren,4.0,4.0,8.0,6.0,0.0,26.0,2.0,0.0,1
842,2011,2,Malaysian Grand Prix,2,Nick,Heidfeld,4,Renault,6.0,6.0,0.0,12.0,0.0,15.0,4.0,0.0,1
842,2011,2,Malaysian Grand Prix,17,Mark,Webber,9,Red Bull,3.0,3.0,10.0,5.0,0.0,35.0,1.0,1.0,0
842,2011,2,Malaysian Grand Prix,13,Felipe,Massa,6,Ferrari,7.0,7.0,6.0,7.0,0.0,18.0,3.0,0.0,0
842,2011,2,Malaysian Grand Prix,4,Fernando,Alonso,6,Ferrari,5.0,5.0,12.0,4.0,0.0,18.0,3.0,0.0,0
842,2011,2,Malaysian Grand Prix,155,Kamui,Kobayashi,15,Sauber,10.0,10.0,32.0,12.0,0.0,44.0,8.0,0.0,0
842,2011,2,Malaysian Grand Prix,1,Lewis,Hamilton,1,McLaren,2.0,2.0,18.0,2.0,0.0,26.0,2.0,0.0,0
842,2011,2,Malaysian Grand Prix,30,Michael,Schumacher,131,Mercedes,11.0,11.0,0.0,19.0,0.0,0.0,10.0,0.0,0
842,2011,2,Malaysian Grand Prix,814,Paul,di Resta,10,Force India,14.0,14.0,1.0,10.0,0.0,3.0,6.0,0.0,0
842,2011,2,Malaysian Grand Prix,16,Adrian,Sutil,10,Force India,17.0,17.0,2.0,9.0,0.0,3.0,6.0,0.0,0
842,2011,2,Malaysian Grand Prix,3,Nico,Rosberg,131,Mercedes,9.0,9.0,0.0,17.0,0.0,0.0,10.0,0.0,0
842,2011,2,Malaysian Grand Prix,67,Sébastien,Buemi,5,Toro Rosso,12.0,12.0,4.0,8.0,0.0,4.0,5.0,0.0,0
842,2011,2,Malaysian Grand Prix,153,Jaime,Alguersuari,5,Toro Rosso,13.0,13.0,0.0,11.0,0.0,4.0,5.0,0.0,0
842,2011,2,Malaysian Grand Prix,5,Heikki,Kovalainen,205,Lotus,19.0,19.0,0.0,18.0,0.0,0.0,7.0,0.0,0
842,2011,2,Malaysian Grand Prix,10,Timo,Glock,166,Virgin,21.0,21.0,0.0,15.0,0.0,0.0,8.0,0.0,0
842,2011,2,Malaysian Grand Prix,808,Vitaly,Petrov,4,Renault,8.0,8.0,15.0,3.0,0.0,15.0,4.0,0.0,0
842,2011,2,Malaysian Grand Prix,24,Vitantonio,Liuzzi,164,HRT,23.0,23.0,21.0,15.0,0.0,0.0,11.0,0.0,0
842,2011,2,Malaysian Grand Prix,816,Jérôme,d'Ambrosio,166,Virgin,22.0,22.0,0.0,14.0,0.0,0.0,8.0,0.0,0
842,2011,2,Malaysian Grand Prix,15,Jarno,Trulli,205,Lotus,20.0,20.0,0.0,13.0,0.0,0.0,7.0,0.0,0
842,2011,2,Malaysian Grand Prix,815,Sergio,Pérez,15,Sauber,16.0,16.0,0.0,28.0,0.0,44.0,8.0,0.0,0
842,2011,2,Malaysian Grand Prix,22,Rubens,Barrichello,3,Williams,15.0,15.0,0.0,16.0,0.0,0.0,9.0,0.0,0
842,2011,2,Malaysian Grand Prix,39,Narain,Karthikeyan,164,HRT,24.0,24.0,5.0,18.0,0.0,0.0,11.0,0.0,0
842,2011,2,Malaysian Grand Prix,813,Pastor,Maldonado,3,Williams,18.0,18.0,0.0,20.0,0.0,0.0,9.0,0.0,0
843,2011,3,Chinese Grand Prix,1,Lewis,Hamilton,1,McLaren,3.0,3.0,22.0,3.0,0.0,48.0,2.0,0.0,1
843,2011,3,Chinese Grand Prix,20,Sebastian,Vettel,9,Red Bull,1.0,1.0,50.0,1.0,2.0,72.0,1.0,2.0,1
843,2011,3,Chinese Grand Prix,17,Mark,Webber,9,Red Bull,18.0,18.0,22.0,4.0,0.0,72.0,1.0,2.0,1
843,2011,3,Chinese Grand Prix,18,Jenson,Button,1,McLaren,2.0,2.0,26.0,2.0,0.0,48.0,2.0,0.0,0
843,2011,3,Chinese Grand Prix,3,Nico,Rosberg,131,Mercedes,4.0,4.0,0.0,15.0,0.0,2.0,8.0,0.0,0
843,2011,3,Chinese Grand Prix,13,Felipe,Massa,6,Ferrari,6.0,6.0,16.0,6.0,0.0,36.0,3.0,0.0,0
843,2011,3,Chinese Grand Prix,4,Fernando,Alonso,6,Ferrari,5.0,5.0,20.0,5.0,0.0,36.0,3.0,0.0,0
843,2011,3,Chinese Grand Prix,30,Michael,Schumacher,131,Mercedes,14.0,14.0,2.0,12.0,0.0,2.0,8.0,0.0,0
843,2011,3,Chinese Grand Prix,808,Vitaly,Petrov,4,Renault,10.0,10.0,15.0,8.0,0.0,30.0,4.0,0.0,0
843,2011,3,Chinese Grand Prix,155,Kamui,Kobayashi,15,Sauber,13.0,13.0,6.0,9.0,0.0,6.0,5.0,0.0,0
843,2011,3,Chinese Grand Prix,814,Paul,di Resta,10,Force India,8.0,8.0,2.0,13.0,0.0,4.0,7.0,0.0,0
843,2011,3,Chinese Grand Prix,2,Nick,Heidfeld,4,Renault,16.0,16.0,15.0,7.0,0.0,30.0,4.0,0.0,0
843,2011,3,Chinese Grand Prix,22,Rubens,Barrichello,3,Williams,15.0,15.0,0.0,21.0,0.0,0.0,11.0,0.0,0
843,2011,3,Chinese Grand Prix,67,Sébastien,Buemi,5,Toro Rosso,9.0,9.0,4.0,10.0,0.0,4.0,6.0,0.0,0
843,2011,3,Chinese Grand Prix,16,Adrian,Sutil,10,Force India,11.0,11.0,2.0,11.0,0.0,4.0,7.0,0.0,0
843,2011,3,Chinese Grand Prix,5,Heikki,Kovalainen,205,Lotus,19.0,19.0,0.0,18.0,0.0,0.0,9.0,0.0,0
843,2011,3,Chinese Grand Prix,815,Sergio,Pérez,15,Sauber,12.0,12.0,0.0,20.0,0.0,6.0,5.0,0.0,0
843,2011,3,Chinese Grand Prix,813,Pastor,Maldonado,3,Williams,17.0,17.0,0.0,23.0,0.0,0.0,11.0,0.0,0
843,2011,3,Chinese Grand Prix,15,Jarno,Trulli,205,Lotus,20.0,20.0,0.0,16.0,0.0,0.0,9.0,0.0,0
843,2011,3,Chinese Grand Prix,816,Jérôme,d'Ambrosio,166,Virgin,21.0,21.0,0.0,17.0,0.0,0.0,10.0,0.0,0
843,2011,3,Chinese Grand Prix,10,Timo,Glock,166,Virgin,22.0,22.0,0.0,19.0,0.0,0.0,10.0,0.0,0
843,2011,3,Chinese Grand Prix,24,Vitantonio,Liuzzi,164,HRT,23.0,23.0,0.0,22.0,0.0,0.0,12.0,0.0,0
843,2011,3,Chinese Grand Prix,39,Narain,Karthikeyan,164,HRT,24.0,24.0,0.0,24.0,0.0,0.0,12.0,0.0,0
843,2011,3,Chinese Grand Prix,153,Jaime,Alguersuari,5,Toro Rosso,7.0,7.0,0.0,14.0,0.0,4.0,6.0,0.0,0
844,2011,4,Turkish Grand Prix,20,Sebastian,Vettel,9,Red Bull,1.0,1.0,68.0,1.0,2.0,105.0,1.0,2.0,1
844,2011,4,Turkish Grand Prix,17,Mark,Webber,9,Red Bull,2.0,2.0,37.0,4.0,0.0,105.0,1.0,2.0,1
844,2011,4,Turkish Grand Prix,4,Fernando,Alonso,6,Ferrari,5.0,5.0,26.0,5.0,0.0,50.0,3.0,0.0,1
844,2011,4,Turkish Grand Prix,1,Lewis,Hamilton,1,McLaren,4.0,4.0,47.0,2.0,1.0,85.0,2.0,1.0,0
844,2011,4,Turkish Grand Prix,3,Nico,Rosberg,131,Mercedes,3.0,3.0,10.0,9.0,0.0,16.0,5.0,0.0,0
844,2011,4,Turkish Grand Prix,18,Jenson,Button,1,McLaren,6.0,6.0,38.0,3.0,0.0,85.0,2.0,1.0,0
844,2011,4,Turkish Grand Prix,2,Nick,Heidfeld,4,Renault,9.0,9.0,15.0,8.0,0.0,32.0,4.0,0.0,0
844,2011,4,Turkish Grand Prix,808,Vitaly,Petrov,4,Renault,7.0,7.0,17.0,7.0,0.0,32.0,4.0,0.0,0
844,2011,4,Turkish Grand Prix,67,Sébastien,Buemi,5,Toro Rosso,16.0,16.0,4.0,12.0,0.0,4.0,7.0,0.0,0
844,2011,4,Turkish Grand Prix,155,Kamui,Kobayashi,15,Sauber,24.0,25.0,7.0,10.0,0.0,7.0,6.0,0.0,0
844,2011,4,Turkish Grand Prix,13,Felipe,Massa,6,Ferrari,10.0,10.0,24.0,6.0,0.0,50.0,3.0,0.0,0
844,2011,4,Turkish Grand Prix,30,Michael,Schumacher,131,Mercedes,8.0,8.0,6.0,11.0,0.0,16.0,5.0,0.0,0
844,2011,4,Turkish Grand Prix,16,Adrian,Sutil,10,Force India,12.0,12.0,2.0,13.0,0.0,4.0,8.0,0.0,0
844,2011,4,Turkish Grand Prix,815,Sergio,Pérez,15,Sauber,15.0,15.0,0.0,21.0,0.0,7.0,6.0,0.0,0
844,2011,4,Turkish Grand Prix,22,Rubens,Barrichello,3,Williams,11.0,11.0,0.0,17.0,0.0,0.0,10.0,0.0,0
844,2011,4,Turkish Grand Prix,153,Jaime,Alguersuari,5,Toro Rosso,17.0,17.0,0.0,15.0,0.0,4.0,7.0,0.0,0
844,2011,4,Turkish Grand Prix,813,Pastor,Maldonado,3,Williams,14.0,14.0,0.0,22.0,0.0,0.0,10.0,0.0,0
844,2011,4,Turkish Grand Prix,15,Jarno,Trulli,205,Lotus,19.0,19.0,0.0,16.0,0.0,0.0,9.0,0.0,0
844,2011,4,Turkish Grand Prix,5,Heikki,Kovalainen,205,Lotus,18.0,18.0,0.0,19.0,0.0,0.0,9.0,0.0,0
844,2011,4,Turkish Grand Prix,816,Jérôme,d'Ambrosio,166,Virgin,23.0,20.0,0.0,18.0,0.0,0.0,11.0,0.0,0
844,2011,4,Turkish Grand Prix,39,Narain,Karthikeyan,164,HRT,22.0,23.0,0.0,24.0,0.0,0.0,12.0,0.0,0
844,2011,4,Turkish Grand Prix,24,Vitantonio,Liuzzi,164,HRT,20.0,21.0,0.0,23.0,0.0,0.0,12.0,0.0,0
844,2011,4,Turkish Grand Prix,814,Paul,di Resta,10,Force India,13.0,13.0,2.0,14.0,0.0,4.0,8.0,0.0,0
844,2011,4,Turkish Grand Prix,10,Timo,Glock,166,Virgin,21.0,22.0,0.0,20.0,0.0,0.0,11.0,0.0,0
845,2011,5,Spanish Grand Prix,20,Sebastian,Vettel,9,Red Bull,2.0,2.0,93.0,1.0,3.0,148.0,1.0,3.0,1
845,2011,5,Spanish Grand Prix,1,Lewis,Hamilton,1,McLaren,3.0,3.0,59.0,2.0,1.0,105.0,2.0,1.0,1
845,2011,5,Spanish Grand Prix,18,Jenson,Button,1,McLaren,5.0,5.0,46.0,4.0,0.0,105.0,2.0,1.0,1
845,2011,5,Spanish Grand Prix,17,Mark,Webber,9,Red Bull,1.0,1.0,55.0,3.0,0.0,148.0,1.0,3.0,0
845,2011,5,Spanish Grand Prix,4,Fernando,Alonso,6,Ferrari,4.0,4.0,41.0,5.0,0.0,65.0,3.0,0.0,0
845,2011,5,Spanish Grand Prix,30,Michael,Schumacher,131,Mercedes,10.0,10.0,6.0,11.0,0.0,26.0,5.0,0.0,0
845,2011,5,Spanish Grand Prix,3,Nico,Rosberg,131,Mercedes,7.0,7.0,20.0,9.0,0.0,26.0,5.0,0.0,0
845,2011,5,Spanish Grand Prix,2,Nick,Heidfeld,4,Renault,24.0,25.0,21.0,7.0,0.0,42.0,4.0,0.0,0
845,2011,5,Spanish Grand Prix,815,Sergio,Pérez,15,Sauber,12.0,12.0,0.0,18.0,0.0,8.0,6.0,0.0,0
845,2011,5,Spanish Grand Prix,155,Kamui,Kobayashi,15,Sauber,14.0,14.0,8.0,10.0,0.0,8.0,6.0,0.0,0
845,2011,5,Spanish Grand Prix,808,Vitaly,Petrov,4,Renault,6.0,6.0,21.0,8.0,0.0,42.0,4.0,0.0,0
845,2011,5,Spanish Grand Prix,814,Paul,di Resta,10,Force India,16.0,16.0,2.0,14.0,0.0,4.0,8.0,0.0,0
845,2011,5,Spanish Grand Prix,16,Adrian,Sutil,10,Force India,17.0,17.0,2.0,13.0,0.0,4.0,8.0,0.0,0
845,2011,5,Spanish Grand Prix,67,Sébastien,Buemi,5,Toro Rosso,11.0,11.0,6.0,12.0,0.0,6.0,7.0,0.0,0
845,2011,5,Spanish Grand Prix,813,Pastor,Maldonado,3,Williams,9.0,9.0,0.0,22.0,0.0,0.0,10.0,0.0,0
845,2011,5,Spanish Grand Prix,153,Jaime,Alguersuari,5,Toro Rosso,13.0,13.0,0.0,15.0,0.0,6.0,7.0,0.0,0
845,2011,5,Spanish Grand Prix,22,Rubens,Barrichello,3,Williams,19.0,19.0,0.0,16.0,0.0,0.0,10.0,0.0,0
845,2011,5,Spanish Grand Prix,15,Jarno,Trulli,205,Lotus,18.0,18.0,0.0,17.0,0.0,0.0,9.0,0.0,0
845,2011,5,Spanish Grand Prix,10,Timo,Glock,166,Virgin,20.0,20.0,0.0,21.0,0.0,0.0,11.0,0.0,0
845,2011,5,Spanish Grand Prix,816,Jérôme,d'Ambrosio,166,Virgin,23.0,23.0,0.0,19.0,0.0,0.0,11.0,0.0,0
845,2011,5,Spanish Grand Prix,39,Narain,Karthikeyan,164,HRT,22.0,22.0,0.0,23.0,0.0,0.0,12.0,0.0,0
845,2011,5,Spanish Grand Prix,13,Felipe,Massa,6,Ferrari,8.0,8.0,24.0,6.0,0.0,65.0,3.0,0.0,0
845,2011,5,Spanish Grand Prix,5,Heikki,Kovalainen,205,Lotus,15.0,15.0,0.0,20.0,0.0,0.0,9.0,0.0,0
845,2011,5,Spanish Grand Prix,24,Vitantonio,Liuzzi,164,HRT,21.0,21.0,0.0,24.0,0.0,0.0,12.0,0.0,0
846,2011,6,Monaco Grand Prix,20,Sebastian,Vettel,9,Red Bull,1.0,1.0,118.0,1.0,4.0,185.0,1.0,4.0,1
846,2011,6,Monaco Grand Prix,4,Fernando,Alonso,6,Ferrari,4.0,4.0,51.0,5.0,0.0,75.0,3.0,0.0,1
846,2011,6,Monaco Grand Prix,18,Jenson,Button,1,McLaren,2.0,2.0,61.0,4.0,0.0,138.0,2.0,1.0,1
846,2011,6,Monaco Grand Prix,17,Mark,Webber,9,Red Bull,3.0,3.0,67.0,3.0,0.0,185.0,1.0,4.0,0
846,2011,6,Monaco Grand Prix,155,Kamui,Kobayashi,15,Sauber,12.0,13.0,9.0,11.0,0.0,11.0,6.0,0.0,0
846,2011,6,Monaco Grand Prix,1,Lewis,Hamilton,1,McLaren,9.0,7.0,77.0,2.0,1.0,138.0,2.0,1.0,0
846,2011,6,Monaco Grand Prix,16,Adrian,Sutil,10,Force India,14.0,15.0,2.0,13.0,0.0,4.0,8.0,0.0,0
846,2011,6,Monaco Grand Prix,2,Nick,Heidfeld,4,Renault,15.0,16.0,25.0,7.0,0.0,46.0,4.0,0.0,0
846,2011,6,Monaco Grand Prix,22,Rubens,Barrichello,3,Williams,11.0,12.0,0.0,17.0,0.0,0.0,9.0,0.0,0
846,2011,6,Monaco Grand Prix,67,Sébastien,Buemi,5,Toro Rosso,16.0,17.0,6.0,12.0,0.0,6.0,7.0,0.0,0
846,2011,6,Monaco Grand Prix,3,Nico,Rosberg,131,Mercedes,7.0,8.0,26.0,6.0,0.0,40.0,5.0,0.0,0
846,2011,6,Monaco Grand Prix,814,Paul,di Resta,10,Force India,13.0,14.0,2.0,15.0,0.0,4.0,8.0,0.0,0
846,2011,6,Monaco Grand Prix,15,Jarno,Trulli,205,Lotus,18.0,19.0,0.0,18.0,0.0,0.0,10.0,0.0,0
846,2011,6,Monaco Grand Prix,5,Heikki,Kovalainen,205,Lotus,17.0,18.0,0.0,20.0,0.0,0.0,10.0,0.0,0
846,2011,6,Monaco Grand Prix,816,Jérôme,d'Ambrosio,166,Virgin,21.0,22.0,0.0,19.0,0.0,0.0,11.0,0.0,0
846,2011,6,Monaco Grand Prix,24,Vitantonio,Liuzzi,164,HRT,23.0,24.0,0.0,24.0,0.0,0.0,12.0,0.0,0
846,2011,6,Monaco Grand Prix,39,Narain,Karthikeyan,164,HRT,22.0,23.0,0.0,23.0,0.0,0.0,12.0,0.0,0
846,2011,6,Monaco Grand Prix,813,Pastor,Maldonado,3,Williams,8.0,9.0,0.0,21.0,0.0,0.0,9.0,0.0,0
846,2011,6,Monaco Grand Prix,808,Vitaly,Petrov,4,Renault,10.0,11.0,21.0,9.0,0.0,46.0,4.0,0.0,0
846,2011,6,Monaco Grand Prix,153,Jaime,Alguersuari,5,Toro Rosso,19.0,20.0,0.0,16.0,0.0,6.0,7.0,0.0,0
846,2011,6,Monaco Grand Prix,13,Felipe,Massa,6,Ferrari,6.0,6.0,24.0,8.0,0.0,75.0,3.0,0.0,0
846,2011,6,Monaco Grand Prix,30,Michael,Schumacher,131,Mercedes,5.0,5.0,14.0,10.0,0.0,40.0,5.0,0.0,0
846,2011,6,Monaco Grand Prix,10,Timo,Glock,166,Virgin,20.0,21.0,0.0,22.0,0.0,0.0,11.0,0.0,0
847,2011,7,Canadian Grand Prix,18,Jenson,Button,1,McLaren,7.0,7.0,76.0,4.0,0.0,161.0,2.0,1.0,1
847,2011,7,Canadian Grand Prix,20,Sebastian,Vettel,9,Red Bull,1.0,1.0,143.0,1.0,5.0,222.0,1.0,5.0,1
847,2011,7,Canadian Grand Prix,17,Mark,Webber,9,Red Bull,4.0,4.0,79.0,3.0,0.0,222.0,1.0,5.0,1
847,2011,7,Canadian Grand Prix,30,Michael,Schumacher,131,Mercedes,8.0,8.0,14.0,11.0,0.0,40.0,5.0,0.0,0
847,2011,7,Canadian Grand Prix,808,Vitaly,Petrov,4,Renault,10.0,10.0,21.0,9.0,0.0,50.0,4.0,0.0,0
847,2011,7,Canadian Grand Prix,13,Felipe,Massa,6,Ferrari,3.0,3.0,24.0,8.0,0.0,93.0,3.0,0.0,0
847,2011,7,Canadian Grand Prix,155,Kamui,Kobayashi,15,Sauber,13.0,13.0,19.0,10.0,0.0,21.0,6.0,0.0,0
847,2011,7,Canadian Grand Prix,153,Jaime,Alguersuari,5,Toro Rosso,24.0,18.0,0.0,17.0,0.0,7.0,8.0,0.0,0
847,2011,7,Canadian Grand Prix,22,Rubens,Barrichello,3,Williams,16.0,16.0,2.0,14.0,0.0,2.0,9.0,0.0,0
847,2011,7,Canadian Grand Prix,67,Sébastien,Buemi,5,Toro Rosso,15.0,15.0,7.0,13.0,0.0,7.0,8.0,0.0,0
847,2011,7,Canadian Grand Prix,3,Nico,Rosberg,131,Mercedes,6.0,6.0,26.0,7.0,0.0,40.0,5.0,0.0,0
847,2011,7,Canadian Grand Prix,37,Pedro,de la Rosa,15,Sauber,17.0,17.0,6.0,17.0,0.0,21.0,6.0,0.0,0
847,2011,7,Canadian Grand Prix,24,Vitantonio,Liuzzi,164,HRT,20.0,21.0,0.0,23.0,0.0,0.0,12.0,0.0,0
847,2011,7,Canadian Grand Prix,39,Narain,Karthikeyan,164,HRT,22.0,23.0,0.0,24.0,0.0,0.0,12.0,0.0,0
847,2011,7,Canadian Grand Prix,816,Jérôme,d'Ambrosio,166,Virgin,23.0,24.0,0.0,20.0,0.0,0.0,11.0,0.0,0
847,2011,7,Canadian Grand Prix,10,Timo,Glock,166,Virgin,21.0,22.0,0.0,22.0,0.0,0.0,11.0,0.0,0
847,2011,7,Canadian Grand Prix,15,Jarno,Trulli,205,Lotus,18.0,19.0,0.0,18.0,0.0,0.0,10.0,0.0,0
847,2011,7,Canadian Grand Prix,814,Paul,di Resta,10,Force India,11.0,11.0,2.0,16.0,0.0,10.0,7.0,0.0,0
847,2011,7,Canadian Grand Prix,813,Pastor,Maldonado,3,Williams,12.0,12.0,0.0,21.0,0.0,2.0,9.0,0.0,0
847,2011,7,Canadian Grand Prix,2,Nick,Heidfeld,4,Renault,9.0,9.0,29.0,6.0,0.0,50.0,4.0,0.0,0
847,2011,7,Canadian Grand Prix,16,Adrian,Sutil,10,Force India,14.0,14.0,8.0,12.0,0.0,10.0,7.0,0.0,0
847,2011,7,Canadian Grand Prix,4,Fernando,Alonso,6,Ferrari,2.0,2.0,69.0,5.0,0.0,93.0,3.0,0.0,0
847,2011,7,Canadian Grand Prix,5,Heikki,Kovalainen,205,Lotus,19.0,20.0,0.0,19.0,0.0,0.0,10.0,0.0,0
847,2011,7,Canadian Grand Prix,1,Lewis,Hamilton,1,McLaren,5.0,5.0,85.0,2.0,1.0,161.0,2.0,1.0,0
848,2011,8,European Grand Prix,20,Sebastian,Vettel,9,Red Bull,1.0,1.0,161.0,1.0,5.0,255.0,1.0,5.0,1
848,2011,8,European Grand Prix,4,Fernando,Alonso,6,Ferrari,4.0,4.0,69.0,5.0,0.0,101.0,3.0,0.0,1
848,2011,8,European Grand Prix,17,Mark,Webber,9,Red Bull,2.0,2.0,94.0,3.0,0.0,255.0,1.0,5.0,1
848,2011,8,European Grand Prix,1,Lewis,Hamilton,1,McLaren,3.0,3.0,85.0,4.0,1.0,186.0,2.0,2.0,0
848,2011,8,European Grand Prix,13,Felipe,Massa,6,Ferrari,5.0,5.0,32.0,6.0,0.0,101.0,3.0,0.0,0
848,2011,8,European Grand Prix,18,Jenson,Button,1,McLaren,6.0,6.0,101.0,2.0,1.0,186.0,2.0,2.0,0
848,2011,8,European Grand Prix,3,Nico,Rosberg,131,Mercedes,7.0,7.0,26.0,10.0,0.0,52.0,5.0,0.0,0
848,2011,8,European Grand Prix,153,Jaime,Alguersuari,5,Toro Rosso,18.0,18.0,4.0,14.0,0.0,12.0,7.0,0.0,0
848,2011,8,European Grand Prix,16,Adrian,Sutil,10,Force India,10.0,10.0,8.0,12.0,0.0,10.0,8.0,0.0,0
848,2011,8,European Grand Prix,2,Nick,Heidfeld,4,Renault,9.0,9.0,29.0,8.0,0.0,60.0,4.0,0.0,0
848,2011,8,European Grand Prix,815,Sergio,Pérez,15,Sauber,16.0,16.0,2.0,16.0,0.0,27.0,6.0,0.0,0
848,2011,8,European Grand Prix,22,Rubens,Barrichello,3,Williams,13.0,13.0,4.0,15.0,0.0,4.0,9.0,0.0,0
848,2011,8,European Grand Prix,67,Sébastien,Buemi,5,Toro Rosso,17.0,17.0,8.0,13.0,0.0,12.0,7.0,0.0,0
848,2011,8,European Grand Prix,814,Paul,di Resta,10,Force India,12.0,12.0,2.0,17.0,0.0,10.0,8.0,0.0,0
848,2011,8,European Grand Prix,808,Vitaly,Petrov,4,Renault,11.0,11.0,31.0,7.0,0.0,60.0,4.0,0.0,0
848,2011,8,European Grand Prix,155,Kamui,Kobayashi,15,Sauber,14.0,14.0,25.0,11.0,0.0,27.0,6.0,0.0,0
848,2011,8,European Grand Prix,30,Michael,Schumacher,131,Mercedes,8.0,8.0,26.0,9.0,0.0,52.0,5.0,0.0,0
848,2011,8,European Grand Prix,813,Pastor,Maldonado,3,Williams,15.0,15.0,0.0,24.0,0.0,4.0,9.0,0.0,0
848,2011,8,European Grand Prix,5,Heikki,Kovalainen,205,Lotus,19.0,19.0,0.0,22.0,0.0,0.0,10.0,0.0,0
848,2011,8,European Grand Prix,15,Jarno,Trulli,205,Lotus,20.0,20.0,0.0,19.0,0.0,0.0,10.0,0.0,0
848,2011,8,European Grand Prix,10,Timo,Glock,166,Virgin,21.0,21.0,0.0,25.0,0.0,0.0,12.0,0.0,0
848,2011,8,European Grand Prix,816,Jérôme,d'Ambrosio,166,Virgin,23.0,23.0,0.0,21.0,0.0,0.0,12.0,0.0,0
848,2011,8,European Grand Prix,24,Vitantonio,Liuzzi,164,HRT,22.0,22.0,0.0,20.0,0.0,0.0,11.0,0.0,0
848,2011,8,European Grand Prix,39,Narain,Karthikeyan,164,HRT,24.0,24.0,0.0,23.0,0.0,0.0,11.0,0.0,0
849,2011,9,British Grand Prix,4,Fernando,Alonso,6,Ferrari,3.0,3.0,87.0,5.0,0.0,129.0,3.0,0.0,1
849,2011,9,British Grand Prix,20,Sebastian,Vettel,9,Red Bull,2.0,2.0,186.0,1.0,6.0,295.0,1.0,6.0,1
849,2011,9,British Grand Prix,17,Mark,Webber,9,Red Bull,1.0,1.0,109.0,3.0,0.0,295.0,1.0,6.0,1
849,2011,9,British Grand Prix,1,Lewis,Hamilton,1,McLaren,10.0,10.0,97.0,4.0,1.0,206.0,2.0,2.0,0
849,2011,9,British Grand Prix,13,Felipe,Massa,6,Ferrari,4.0,4.0,42.0,6.0,0.0,129.0,3.0,0.0,0
849,2011,9,British Grand Prix,3,Nico,Rosberg,131,Mercedes,9.0,9.0,32.0,7.0,0.0,58.0,5.0,0.0,0
849,2011,9,British Grand Prix,815,Sergio,Pérez,15,Sauber,12.0,12.0,2.0,16.0,0.0,27.0,6.0,0.0,0
849,2011,9,British Grand Prix,2,Nick,Heidfeld,4,Renault,16.0,16.0,30.0,9.0,0.0,61.0,4.0,0.0,0
849,2011,9,British Grand Prix,30,Michael,Schumacher,131,Mercedes,13.0,13.0,26.0,10.0,0.0,58.0,5.0,0.0,0
849,2011,9,British Grand Prix,153,Jaime,Alguersuari,5,Toro Rosso,18.0,18.0,8.0,13.0,0.0,16.0,7.0,0.0,0
849,2011,9,British Grand Prix,16,Adrian,Sutil,10,Force India,11.0,11.0,10.0,12.0,0.0,12.0,8.0,0.0,0
849,2011,9,British Grand Prix,808,Vitaly,Petrov,4,Renault,14.0,14.0,31.0,8.0,0.0,61.0,4.0,0.0,0
849,2011,9,British Grand Prix,22,Rubens,Barrichello,3,Williams,15.0,15.0,4.0,15.0,0.0,4.0,9.0,0.0,0
849,2011,9,British Grand Prix,813,Pastor,Maldonado,3,Williams,7.0,7.0,0.0,24.0,0.0,4.0,9.0,0.0,0
849,2011,9,British Grand Prix,814,Paul,di Resta,10,Force India,6.0,6.0,2.0,17.0,0.0,12.0,8.0,0.0,0
849,2011,9,British Grand Prix,10,Timo,Glock,166,Virgin,20.0,20.0,0.0,25.0,0.0,0.0,12.0,0.0,0
849,2011,9,British Grand Prix,816,Jérôme,d'Ambrosio,166,Virgin,22.0,22.0,0.0,21.0,0.0,0.0,12.0,0.0,0
849,2011,9,British Grand Prix,24,Vitantonio,Liuzzi,164,HRT,23.0,23.0,0.0,20.0,0.0,0.0,11.0,0.0,0
849,2011,9,British Grand Prix,817,Daniel,Ricciardo,164,HRT,24.0,24.0,0.0,28.0,0.0,0.0,11.0,0.0,0
849,2011,9,British Grand Prix,18,Jenson,Button,1,McLaren,5.0,5.0,109.0,2.0,1.0,206.0,2.0,2.0,0
849,2011,9,British Grand Prix,67,Sébastien,Buemi,5,Toro Rosso,19.0,19.0,8.0,14.0,0.0,16.0,7.0,0.0,0
849,2011,9,British Grand Prix,155,Kamui,Kobayashi,15,Sauber,8.0,8.0,25.0,11.0,0.0,27.0,6.0,0.0,0
849,2011,9,British Grand Prix,15,Jarno,Trulli,205,Lotus,21.0,21.0,0.0,19.0,0.0,0.0,10.0,0.0,0
849,2011,9,British Grand Prix,5,Heikki,Kovalainen,205,Lotus,17.0,17.0,0.0,22.0,0.0,0.0,10.0,0.0,0
850,2011,10,German Grand Prix,1,Lewis,Hamilton,1,McLaren,2.0,2.0,109.0,4.0,1.0,218.0,2.0,2.0,1
850,2011,10,German Grand Prix,4,Fernando,Alonso,6,Ferrari,4.0,4.0,112.0,3.0,1.0,164.0,3.0,1.0,1
850,2011,10,German Grand Prix,17,Mark,Webber,9,Red Bull,1.0,1.0,124.0,2.0,0.0,328.0,1.0,6.0,1
850,2011,10,German Grand Prix,20,Sebastian,Vettel,9,Red Bull,3.0,3.0,204.0,1.0,6.0,328.0,1.0,6.0,0
850,2011,10,German Grand Prix,13,Felipe,Massa,6,Ferrari,5.0,5.0,52.0,6.0,0.0,164.0,3.0,1.0,0
850,2011,10,German Grand Prix,16,Adrian,Sutil,10,Force India,8.0,8.0,10.0,12.0,0.0,12.0,8.0,0.0,0
850,2011,10,German Grand Prix,3,Nico,Rosberg,131,Mercedes,6.0,6.0,40.0,7.0,0.0,68.0,4.0,0.0,0
850,2011,10,German Grand Prix,30,Michael,Schumacher,131,Mercedes,10.0,10.0,28.0,10.0,0.0,68.0,4.0,0.0,0
850,2011,10,German Grand Prix,155,Kamui,Kobayashi,15,Sauber,17.0,18.0,25.0,11.0,0.0,33.0,6.0,0.0,0
850,2011,10,German Grand Prix,808,Vitaly,Petrov,4,Renault,9.0,9.0,31.0,9.0,0.0,65.0,5.0,0.0,0
850,2011,10,German Grand Prix,815,Sergio,Pérez,15,Sauber,15.0,15.0,8.0,14.0,0.0,33.0,6.0,0.0,0
850,2011,10,German Grand Prix,153,Jaime,Alguersuari,5,Toro Rosso,16.0,17.0,9.0,13.0,0.0,17.0,7.0,0.0,0
850,2011,10,German Grand Prix,814,Paul,di Resta,10,Force India,12.0,12.0,2.0,17.0,0.0,12.0,8.0,0.0,0
850,2011,10,German Grand Prix,813,Pastor,Maldonado,3,Williams,13.0,13.0,0.0,23.0,0.0,4.0,9.0,0.0,0
850,2011,10,German Grand Prix,67,Sébastien,Buemi,5,Toro Rosso,24.0,16.0,8.0,15.0,0.0,17.0,7.0,0.0,0
850,2011,10,German Grand Prix,5,Heikki,Kovalainen,205,Lotus,18.0,19.0,0.0,22.0,0.0,0.0,10.0,0.0,0
850,2011,10,German Grand Prix,10,Timo,Glock,166,Virgin,19.0,20.0,0.0,25.0,0.0,0.0,12.0,0.0,0
850,2011,10,German Grand Prix,816,Jérôme,d'Ambrosio,166,Virgin,21.0,22.0,0.0,21.0,0.0,0.0,12.0,0.0,0
850,2011,10,German Grand Prix,817,Daniel,Ricciardo,164,HRT,22.0,24.0,0.0,26.0,0.0,0.0,11.0,0.0,0
850,2011,10,German Grand Prix,812,Karun,Chandhok,205,Lotus,20.0,21.0,0.0,22.0,0.0,0.0,10.0,0.0,0
850,2011,10,German Grand Prix,24,Vitantonio,Liuzzi,164,HRT,23.0,23.0,0.0,20.0,0.0,0.0,11.0,0.0,0
850,2011,10,German Grand Prix,18,Jenson,Button,1,McLaren,7.0,7.0,109.0,5.0,1.0,218.0,2.0,2.0,0
850,2011,10,German Grand Prix,22,Rubens,Barrichello,3,Williams,14.0,14.0,4.0,16.0,0.0,4.0,9.0,0.0,0
850,2011,10,German Grand Prix,2,Nick,Heidfeld,4,Renault,11.0,11.0,34.0,8.0,0.0,65.0,5.0,0.0,0
851,2011,11,Hungarian Grand Prix,18,Jenson,Button,1,McLaren,3.0,3.0,109.0,5.0,1.0,243.0,2.0,3.0,1
851,2011,11,Hungarian Grand Prix,20,Sebastian,Vettel,9,Red Bull,1.0,1.0,216.0,1.0,6.0,355.0,1.0,6.0,1
851,2011,11,Hungarian Grand Prix,4,Fernando,Alonso,6,Ferrari,5.0,5.0,130.0,4.0,1.0,192.0,3.0,1.0,1
851,2011,11,Hungarian Grand Prix,1,Lewis,Hamilton,1,McLaren,2.0,2.0,134.0,3.0,2.0,243.0,2.0,3.0,0
851,2011,11,Hungarian Grand Prix,17,Mark,Webber,9,Red Bull,6.0,6.0,139.0,2.0,0.0,355.0,1.0,6.0,0
851,2011,11,Hungarian Grand Prix,13,Felipe,Massa,6,Ferrari,4.0,4.0,62.0,6.0,0.0,192.0,3.0,1.0,0
851,2011,11,Hungarian Grand Prix,814,Paul,di Resta,10,Force India,11.0,11.0,2.0,17.0,0.0,20.0,7.0,0.0,0
851,2011,11,Hungarian Grand Prix,67,Sébastien,Buemi,5,Toro Rosso,23.0,18.0,8.0,15.0,0.0,17.0,8.0,0.0,0
851,2011,11,Hungarian Grand Prix,3,Nico,Rosberg,131,Mercedes,7.0,7.0,46.0,7.0,0.0,78.0,4.0,0.0,0
851,2011,11,Hungarian Grand Prix,153,Jaime,Alguersuari,5,Toro Rosso,16.0,16.0,9.0,13.0,0.0,17.0,8.0,0.0,0
851,2011,11,Hungarian Grand Prix,155,Kamui,Kobayashi,15,Sauber,13.0,13.0,27.0,11.0,0.0,35.0,6.0,0.0,0
851,2011,11,Hungarian Grand Prix,808,Vitaly,Petrov,4,Renault,12.0,12.0,32.0,9.0,0.0,66.0,5.0,0.0,0
851,2011,11,Hungarian Grand Prix,22,Rubens,Barrichello,3,Williams,15.0,15.0,4.0,16.0,0.0,4.0,9.0,0.0,0
851,2011,11,Hungarian Grand Prix,16,Adrian,Sutil,10,Force India,8.0,8.0,18.0,12.0,0.0,20.0,7.0,0.0,0
851,2011,11,Hungarian Grand Prix,815,Sergio,Pérez,15,Sauber,10.0,10.0,8.0,14.0,0.0,35.0,6.0,0.0,0
851,2011,11,Hungarian Grand Prix,813,Pastor,Maldonado,3,Williams,17.0,17.0,0.0,21.0,0.0,4.0,9.0,0.0,0
851,2011,11,Hungarian Grand Prix,10,Timo,Glock,166,Virgin,20.0,21.0,0.0,24.0,0.0,0.0,12.0,0.0,0
851,2011,11,Hungarian Grand Prix,817,Daniel,Ricciardo,164,HRT,22.0,23.0,0.0,26.0,0.0,0.0,11.0,0.0,0
851,2011,11,Hungarian Grand Prix,816,Jérôme,d'Ambrosio,166,Virgin,24.0,24.0,0.0,22.0,0.0,0.0,12.0,0.0,0
851,2011,11,Hungarian Grand Prix,24,Vitantonio,Liuzzi,164,HRT,21.0,22.0,0.0,20.0,0.0,0.0,11.0,0.0,0
851,2011,11,Hungarian Grand Prix,5,Heikki,Kovalainen,205,Lotus,18.0,19.0,0.0,23.0,0.0,0.0,10.0,0.0,0
851,2011,11,Hungarian Grand Prix,30,Michael,Schumacher,131,Mercedes,9.0,9.0,32.0,10.0,0.0,78.0,4.0,0.0,0
851,2011,11,Hungarian Grand Prix,2,Nick,Heidfeld,4,Renault,14.0,14.0,34.0,8.0,0.0,66.0,5.0,0.0,0
851,2011,11,Hungarian Grand Prix,15,Jarno,Trulli,205,Lotus,19.0,20.0,0.0,19.0,0.0,0.0,10.0,0.0,0
852,2011,12,Belgian Grand Prix,20,Sebastian,Vettel,9,Red Bull,1.0,1.0,234.0,1.0,6.0,383.0,1.0,6.0,1
852,2011,12,Belgian Grand Prix,17,Mark,Webber,9,Red Bull,3.0,3.0,149.0,2.0,0.0,383.0,1.0,6.0,1
852,2011,12,Belgian Grand Prix,18,Jenson,Button,1,McLaren,13.0,13.0,134.0,5.0,2.0,280.0,2.0,4.0,1
852,2011,12,Belgian Grand Prix,4,Fernando,Alonso,6,Ferrari,8.0,8.0,145.0,4.0,1.0,215.0,3.0,1.0,0
852,2011,12,Belgian Grand Prix,30,Michael,Schumacher,131,Mercedes,24.0,25.0,32.0,10.0,0.0,80.0,4.0,0.0,0
852,2011,12,Belgian Grand Prix,3,Nico,Rosberg,131,Mercedes,5.0,5.0,48.0,7.0,0.0,80.0,4.0,0.0,0
852,2011,12,Belgian Grand Prix,16,Adrian,Sutil,10,Force India,15.0,15.0,18.0,12.0,0.0,26.0,7.0,0.0,0
852,2011,12,Belgian Grand Prix,13,Felipe,Massa,6,Ferrari,4.0,4.0,70.0,6.0,0.0,215.0,3.0,1.0,0
852,2011,12,Belgian Grand Prix,808,Vitaly,Petrov,4,Renault,10.0,10.0,32.0,9.0,0.0,66.0,5.0,0.0,0
852,2011,12,Belgian Grand Prix,813,Pastor,Maldonado,3,Williams,21.0,16.0,0.0,21.0,0.0,4.0,9.0,0.0,0
852,2011,12,Belgian Grand Prix,814,Paul,di Resta,10,Force India,17.0,18.0,8.0,16.0,0.0,26.0,7.0,0.0,0
852,2011,12,Belgian Grand Prix,155,Kamui,Kobayashi,15,Sauber,12.0,12.0,27.0,11.0,0.0,35.0,6.0,0.0,0
852,2011,12,Belgian Grand Prix,811,Bruno,Senna,4,Renault,7.0,7.0,0.0,23.0,0.0,66.0,5.0,0.0,0
852,2011,12,Belgian Grand Prix,15,Jarno,Trulli,205,Lotus,18.0,19.0,0.0,19.0,0.0,0.0,10.0,0.0,0
852,2011,12,Belgian Grand Prix,5,Heikki,Kovalainen,205,Lotus,16.0,17.0,0.0,23.0,0.0,0.0,10.0,0.0,0
852,2011,12,Belgian Grand Prix,22,Rubens,Barrichello,3,Williams,14.0,14.0,4.0,17.0,0.0,4.0,9.0,0.0,0
852,2011,12,Belgian Grand Prix,816,Jérôme,d'Ambrosio,166,Virgin,20.0,21.0,0.0,22.0,0.0,0.0,12.0,0.0,0
852,2011,12,Belgian Grand Prix,10,Timo,Glock,166,Virgin,19.0,20.0,0.0,24.0,0.0,0.0,12.0,0.0,0
852,2011,12,Belgian Grand Prix,24,Vitantonio,Liuzzi,164,HRT,22.0,22.0,0.0,20.0,0.0,0.0,11.0,0.0,0
852,2011,12,Belgian Grand Prix,815,Sergio,Pérez,15,Sauber,9.0,9.0,8.0,15.0,0.0,35.0,6.0,0.0,0
852,2011,12,Belgian Grand Prix,817,Daniel,Ricciardo,164,HRT,23.0,23.0,0.0,26.0,0.0,0.0,11.0,0.0,0
852,2011,12,Belgian Grand Prix,1,Lewis,Hamilton,1,McLaren,2.0,2.0,146.0,3.0,2.0,280.0,2.0,4.0,0
852,2011,12,Belgian Grand Prix,67,Sébastien,Buemi,5,Toro Rosso,11.0,11.0,12.0,13.0,0.0,22.0,8.0,0.0,0
852,2011,12,Belgian Grand Prix,153,Jaime,Alguersuari,5,Toro Rosso,6.0,6.0,10.0,14.0,0.0,22.0,8.0,0.0,0
853,2011,13,Italian Grand Prix,20,Sebastian,Vettel,9,Red Bull,1.0,1.0,259.0,1.0,7.0,426.0,1.0,7.0,1
853,2011,13,Italian Grand Prix,18,Jenson,Button,1,McLaren,3.0,3.0,149.0,4.0,2.0,295.0,2.0,4.0,1
853,2011,13,Italian Grand Prix,4,Fernando,Alonso,6,Ferrari,4.0,4.0,157.0,3.0,1.0,231.0,3.0,1.0,1
853,2011,13,Italian Grand Prix,1,Lewis,Hamilton,1,McLaren,2.0,2.0,146.0,5.0,2.0,295.0,2.0,4.0,0
853,2011,13,Italian Grand Prix,30,Michael,Schumacher,131,Mercedes,8.0,8.0,42.0,8.0,0.0,98.0,4.0,0.0,0
853,2011,13,Italian Grand Prix,13,Felipe,Massa,6,Ferrari,6.0,6.0,74.0,6.0,0.0,231.0,3.0,1.0,0
853,2011,13,Italian Grand Prix,153,Jaime,Alguersuari,5,Toro Rosso,18.0,18.0,10.0,14.0,0.0,22.0,8.0,0.0,0
853,2011,13,Italian Grand Prix,814,Paul,di Resta,10,Force India,11.0,11.0,8.0,16.0,0.0,32.0,7.0,0.0,0
853,2011,13,Italian Grand Prix,811,Bruno,Senna,4,Renault,10.0,10.0,0.0,22.0,0.0,68.0,5.0,0.0,0
853,2011,13,Italian Grand Prix,67,Sébastien,Buemi,5,Toro Rosso,16.0,16.0,12.0,13.0,0.0,22.0,8.0,0.0,0
853,2011,13,Italian Grand Prix,813,Pastor,Maldonado,3,Williams,14.0,14.0,1.0,18.0,0.0,5.0,9.0,0.0,0
853,2011,13,Italian Grand Prix,22,Rubens,Barrichello,3,Williams,13.0,13.0,4.0,17.0,0.0,5.0,9.0,0.0,0
853,2011,13,Italian Grand Prix,5,Heikki,Kovalainen,205,Lotus,20.0,20.0,0.0,24.0,0.0,0.0,10.0,0.0,0
853,2011,13,Italian Grand Prix,15,Jarno,Trulli,205,Lotus,19.0,19.0,0.0,20.0,0.0,0.0,10.0,0.0,0
853,2011,13,Italian Grand Prix,10,Timo,Glock,166,Virgin,21.0,21.0,0.0,25.0,0.0,0.0,12.0,0.0,0
853,2011,13,Italian Grand Prix,817,Daniel,Ricciardo,164,HRT,23.0,23.0,0.0,27.0,0.0,0.0,11.0,0.0,0
853,2011,13,Italian Grand Prix,815,Sergio,Pérez,15,Sauber,15.0,15.0,8.0,15.0,0.0,35.0,6.0,0.0,0
853,2011,13,Italian Grand Prix,155,Kamui,Kobayashi,15,Sauber,17.0,17.0,27.0,11.0,0.0,35.0,6.0,0.0,0
853,2011,13,Italian Grand Prix,16,Adrian,Sutil,10,Force India,12.0,12.0,24.0,12.0,0.0,32.0,7.0,0.0,0
853,2011,13,Italian Grand Prix,17,Mark,Webber,9,Red Bull,5.0,5.0,167.0,2.0,0.0,426.0,1.0,7.0,0
853,2011,13,Italian Grand Prix,816,Jérôme,d'Ambrosio,166,Virgin,22.0,22.0,0.0,23.0,0.0,0.0,12.0,0.0,0
853,2011,13,Italian Grand Prix,808,Vitaly,Petrov,4,Renault,7.0,7.0,34.0,9.0,0.0,68.0,5.0,0.0,0
853,2011,13,Italian Grand Prix,3,Nico,Rosberg,131,Mercedes,9.0,9.0,56.0,7.0,0.0,98.0,4.0,0.0,0
853,2011,13,Italian Grand Prix,24,Vitantonio,Liuzzi,164,HRT,24.0,24.0,0.0,21.0,0.0,0.0,11.0,0.0,0
854,2011,14,Singapore Grand Prix,20,Sebastian,Vettel,9,Red Bull,1.0,1.0,284.0,1.0,8.0,451.0,1.0,8.0,1
854,2011,14,Singapore Grand Prix,18,Jenson,Button,1,McLaren,3.0,3.0,167.0,3.0,2.0,325.0,2.0,4.0,1
854,2011,14,Singapore Grand Prix,17,Mark,Webber,9,Red Bull,2.0,2.0,167.0,4.0,0.0,451.0,1.0,8.0,1
854,2011,14,Singapore Grand Prix,4,Fernando,Alonso,6,Ferrari,5.0,5.0,172.0,2.0,1.0,254.0,3.0,1.0,0
854,2011,14,Singapore Grand Prix,1,Lewis,Hamilton,1,McLaren,4.0,4.0,158.0,5.0,2.0,325.0,2.0,4.0,0
854,2011,14,Singapore Grand Prix,814,Paul,di Resta,10,Force India,10.0,10.0,12.0,15.0,0.0,36.0,6.0,0.0,0
854,2011,14,Singapore Grand Prix,3,Nico,Rosberg,131,Mercedes,7.0,7.0,56.0,7.0,0.0,108.0,4.0,0.0,0
854,2011,14,Singapore Grand Prix,16,Adrian,Sutil,10,Force India,9.0,9.0,24.0,12.0,0.0,36.0,6.0,0.0,0
854,2011,14,Singapore Grand Prix,13,Felipe,Massa,6,Ferrari,6.0,6.0,82.0,6.0,0.0,254.0,3.0,1.0,0
854,2011,14,Singapore Grand Prix,815,Sergio,Pérez,15,Sauber,11.0,11.0,8.0,16.0,0.0,35.0,7.0,0.0,0
854,2011,14,Singapore Grand Prix,813,Pastor,Maldonado,3,Williams,13.0,13.0,1.0,19.0,0.0,5.0,9.0,0.0,0
854,2011,14,Singapore Grand Prix,67,Sébastien,Buemi,5,Toro Rosso,14.0,14.0,13.0,14.0,0.0,29.0,8.0,0.0,0
854,2011,14,Singapore Grand Prix,22,Rubens,Barrichello,3,Williams,12.0,12.0,4.0,17.0,0.0,5.0,9.0,0.0,0
854,2011,14,Singapore Grand Prix,155,Kamui,Kobayashi,15,Sauber,17.0,17.0,27.0,11.0,0.0,35.0,7.0,0.0,0
854,2011,14,Singapore Grand Prix,811,Bruno,Senna,4,Renault,15.0,15.0,2.0,18.0,0.0,70.0,5.0,0.0,0
854,2011,14,Singapore Grand Prix,5,Heikki,Kovalainen,205,Lotus,19.0,19.0,0.0,22.0,0.0,0.0,10.0,0.0,0
854,2011,14,Singapore Grand Prix,808,Vitaly,Petrov,4,Renault,18.0,18.0,34.0,9.0,0.0,70.0,5.0,0.0,0
854,2011,14,Singapore Grand Prix,816,Jérôme,d'Ambrosio,166,Virgin,22.0,22.0,0.0,24.0,0.0,0.0,12.0,0.0,0
854,2011,14,Singapore Grand Prix,817,Daniel,Ricciardo,164,HRT,23.0,23.0,0.0,27.0,0.0,0.0,11.0,0.0,0
854,2011,14,Singapore Grand Prix,24,Vitantonio,Liuzzi,164,HRT,24.0,24.0,0.0,23.0,0.0,0.0,11.0,0.0,0
854,2011,14,Singapore Grand Prix,153,Jaime,Alguersuari,5,Toro Rosso,16.0,16.0,16.0,13.0,0.0,29.0,8.0,0.0,0
854,2011,14,Singapore Grand Prix,15,Jarno,Trulli,205,Lotus,20.0,20.0,0.0,21.0,0.0,0.0,10.0,0.0,0
854,2011,14,Singapore Grand Prix,30,Michael,Schumacher,131,Mercedes,8.0,8.0,52.0,8.0,0.0,108.0,4.0,0.0,0
854,2011,14,Singapore Grand Prix,10,Timo,Glock,166,Virgin,21.0,21.0,0.0,25.0,0.0,0.0,12.0,0.0,0
855,2011,15,Japanese Grand Prix,18,Jenson,Button,1,McLaren,2.0,2.0,185.0,2.0,2.0,353.0,2.0,4.0,1
855,2011,15,Japanese Grand Prix,4,Fernando,Alonso,6,Ferrari,5.0,5.0,184.0,3.0,1.0,268.0,3.0,1.0,1
855,2011,15,Japanese Grand Prix,20,Sebastian,Vettel,9,Red Bull,1.0,1.0,309.0,1.0,9.0,491.0,1.0,9.0,1
855,2011,15,Japanese Grand Prix,17,Mark,Webber,9,Red Bull,6.0,6.0,182.0,4.0,0.0,491.0,1.0,9.0,0
855,2011,15,Japanese Grand Prix,1,Lewis,Hamilton,1,McLaren,3.0,3.0,168.0,5.0,2.0,353.0,2.0,4.0,0
855,2011,15,Japanese Grand Prix,30,Michael,Schumacher,131,Mercedes,8.0,7.0,52.0,8.0,0.0,114.0,4.0,0.0,0
855,2011,15,Japanese Grand Prix,13,Felipe,Massa,6,Ferrari,4.0,4.0,84.0,6.0,0.0,268.0,3.0,1.0,0
855,2011,15,Japanese Grand Prix,815,Sergio,Pérez,15,Sauber,17.0,17.0,9.0,16.0,0.0,36.0,7.0,0.0,0
855,2011,15,Japanese Grand Prix,808,Vitaly,Petrov,4,Renault,10.0,9.0,34.0,9.0,0.0,70.0,5.0,0.0,0
855,2011,15,Japanese Grand Prix,3,Nico,Rosberg,131,Mercedes,23.0,23.0,62.0,7.0,0.0,114.0,4.0,0.0,0
855,2011,15,Japanese Grand Prix,16,Adrian,Sutil,10,Force India,11.0,11.0,28.0,11.0,0.0,48.0,6.0,0.0,0
855,2011,15,Japanese Grand Prix,814,Paul,di Resta,10,Force India,12.0,12.0,20.0,13.0,0.0,48.0,6.0,0.0,0
855,2011,15,Japanese Grand Prix,155,Kamui,Kobayashi,15,Sauber,7.0,10.0,27.0,12.0,0.0,36.0,7.0,0.0,0
855,2011,15,Japanese Grand Prix,813,Pastor,Maldonado,3,Williams,14.0,14.0,1.0,19.0,0.0,5.0,9.0,0.0,0
855,2011,15,Japanese Grand Prix,153,Jaime,Alguersuari,5,Toro Rosso,16.0,16.0,16.0,14.0,0.0,29.0,8.0,0.0,0
855,2011,15,Japanese Grand Prix,811,Bruno,Senna,4,Renault,9.0,8.0,2.0,18.0,0.0,70.0,5.0,0.0,0
855,2011,15,Japanese Grand Prix,22,Rubens,Barrichello,3,Williams,13.0,13.0,4.0,17.0,0.0,5.0,9.0,0.0,0
855,2011,15,Japanese Grand Prix,5,Heikki,Kovalainen,205,Lotus,18.0,18.0,0.0,22.0,0.0,0.0,10.0,0.0,0
855,2011,15,Japanese Grand Prix,15,Jarno,Trulli,205,Lotus,19.0,19.0,0.0,21.0,0.0,0.0,10.0,0.0,0
855,2011,15,Japanese Grand Prix,10,Timo,Glock,166,Virgin,21.0,21.0,0.0,25.0,0.0,0.0,12.0,0.0,0
855,2011,15,Japanese Grand Prix,816,Jérôme,d'Ambrosio,166,Virgin,20.0,20.0,0.0,24.0,0.0,0.0,12.0,0.0,0
855,2011,15,Japanese Grand Prix,817,Daniel,Ricciardo,164,HRT,22.0,22.0,0.0,27.0,0.0,0.0,11.0,0.0,0
855,2011,15,Japanese Grand Prix,24,Vitantonio,Liuzzi,164,HRT,24.0,24.0,0.0,23.0,0.0,0.0,11.0,0.0,0
855,2011,15,Japanese Grand Prix,67,Sébastien,Buemi,5,Toro Rosso,15.0,15.0,13.0,15.0,0.0,29.0,8.0,0.0,0
856,2011,16,Korean Grand Prix,20,Sebastian,Vettel,9,Red Bull,2.0,2.0,324.0,1.0,9.0,518.0,1.0,9.0,1
856,2011,16,Korean Grand Prix,1,Lewis,Hamilton,1,McLaren,1.0,1.0,178.0,5.0,2.0,388.0,2.0,5.0,1
856,2011,16,Korean Grand Prix,17,Mark,Webber,9,Red Bull,4.0,4.0,194.0,4.0,0.0,518.0,1.0,9.0,1
856,2011,16,Korean Grand Prix,18,Jenson,Button,1,McLaren,3.0,3.0,210.0,2.0,3.0,388.0,2.0,5.0,0
856,2011,16,Korean Grand Prix,4,Fernando,Alonso,6,Ferrari,6.0,6.0,202.0,3.0,1.0,292.0,3.0,1.0,0
856,2011,16,Korean Grand Prix,13,Felipe,Massa,6,Ferrari,5.0,5.0,90.0,6.0,0.0,292.0,3.0,1.0,0
856,2011,16,Korean Grand Prix,153,Jaime,Alguersuari,5,Toro Rosso,11.0,11.0,16.0,14.0,0.0,29.0,8.0,0.0,0
856,2011,16,Korean Grand Prix,3,Nico,Rosberg,131,Mercedes,7.0,7.0,63.0,7.0,0.0,123.0,4.0,0.0,0
856,2011,16,Korean Grand Prix,67,Sébastien,Buemi,5,Toro Rosso,13.0,13.0,13.0,16.0,0.0,29.0,8.0,0.0,0
856,2011,16,Korean Grand Prix,814,Paul,di Resta,10,Force India,9.0,9.0,20.0,13.0,0.0,48.0,6.0,0.0,0
856,2011,16,Korean Grand Prix,16,Adrian,Sutil,10,Force India,10.0,10.0,28.0,11.0,0.0,48.0,6.0,0.0,0
856,2011,16,Korean Grand Prix,22,Rubens,Barrichello,3,Williams,18.0,18.0,4.0,17.0,0.0,5.0,9.0,0.0,0
856,2011,16,Korean Grand Prix,811,Bruno,Senna,4,Renault,15.0,15.0,2.0,18.0,0.0,72.0,5.0,0.0,0
856,2011,16,Korean Grand Prix,5,Heikki,Kovalainen,205,Lotus,19.0,19.0,0.0,22.0,0.0,0.0,10.0,0.0,0
856,2011,16,Korean Grand Prix,155,Kamui,Kobayashi,15,Sauber,14.0,14.0,27.0,12.0,0.0,40.0,7.0,0.0,0
856,2011,16,Korean Grand Prix,815,Sergio,Pérez,15,Sauber,17.0,17.0,13.0,15.0,0.0,40.0,7.0,0.0,0
856,2011,16,Korean Grand Prix,15,Jarno,Trulli,205,Lotus,20.0,20.0,0.0,21.0,0.0,0.0,10.0,0.0,0
856,2011,16,Korean Grand Prix,10,Timo,Glock,166,Virgin,21.0,21.0,0.0,25.0,0.0,0.0,12.0,0.0,0
856,2011,16,Korean Grand Prix,817,Daniel,Ricciardo,164,HRT,24.0,24.0,0.0,27.0,0.0,0.0,11.0,0.0,0
856,2011,16,Korean Grand Prix,816,Jérôme,d'Ambrosio,166,Virgin,22.0,22.0,0.0,24.0,0.0,0.0,12.0,0.0,0
856,2011,16,Korean Grand Prix,24,Vitantonio,Liuzzi,164,HRT,23.0,23.0,0.0,23.0,0.0,0.0,11.0,0.0,0
856,2011,16,Korean Grand Prix,813,Pastor,Maldonado,3,Williams,16.0,16.0,1.0,19.0,0.0,5.0,9.0,0.0,0
856,2011,16,Korean Grand Prix,808,Vitaly,Petrov,4,Renault,8.0,8.0,36.0,9.0,0.0,72.0,5.0,0.0,0
856,2011,16,Korean Grand Prix,30,Michael,Schumacher,131,Mercedes,12.0,12.0,60.0,8.0,0.0,123.0,4.0,0.0,0
857,2011,17,Indian Grand Prix,20,Sebastian,Vettel,9,Red Bull,1.0,1.0,349.0,1.0,10.0,558.0,1.0,10.0,1
857,2011,17,Indian Grand Prix,18,Jenson,Button,1,McLaren,4.0,5.0,222.0,2.0,3.0,418.0,2.0,5.0,1
857,2011,17,Indian Grand Prix,4,Fernando,Alonso,6,Ferrari,3.0,4.0,212.0,3.0,1.0,310.0,3.0,1.0,1
857,2011,17,Indian Grand Prix,17,Mark,Webber,9,Red Bull,2.0,3.0,209.0,4.0,0.0,558.0,1.0,10.0,0
857,2011,17,Indian Grand Prix,30,Michael,Schumacher,131,Mercedes,11.0,12.0,60.0,8.0,0.0,127.0,4.0,0.0,0
857,2011,17,Indian Grand Prix,3,Nico,Rosberg,131,Mercedes,7.0,7.0,67.0,7.0,0.0,127.0,4.0,0.0,0
857,2011,17,Indian Grand Prix,1,Lewis,Hamilton,1,McLaren,5.0,2.0,196.0,5.0,2.0,418.0,2.0,5.0,0
857,2011,17,Indian Grand Prix,153,Jaime,Alguersuari,5,Toro Rosso,10.0,10.0,22.0,13.0,0.0,37.0,8.0,0.0,0
857,2011,17,Indian Grand Prix,16,Adrian,Sutil,10,Force India,8.0,8.0,28.0,11.0,0.0,49.0,6.0,0.0,0
857,2011,17,Indian Grand Prix,815,Sergio,Pérez,15,Sauber,20.0,17.0,13.0,16.0,0.0,40.0,7.0,0.0,0
857,2011,17,Indian Grand Prix,808,Vitaly,Petrov,4,Renault,16.0,11.0,36.0,9.0,0.0,72.0,5.0,0.0,0
857,2011,17,Indian Grand Prix,811,Bruno,Senna,4,Renault,14.0,15.0,2.0,18.0,0.0,72.0,5.0,0.0,0
857,2011,17,Indian Grand Prix,814,Paul,di Resta,10,Force India,12.0,13.0,21.0,14.0,0.0,49.0,6.0,0.0,0
857,2011,17,Indian Grand Prix,5,Heikki,Kovalainen,205,Lotus,18.0,19.0,0.0,22.0,0.0,0.0,10.0,0.0,0
857,2011,17,Indian Grand Prix,22,Rubens,Barrichello,3,Williams,15.0,16.0,4.0,17.0,0.0,5.0,9.0,0.0,0
857,2011,17,Indian Grand Prix,816,Jérôme,d'Ambrosio,166,Virgin,21.0,23.0,0.0,24.0,0.0,0.0,12.0,0.0,0
857,2011,17,Indian Grand Prix,39,Narain,Karthikeyan,164,HRT,24.0,22.0,0.0,26.0,0.0,0.0,11.0,0.0,0
857,2011,17,Indian Grand Prix,817,Daniel,Ricciardo,164,HRT,23.0,21.0,0.0,27.0,0.0,0.0,11.0,0.0,0
857,2011,17,Indian Grand Prix,15,Jarno,Trulli,205,Lotus,19.0,20.0,0.0,21.0,0.0,0.0,10.0,0.0,0
857,2011,17,Indian Grand Prix,13,Felipe,Massa,6,Ferrari,6.0,6.0,98.0,6.0,0.0,310.0,3.0,1.0,0
857,2011,17,Indian Grand Prix,67,Sébastien,Buemi,5,Toro Rosso,9.0,9.0,15.0,15.0,0.0,37.0,8.0,0.0,0
857,2011,17,Indian Grand Prix,813,Pastor,Maldonado,3,Williams,13.0,14.0,1.0,19.0,0.0,5.0,9.0,0.0,0
857,2011,17,Indian Grand Prix,10,Timo,Glock,166,Virgin,22.0,24.0,0.0,25.0,0.0,0.0,12.0,0.0,0
857,2011,17,Indian Grand Prix,155,Kamui,Kobayashi,15,Sauber,17.0,18.0,27.0,12.0,0.0,40.0,7.0,0.0,0
858,2011,18,Abu Dhabi Grand Prix,1,Lewis,Hamilton,1,McLaren,2.0,2.0,202.0,5.0,2.0,442.0,2.0,5.0,1
858,2011,18,Abu Dhabi Grand Prix,4,Fernando,Alonso,6,Ferrari,5.0,5.0,227.0,3.0,1.0,325.0,3.0,1.0,1
858,2011,18,Abu Dhabi Grand Prix,18,Jenson,Button,1,McLaren,3.0,3.0,240.0,2.0,3.0,442.0,2.0,5.0,1
858,2011,18,Abu Dhabi Grand Prix,17,Mark,Webber,9,Red Bull,4.0,4.0,221.0,4.0,0.0,595.0,1.0,11.0,0
858,2011,18,Abu Dhabi Grand Prix,13,Felipe,Massa,6,Ferrari,6.0,6.0,98.0,6.0,0.0,325.0,3.0,1.0,0
858,2011,18,Abu Dhabi Grand Prix,3,Nico,Rosberg,131,Mercedes,7.0,7.0,75.0,7.0,0.0,145.0,4.0,0.0,0
858,2011,18,Abu Dhabi Grand Prix,30,Michael,Schumacher,131,Mercedes,8.0,8.0,70.0,8.0,0.0,145.0,4.0,0.0,0
858,2011,18,Abu Dhabi Grand Prix,16,Adrian,Sutil,10,Force India,9.0,9.0,30.0,11.0,0.0,51.0,6.0,0.0,0
858,2011,18,Abu Dhabi Grand Prix,814,Paul,di Resta,10,Force India,10.0,10.0,21.0,14.0,0.0,51.0,6.0,0.0,0
858,2011,18,Abu Dhabi Grand Prix,155,Kamui,Kobayashi,15,Sauber,16.0,16.0,27.0,12.0,0.0,41.0,7.0,0.0,0
858,2011,18,Abu Dhabi Grand Prix,815,Sergio,Pérez,15,Sauber,11.0,11.0,14.0,16.0,0.0,41.0,7.0,0.0,0
858,2011,18,Abu Dhabi Grand Prix,22,Rubens,Barrichello,3,Williams,24.0,25.0,4.0,17.0,0.0,5.0,9.0,0.0,0
858,2011,18,Abu Dhabi Grand Prix,808,Vitaly,Petrov,4,Renault,12.0,12.0,36.0,9.0,0.0,72.0,5.0,0.0,0
858,2011,18,Abu Dhabi Grand Prix,813,Pastor,Maldonado,3,Williams,23.0,17.0,1.0,19.0,0.0,5.0,9.0,0.0,0
858,2011,18,Abu Dhabi Grand Prix,153,Jaime,Alguersuari,5,Toro Rosso,15.0,15.0,26.0,13.0,0.0,41.0,8.0,0.0,0
858,2011,18,Abu Dhabi Grand Prix,811,Bruno,Senna,4,Renault,14.0,14.0,2.0,18.0,0.0,72.0,5.0,0.0,0
858,2011,18,Abu Dhabi Grand Prix,5,Heikki,Kovalainen,205,Lotus,17.0,18.0,0.0,22.0,0.0,0.0,10.0,0.0,0
858,2011,18,Abu Dhabi Grand Prix,15,Jarno,Trulli,205,Lotus,18.0,19.0,0.0,21.0,0.0,0.0,10.0,0.0,0
858,2011,18,Abu Dhabi Grand Prix,10,Timo,Glock,166,Virgin,19.0,20.0,0.0,25.0,0.0,0.0,12.0,0.0,0
858,2011,18,Abu Dhabi Grand Prix,24,Vitantonio,Liuzzi,164,HRT,22.0,23.0,0.0,23.0,0.0,0.0,11.0,0.0,0
858,2011,18,Abu Dhabi Grand Prix,817,Daniel,Ricciardo,164,HRT,20.0,21.0,0.0,27.0,0.0,0.0,11.0,0.0,0
858,2011,18,Abu Dhabi Grand Prix,67,Sébastien,Buemi,5,Toro Rosso,13.0,13.0,15.0,15.0,0.0,41.0,8.0,0.0,0
858,2011,18,Abu Dhabi Grand Prix,816,Jérôme,d'Ambrosio,166,Virgin,21.0,22.0,0.0,24.0,0.0,0.0,12.0,0.0,0
858,2011,18,Abu Dhabi Grand Prix,20,Sebastian,Vettel,9,Red Bull,1.0,1.0,374.0,1.0,11.0,595.0,1.0,11.0,0
859,2011,19,Brazilian Grand Prix,17,Mark,Webber,9,Red Bull,2.0,2.0,233.0,4.0,0.0,607.0,1.0,11.0,1
859,2011,19,Brazilian Grand Prix,20,Sebastian,Vettel,9,Red Bull,1.0,1.0,374.0,1.0,11.0,607.0,1.0,11.0,1
859,2011,19,Brazilian Grand Prix,18,Jenson,Button,1,McLaren,3.0,3.0,255.0,2.0,3.0,482.0,2.0,6.0,1
859,2011,19,Brazilian Grand Prix,4,Fernando,Alonso,6,Ferrari,5.0,5.0,245.0,3.0,1.0,353.0,3.0,1.0,0
859,2011,19,Brazilian Grand Prix,13,Felipe,Massa,6,Ferrari,7.0,7.0,108.0,6.0,0.0,353.0,3.0,1.0,0
859,2011,19,Brazilian Grand Prix,16,Adrian,Sutil,10,Force India,8.0,8.0,34.0,11.0,0.0,57.0,6.0,0.0,0
859,2011,19,Brazilian Grand Prix,3,Nico,Rosberg,131,Mercedes,6.0,6.0,83.0,7.0,0.0,159.0,4.0,0.0,0
859,2011,19,Brazilian Grand Prix,814,Paul,di Resta,10,Force India,11.0,11.0,23.0,14.0,0.0,57.0,6.0,0.0,0
859,2011,19,Brazilian Grand Prix,155,Kamui,Kobayashi,15,Sauber,16.0,16.0,28.0,12.0,0.0,42.0,7.0,0.0,0
859,2011,19,Brazilian Grand Prix,808,Vitaly,Petrov,4,Renault,15.0,15.0,36.0,9.0,0.0,72.0,5.0,0.0,0
859,2011,19,Brazilian Grand Prix,153,Jaime,Alguersuari,5,Toro Rosso,13.0,13.0,26.0,13.0,0.0,41.0,8.0,0.0,0
859,2011,19,Brazilian Grand Prix,67,Sébastien,Buemi,5,Toro Rosso,14.0,14.0,15.0,15.0,0.0,41.0,8.0,0.0,0
859,2011,19,Brazilian Grand Prix,815,Sergio,Pérez,15,Sauber,17.0,17.0,14.0,16.0,0.0,42.0,7.0,0.0,0
859,2011,19,Brazilian Grand Prix,22,Rubens,Barrichello,3,Williams,12.0,12.0,4.0,17.0,0.0,5.0,9.0,0.0,0
859,2011,19,Brazilian Grand Prix,30,Michael,Schumacher,131,Mercedes,10.0,10.0,76.0,8.0,0.0,159.0,4.0,0.0,0
859,2011,19,Brazilian Grand Prix,5,Heikki,Kovalainen,205,Lotus,19.0,19.0,0.0,22.0,0.0,0.0,10.0,0.0,0
859,2011,19,Brazilian Grand Prix,811,Bruno,Senna,4,Renault,9.0,9.0,2.0,18.0,0.0,72.0,5.0,0.0,0
859,2011,19,Brazilian Grand Prix,15,Jarno,Trulli,205,Lotus,20.0,20.0,0.0,21.0,0.0,0.0,10.0,0.0,0
859,2011,19,Brazilian Grand Prix,816,Jérôme,d'Ambrosio,166,Virgin,23.0,23.0,0.0,24.0,0.0,0.0,12.0,0.0,0
859,2011,19,Brazilian Grand Prix,817,Daniel,Ricciardo,164,HRT,22.0,22.0,0.0,27.0,0.0,0.0,11.0,0.0,0
859,2011,19,Brazilian Grand Prix,24,Vitantonio,Liuzzi,164,HRT,21.0,21.0,0.0,23.0,0.0,0.0,11.0,0.0,0
859,2011,19,Brazilian Grand Prix,1,Lewis,Hamilton,1,McLaren,4.0,4.0,227.0,5.0,3.0,482.0,2.0,6.0,0
859,2011,19,Brazilian Grand Prix,813,Pastor,Maldonado,3,Williams,18.0,18.0,1.0,19.0,0.0,5.0,9.0,0.0,0
859,2011,19,Brazilian Grand Prix,10,Timo,Glock,166,Virgin,24.0,24.0,0.0,25.0,0.0,0.0,12.0,0.0,0
860,2012,1,Australian Grand Prix,18,Jenson,Button,1,McLaren,2.0,2.0,270.0,2.0,3.0,497.0,2.0,6.0,1
860,2012,1,Australian Grand Prix,20,Sebastian,Vettel,9,Red Bull,6.0,6.0,392.0,1.0,11.0,650.0,1.0,12.0,1
860,2012,1,Australian Grand Prix,1,Lewis,Hamilton,1,McLaren,1.0,1.0,227.0,5.0,3.0,497.0,2.0,6.0,1
860,2012,1,Australian Grand Prix,17,Mark,Webber,9,Red Bull,5.0,5.0,258.0,3.0,1.0,650.0,1.0,12.0,0
860,2012,1,Australian Grand Prix,4,Fernando,Alonso,6,Ferrari,12.0,12.0,257.0,4.0,1.0,375.0,3.0,1.0,0
860,2012,1,Australian Grand Prix,155,Kamui,Kobayashi,15,Sauber,13.0,13.0,30.0,12.0,0.0,44.0,7.0,0.0,0
860,2012,1,Australian Grand Prix,8,Kimi,Räikkönen,208,Lotus F1,17.0,18.0,48.0,6.0,1.0,0.0,13.0,0.0,0
860,2012,1,Australian Grand Prix,815,Sergio,Pérez,15,Sauber,22.0,17.0,14.0,16.0,0.0,44.0,7.0,0.0,0
860,2012,1,Australian Grand Prix,817,Daniel,Ricciardo,5,Toro Rosso,10.0,10.0,0.0,27.0,0.0,41.0,8.0,0.0,0
860,2012,1,Australian Grand Prix,814,Paul,di Resta,10,Force India,15.0,15.0,27.0,13.0,0.0,69.0,6.0,0.0,0
860,2012,1,Australian Grand Prix,818,Jean-Éric,Vergne,5,Toro Rosso,11.0,11.0,0.0,28.0,0.0,41.0,8.0,0.0,0
860,2012,1,Australian Grand Prix,3,Nico,Rosberg,131,Mercedes,7.0,7.0,89.0,7.0,0.0,165.0,4.0,0.0,0
860,2012,1,Australian Grand Prix,813,Pastor,Maldonado,3,Williams,8.0,8.0,1.0,19.0,0.0,5.0,9.0,0.0,0
860,2012,1,Australian Grand Prix,10,Timo,Glock,206,Marussia,20.0,21.0,0.0,25.0,0.0,0.0,13.0,0.0,0
860,2012,1,Australian Grand Prix,819,Charles,Pic,206,Marussia,21.0,22.0,0.0,28.0,0.0,0.0,13.0,0.0,0
860,2012,1,Australian Grand Prix,811,Bruno,Senna,3,Williams,14.0,14.0,2.0,18.0,0.0,5.0,9.0,0.0,0
860,2012,1,Australian Grand Prix,13,Felipe,Massa,6,Ferrari,16.0,16.0,118.0,6.0,0.0,375.0,3.0,1.0,0
860,2012,1,Australian Grand Prix,5,Heikki,Kovalainen,207,Caterham,18.0,19.0,0.0,22.0,0.0,0.0,13.0,0.0,0
860,2012,1,Australian Grand Prix,808,Vitaly,Petrov,207,Caterham,19.0,20.0,37.0,10.0,0.0,0.0,13.0,0.0,0
860,2012,1,Australian Grand Prix,30,Michael,Schumacher,131,Mercedes,4.0,4.0,76.0,8.0,0.0,165.0,4.0,0.0,0
860,2012,1,Australian Grand Prix,154,Romain,Grosjean,208,Lotus F1,3.0,3.0,0.0,23.0,0.0,0.0,13.0,0.0,0
860,2012,1,Australian Grand Prix,807,Nico,Hülkenberg,10,Force India,9.0,9.0,22.0,14.0,0.0,69.0,6.0,0.0,0
860,2012,1,Australian Grand Prix,37,Pedro,de la Rosa,164,HRT,0.0,23.0,0.0,20.0,0.0,0.0,13.0,0.0,0
860,2012,1,Australian Grand Prix,39,Narain,Karthikeyan,164,HRT,0.0,24.0,0.0,26.0,0.0,0.0,13.0,0.0,0
861,2012,2,Malaysian Grand Prix,4,Fernando,Alonso,6,Ferrari,8.0,9.0,10.0,5.0,0.0,10.0,4.0,0.0,1
861,2012,2,Malaysian Grand Prix,815,Sergio,Pérez,15,Sauber,9.0,10.0,4.0,8.0,0.0,12.0,3.0,0.0,1
861,2012,2,Malaysian Grand Prix,1,Lewis,Hamilton,1,McLaren,1.0,1.0,15.0,3.0,0.0,40.0,1.0,1.0,1
861,2012,2,Malaysian Grand Prix,17,Mark,Webber,9,Red Bull,4.0,4.0,12.0,4.0,0.0,30.0,2.0,0.0,0
861,2012,2,Malaysian Grand Prix,8,Kimi,Räikkönen,208,Lotus F1,10.0,5.0,6.0,7.0,0.0,6.0,5.0,0.0,0
861,2012,2,Malaysian Grand Prix,811,Bruno,Senna,3,Williams,13.0,13.0,0.0,16.0,0.0,0.0,9.0,0.0,0
861,2012,2,Malaysian Grand Prix,814,Paul,di Resta,10,Force India,14.0,14.0,1.0,10.0,0.0,1.0,7.0,0.0,0
861,2012,2,Malaysian Grand Prix,818,Jean-Éric,Vergne,5,Toro Rosso,18.0,18.0,0.0,11.0,0.0,2.0,6.0,0.0,0
861,2012,2,Malaysian Grand Prix,807,Nico,Hülkenberg,10,Force India,16.0,16.0,0.0,22.0,0.0,1.0,7.0,0.0,0
861,2012,2,Malaysian Grand Prix,30,Michael,Schumacher,131,Mercedes,3.0,3.0,0.0,20.0,0.0,0.0,8.0,0.0,0
861,2012,2,Malaysian Grand Prix,20,Sebastian,Vettel,9,Red Bull,5.0,6.0,18.0,2.0,0.0,30.0,2.0,0.0,0
861,2012,2,Malaysian Grand Prix,817,Daniel,Ricciardo,5,Toro Rosso,15.0,15.0,2.0,9.0,0.0,2.0,6.0,0.0,0
861,2012,2,Malaysian Grand Prix,3,Nico,Rosberg,131,Mercedes,7.0,8.0,0.0,12.0,0.0,0.0,8.0,0.0,0
861,2012,2,Malaysian Grand Prix,18,Jenson,Button,1,McLaren,2.0,2.0,25.0,1.0,1.0,40.0,1.0,1.0,0
861,2012,2,Malaysian Grand Prix,13,Felipe,Massa,6,Ferrari,12.0,12.0,0.0,17.0,0.0,10.0,4.0,0.0,0
861,2012,2,Malaysian Grand Prix,808,Vitaly,Petrov,207,Caterham,19.0,20.0,0.0,19.0,0.0,0.0,11.0,0.0,0
861,2012,2,Malaysian Grand Prix,10,Timo,Glock,206,Marussia,20.0,21.0,0.0,14.0,0.0,0.0,10.0,0.0,0
861,2012,2,Malaysian Grand Prix,5,Heikki,Kovalainen,207,Caterham,24.0,19.0,0.0,18.0,0.0,0.0,11.0,0.0,0
861,2012,2,Malaysian Grand Prix,813,Pastor,Maldonado,3,Williams,11.0,11.0,0.0,13.0,0.0,0.0,9.0,0.0,0
861,2012,2,Malaysian Grand Prix,819,Charles,Pic,206,Marussia,21.0,22.0,0.0,15.0,0.0,0.0,10.0,0.0,0
861,2012,2,Malaysian Grand Prix,39,Narain,Karthikeyan,164,HRT,23.0,24.0,0.0,24.0,0.0,0.0,11.0,0.0,0
861,2012,2,Malaysian Grand Prix,37,Pedro,de la Rosa,164,HRT,22.0,23.0,0.0,23.0,0.0,0.0,11.0,0.0,0
861,2012,2,Malaysian Grand Prix,155,Kamui,Kobayashi,15,Sauber,17.0,17.0,8.0,6.0,0.0,12.0,3.0,0.0,0
861,2012,2,Malaysian Grand Prix,154,Romain,Grosjean,208,Lotus F1,6.0,7.0,0.0,21.0,0.0,6.0,5.0,0.0,0
862,2012,3,Chinese Grand Prix,3,Nico,Rosberg,131,Mercedes,1.0,1.0,0.0,15.0,0.0,1.0,9.0,0.0,1
862,2012,3,Chinese Grand Prix,18,Jenson,Button,1,McLaren,5.0,6.0,25.0,3.0,1.0,55.0,1.0,1.0,1
862,2012,3,Chinese Grand Prix,1,Lewis,Hamilton,1,McLaren,7.0,2.0,30.0,2.0,0.0,55.0,1.0,1.0,1
862,2012,3,Chinese Grand Prix,17,Mark,Webber,9,Red Bull,6.0,7.0,24.0,4.0,0.0,42.0,2.0,0.0,0
862,2012,3,Chinese Grand Prix,20,Sebastian,Vettel,9,Red Bull,11.0,11.0,18.0,6.0,0.0,42.0,2.0,0.0,0
862,2012,3,Chinese Grand Prix,154,Romain,Grosjean,208,Lotus F1,10.0,10.0,0.0,24.0,0.0,16.0,5.0,0.0,0
862,2012,3,Chinese Grand Prix,811,Bruno,Senna,3,Williams,14.0,14.0,8.0,8.0,0.0,8.0,7.0,0.0,0
862,2012,3,Chinese Grand Prix,813,Pastor,Maldonado,3,Williams,13.0,13.0,0.0,16.0,0.0,8.0,7.0,0.0,0
862,2012,3,Chinese Grand Prix,4,Fernando,Alonso,6,Ferrari,9.0,9.0,35.0,1.0,1.0,35.0,3.0,1.0,0
862,2012,3,Chinese Grand Prix,155,Kamui,Kobayashi,15,Sauber,3.0,4.0,8.0,9.0,0.0,30.0,4.0,0.0,0
862,2012,3,Chinese Grand Prix,815,Sergio,Pérez,15,Sauber,8.0,8.0,22.0,5.0,0.0,30.0,4.0,0.0,0
862,2012,3,Chinese Grand Prix,814,Paul,di Resta,10,Force India,15.0,15.0,7.0,10.0,0.0,9.0,6.0,0.0,0
862,2012,3,Chinese Grand Prix,13,Felipe,Massa,6,Ferrari,12.0,12.0,0.0,19.0,0.0,35.0,3.0,1.0,0
862,2012,3,Chinese Grand Prix,8,Kimi,Räikkönen,208,Lotus F1,4.0,5.0,16.0,7.0,0.0,16.0,5.0,0.0,0
862,2012,3,Chinese Grand Prix,807,Nico,Hülkenberg,10,Force India,16.0,16.0,2.0,13.0,0.0,9.0,6.0,0.0,0
862,2012,3,Chinese Grand Prix,818,Jean-Éric,Vergne,5,Toro Rosso,24.0,18.0,4.0,11.0,0.0,6.0,8.0,0.0,0
862,2012,3,Chinese Grand Prix,817,Daniel,Ricciardo,5,Toro Rosso,17.0,17.0,2.0,12.0,0.0,6.0,8.0,0.0,0
862,2012,3,Chinese Grand Prix,808,Vitaly,Petrov,207,Caterham,19.0,20.0,0.0,20.0,0.0,0.0,11.0,0.0,0
862,2012,3,Chinese Grand Prix,10,Timo,Glock,206,Marussia,20.0,21.0,0.0,17.0,0.0,0.0,10.0,0.0,0
862,2012,3,Chinese Grand Prix,819,Charles,Pic,206,Marussia,21.0,22.0,0.0,18.0,0.0,0.0,10.0,0.0,0
862,2012,3,Chinese Grand Prix,37,Pedro,de la Rosa,164,HRT,22.0,23.0,0.0,23.0,0.0,0.0,12.0,0.0,0
862,2012,3,Chinese Grand Prix,39,Narain,Karthikeyan,164,HRT,23.0,24.0,0.0,22.0,0.0,0.0,12.0,0.0,0
862,2012,3,Chinese Grand Prix,5,Heikki,Kovalainen,207,Caterham,18.0,19.0,0.0,21.0,0.0,0.0,11.0,0.0,0
862,2012,3,Chinese Grand Prix,30,Michael,Schumacher,131,Mercedes,2.0,3.0,1.0,14.0,0.0,1.0,9.0,0.0,0
863,2012,4,Bahrain Grand Prix,20,Sebastian,Vettel,9,Red Bull,1.0,1.0,28.0,5.0,0.0,64.0,2.0,0.0,1
863,2012,4,Bahrain Grand Prix,8,Kimi,Räikkönen,208,Lotus F1,11.0,11.0,16.0,8.0,0.0,24.0,6.0,0.0,1
863,2012,4,Bahrain Grand Prix,154,Romain,Grosjean,208,Lotus F1,7.0,7.0,8.0,11.0,0.0,24.0,6.0,0.0,1
863,2012,4,Bahrain Grand Prix,17,Mark,Webber,9,Red Bull,3.0,3.0,36.0,4.0,0.0,64.0,2.0,0.0,0
863,2012,4,Bahrain Grand Prix,3,Nico,Rosberg,131,Mercedes,5.0,5.0,25.0,6.0,1.0,26.0,5.0,1.0,0
863,2012,4,Bahrain Grand Prix,814,Paul,di Resta,10,Force India,10.0,10.0,7.0,12.0,0.0,9.0,8.0,0.0,0
863,2012,4,Bahrain Grand Prix,4,Fernando,Alonso,6,Ferrari,9.0,9.0,37.0,3.0,1.0,37.0,3.0,1.0,0
863,2012,4,Bahrain Grand Prix,1,Lewis,Hamilton,1,McLaren,2.0,2.0,45.0,1.0,0.0,88.0,1.0,1.0,0
863,2012,4,Bahrain Grand Prix,13,Felipe,Massa,6,Ferrari,14.0,14.0,0.0,18.0,0.0,37.0,3.0,1.0,0
863,2012,4,Bahrain Grand Prix,30,Michael,Schumacher,131,Mercedes,22.0,18.0,1.0,17.0,0.0,26.0,5.0,1.0,0
863,2012,4,Bahrain Grand Prix,815,Sergio,Pérez,15,Sauber,8.0,8.0,22.0,7.0,0.0,31.0,4.0,0.0,0
863,2012,4,Bahrain Grand Prix,807,Nico,Hülkenberg,10,Force India,13.0,13.0,2.0,16.0,0.0,9.0,8.0,0.0,0
863,2012,4,Bahrain Grand Prix,155,Kamui,Kobayashi,15,Sauber,12.0,12.0,9.0,10.0,0.0,31.0,4.0,0.0,0
863,2012,4,Bahrain Grand Prix,818,Jean-Éric,Vergne,5,Toro Rosso,17.0,19.0,4.0,13.0,0.0,6.0,9.0,0.0,0
863,2012,4,Bahrain Grand Prix,817,Daniel,Ricciardo,5,Toro Rosso,6.0,6.0,2.0,15.0,0.0,6.0,9.0,0.0,0
863,2012,4,Bahrain Grand Prix,808,Vitaly,Petrov,207,Caterham,18.0,20.0,0.0,21.0,0.0,0.0,11.0,0.0,0
863,2012,4,Bahrain Grand Prix,5,Heikki,Kovalainen,207,Caterham,16.0,16.0,0.0,22.0,0.0,0.0,11.0,0.0,0
863,2012,4,Bahrain Grand Prix,18,Jenson,Button,1,McLaren,4.0,4.0,43.0,2.0,1.0,88.0,1.0,1.0,0
863,2012,4,Bahrain Grand Prix,10,Timo,Glock,206,Marussia,23.0,23.0,0.0,19.0,0.0,0.0,10.0,0.0,0
863,2012,4,Bahrain Grand Prix,37,Pedro,de la Rosa,164,HRT,20.0,22.0,0.0,23.0,0.0,0.0,12.0,0.0,0
863,2012,4,Bahrain Grand Prix,39,Narain,Karthikeyan,164,HRT,24.0,24.0,0.0,24.0,0.0,0.0,12.0,0.0,0
863,2012,4,Bahrain Grand Prix,811,Bruno,Senna,3,Williams,15.0,15.0,14.0,9.0,0.0,18.0,7.0,0.0,0
863,2012,4,Bahrain Grand Prix,813,Pastor,Maldonado,3,Williams,21.0,17.0,4.0,14.0,0.0,18.0,7.0,0.0,0
863,2012,4,Bahrain Grand Prix,819,Charles,Pic,206,Marussia,19.0,21.0,0.0,20.0,0.0,0.0,10.0,0.0,0
864,2012,5,Spanish Grand Prix,813,Pastor,Maldonado,3,Williams,1.0,2.0,4.0,14.0,0.0,18.0,7.0,0.0,1
864,2012,5,Spanish Grand Prix,4,Fernando,Alonso,6,Ferrari,2.0,3.0,43.0,5.0,1.0,45.0,4.0,1.0,1
864,2012,5,Spanish Grand Prix,8,Kimi,Räikkönen,208,Lotus F1,4.0,5.0,34.0,7.0,0.0,57.0,3.0,0.0,1
864,2012,5,Spanish Grand Prix,154,Romain,Grosjean,208,Lotus F1,3.0,4.0,23.0,8.0,0.0,57.0,3.0,0.0,0
864,2012,5,Spanish Grand Prix,155,Kamui,Kobayashi,15,Sauber,9.0,10.0,9.0,12.0,0.0,31.0,6.0,0.0,0
864,2012,5,Spanish Grand Prix,20,Sebastian,Vettel,9,Red Bull,7.0,8.0,53.0,1.0,1.0,101.0,1.0,1.0,0
864,2012,5,Spanish Grand Prix,3,Nico,Rosberg,131,Mercedes,6.0,7.0,35.0,6.0,1.0,37.0,5.0,1.0,0
864,2012,5,Spanish Grand Prix,1,Lewis,Hamilton,1,McLaren,24.0,1.0,49.0,2.0,0.0,92.0,2.0,1.0,0
864,2012,5,Spanish Grand Prix,18,Jenson,Button,1,McLaren,10.0,11.0,43.0,4.0,1.0,92.0,2.0,1.0,0
864,2012,5,Spanish Grand Prix,807,Nico,Hülkenberg,10,Force India,13.0,14.0,2.0,16.0,0.0,17.0,8.0,0.0,0
864,2012,5,Spanish Grand Prix,17,Mark,Webber,9,Red Bull,11.0,12.0,48.0,3.0,0.0,101.0,1.0,1.0,0
864,2012,5,Spanish Grand Prix,818,Jean-Éric,Vergne,5,Toro Rosso,14.0,15.0,4.0,13.0,0.0,6.0,9.0,0.0,0
864,2012,5,Spanish Grand Prix,817,Daniel,Ricciardo,5,Toro Rosso,15.0,16.0,2.0,15.0,0.0,6.0,9.0,0.0,0
864,2012,5,Spanish Grand Prix,814,Paul,di Resta,10,Force India,12.0,13.0,15.0,10.0,0.0,17.0,8.0,0.0,0
864,2012,5,Spanish Grand Prix,13,Felipe,Massa,6,Ferrari,16.0,17.0,2.0,17.0,0.0,45.0,4.0,1.0,0
864,2012,5,Spanish Grand Prix,5,Heikki,Kovalainen,207,Caterham,19.0,20.0,0.0,22.0,0.0,0.0,11.0,0.0,0
864,2012,5,Spanish Grand Prix,808,Vitaly,Petrov,207,Caterham,18.0,19.0,0.0,21.0,0.0,0.0,11.0,0.0,0
864,2012,5,Spanish Grand Prix,10,Timo,Glock,206,Marussia,21.0,22.0,0.0,19.0,0.0,0.0,10.0,0.0,0
864,2012,5,Spanish Grand Prix,37,Pedro,de la Rosa,164,HRT,22.0,23.0,0.0,23.0,0.0,0.0,12.0,0.0,0
864,2012,5,Spanish Grand Prix,815,Sergio,Pérez,15,Sauber,5.0,6.0,22.0,9.0,0.0,31.0,6.0,0.0,0
864,2012,5,Spanish Grand Prix,819,Charles,Pic,206,Marussia,20.0,21.0,0.0,20.0,0.0,0.0,10.0,0.0,0
864,2012,5,Spanish Grand Prix,39,Narain,Karthikeyan,164,HRT,23.0,24.0,0.0,24.0,0.0,0.0,12.0,0.0,0
864,2012,5,Spanish Grand Prix,811,Bruno,Senna,3,Williams,17.0,18.0,14.0,11.0,0.0,18.0,7.0,0.0,0
864,2012,5,Spanish Grand Prix,30,Michael,Schumacher,131,Mercedes,8.0,9.0,2.0,18.0,0.0,37.0,5.0,1.0,0
865,2012,6,Monaco Grand Prix,17,Mark,Webber,9,Red Bull,1.0,2.0,48.0,5.0,0.0,109.0,1.0,1.0,1
865,2012,6,Monaco Grand Prix,3,Nico,Rosberg,131,Mercedes,2.0,3.0,41.0,7.0,1.0,43.0,5.0,1.0,1
865,2012,6,Monaco Grand Prix,4,Fernando,Alonso,6,Ferrari,5.0,6.0,61.0,2.0,1.0,63.0,4.0,1.0,1
865,2012,6,Monaco Grand Prix,20,Sebastian,Vettel,9,Red Bull,9.0,10.0,61.0,1.0,1.0,109.0,1.0,1.0,0
865,2012,6,Monaco Grand Prix,1,Lewis,Hamilton,1,McLaren,3.0,4.0,53.0,3.0,0.0,98.0,2.0,1.0,0
865,2012,6,Monaco Grand Prix,13,Felipe,Massa,6,Ferrari,7.0,7.0,2.0,17.0,0.0,63.0,4.0,1.0,0
865,2012,6,Monaco Grand Prix,814,Paul,di Resta,10,Force India,14.0,15.0,15.0,12.0,0.0,18.0,8.0,0.0,0
865,2012,6,Monaco Grand Prix,807,Nico,Hülkenberg,10,Force India,10.0,11.0,3.0,15.0,0.0,18.0,8.0,0.0,0
865,2012,6,Monaco Grand Prix,8,Kimi,Räikkönen,208,Lotus F1,8.0,8.0,49.0,4.0,0.0,84.0,3.0,0.0,0
865,2012,6,Monaco Grand Prix,811,Bruno,Senna,3,Williams,13.0,14.0,14.0,13.0,0.0,43.0,6.0,1.0,0
865,2012,6,Monaco Grand Prix,815,Sergio,Pérez,15,Sauber,23.0,25.0,22.0,10.0,0.0,41.0,7.0,0.0,0
865,2012,6,Monaco Grand Prix,818,Jean-Éric,Vergne,5,Toro Rosso,16.0,17.0,4.0,14.0,0.0,6.0,9.0,0.0,0
865,2012,6,Monaco Grand Prix,5,Heikki,Kovalainen,207,Caterham,17.0,18.0,0.0,22.0,0.0,0.0,11.0,0.0,0
865,2012,6,Monaco Grand Prix,10,Timo,Glock,206,Marussia,19.0,20.0,0.0,19.0,0.0,0.0,10.0,0.0,0
865,2012,6,Monaco Grand Prix,39,Narain,Karthikeyan,164,HRT,22.0,23.0,0.0,24.0,0.0,0.0,12.0,0.0,0
865,2012,6,Monaco Grand Prix,18,Jenson,Button,1,McLaren,12.0,13.0,45.0,6.0,1.0,98.0,2.0,1.0,0
865,2012,6,Monaco Grand Prix,817,Daniel,Ricciardo,5,Toro Rosso,15.0,16.0,2.0,16.0,0.0,6.0,9.0,0.0,0
865,2012,6,Monaco Grand Prix,819,Charles,Pic,206,Marussia,21.0,22.0,0.0,20.0,0.0,0.0,10.0,0.0,0
865,2012,6,Monaco Grand Prix,30,Michael,Schumacher,131,Mercedes,6.0,1.0,2.0,18.0,0.0,43.0,5.0,1.0,0
865,2012,6,Monaco Grand Prix,808,Vitaly,Petrov,207,Caterham,18.0,19.0,0.0,21.0,0.0,0.0,11.0,0.0,0
865,2012,6,Monaco Grand Prix,155,Kamui,Kobayashi,15,Sauber,11.0,12.0,19.0,11.0,0.0,41.0,7.0,0.0,0
865,2012,6,Monaco Grand Prix,37,Pedro,de la Rosa,164,HRT,20.0,21.0,0.0,23.0,0.0,0.0,12.0,0.0,0
865,2012,6,Monaco Grand Prix,813,Pastor,Maldonado,3,Williams,24.0,9.0,29.0,9.0,1.0,43.0,6.0,1.0,0
865,2012,6,Monaco Grand Prix,154,Romain,Grosjean,208,Lotus F1,4.0,5.0,35.0,8.0,0.0,84.0,3.0,0.0,0
866,2012,7,Canadian Grand Prix,1,Lewis,Hamilton,1,McLaren,2.0,2.0,63.0,4.0,0.0,108.0,2.0,1.0,1
866,2012,7,Canadian Grand Prix,154,Romain,Grosjean,208,Lotus F1,7.0,7.0,35.0,8.0,0.0,86.0,4.0,0.0,1
866,2012,7,Canadian Grand Prix,815,Sergio,Pérez,15,Sauber,15.0,15.0,22.0,10.0,0.0,41.0,7.0,0.0,1
866,2012,7,Canadian Grand Prix,20,Sebastian,Vettel,9,Red Bull,1.0,1.0,73.0,2.0,1.0,146.0,1.0,2.0,0
866,2012,7,Canadian Grand Prix,4,Fernando,Alonso,6,Ferrari,3.0,3.0,76.0,1.0,1.0,86.0,3.0,1.0,0
866,2012,7,Canadian Grand Prix,3,Nico,Rosberg,131,Mercedes,5.0,5.0,59.0,5.0,1.0,61.0,5.0,1.0,0
866,2012,7,Canadian Grand Prix,17,Mark,Webber,9,Red Bull,4.0,4.0,73.0,3.0,1.0,146.0,1.0,2.0,0
866,2012,7,Canadian Grand Prix,8,Kimi,Räikkönen,208,Lotus F1,12.0,12.0,51.0,6.0,0.0,86.0,4.0,0.0,0
866,2012,7,Canadian Grand Prix,155,Kamui,Kobayashi,15,Sauber,11.0,11.0,19.0,12.0,0.0,41.0,7.0,0.0,0
866,2012,7,Canadian Grand Prix,13,Felipe,Massa,6,Ferrari,6.0,6.0,10.0,14.0,0.0,86.0,3.0,1.0,0
866,2012,7,Canadian Grand Prix,814,Paul,di Resta,10,Force India,8.0,8.0,21.0,11.0,0.0,28.0,8.0,0.0,0
866,2012,7,Canadian Grand Prix,807,Nico,Hülkenberg,10,Force India,13.0,13.0,7.0,15.0,0.0,28.0,8.0,0.0,0
866,2012,7,Canadian Grand Prix,813,Pastor,Maldonado,3,Williams,22.0,17.0,29.0,9.0,1.0,44.0,6.0,1.0,0
866,2012,7,Canadian Grand Prix,817,Daniel,Ricciardo,5,Toro Rosso,14.0,14.0,2.0,17.0,0.0,6.0,9.0,0.0,0
866,2012,7,Canadian Grand Prix,818,Jean-Éric,Vergne,5,Toro Rosso,19.0,20.0,4.0,16.0,0.0,6.0,9.0,0.0,0
866,2012,7,Canadian Grand Prix,18,Jenson,Button,1,McLaren,10.0,10.0,45.0,7.0,1.0,108.0,2.0,1.0,0
866,2012,7,Canadian Grand Prix,811,Bruno,Senna,3,Williams,16.0,16.0,15.0,13.0,0.0,44.0,6.0,1.0,0
866,2012,7,Canadian Grand Prix,5,Heikki,Kovalainen,207,Caterham,17.0,18.0,0.0,19.0,0.0,0.0,10.0,0.0,0
866,2012,7,Canadian Grand Prix,808,Vitaly,Petrov,207,Caterham,18.0,19.0,0.0,23.0,0.0,0.0,10.0,0.0,0
866,2012,7,Canadian Grand Prix,819,Charles,Pic,206,Marussia,23.0,23.0,0.0,21.0,0.0,0.0,11.0,0.0,0
866,2012,7,Canadian Grand Prix,10,Timo,Glock,206,Marussia,21.0,22.0,0.0,20.0,0.0,0.0,11.0,0.0,0
866,2012,7,Canadian Grand Prix,30,Michael,Schumacher,131,Mercedes,9.0,9.0,2.0,18.0,0.0,61.0,5.0,1.0,0
866,2012,7,Canadian Grand Prix,37,Pedro,de la Rosa,164,HRT,20.0,21.0,0.0,24.0,0.0,0.0,12.0,0.0,0
866,2012,7,Canadian Grand Prix,39,Narain,Karthikeyan,164,HRT,24.0,24.0,0.0,22.0,0.0,0.0,12.0,0.0,0
867,2012,8,European Grand Prix,4,Fernando,Alonso,6,Ferrari,11.0,11.0,86.0,2.0,1.0,97.0,4.0,1.0,1
867,2012,8,European Grand Prix,8,Kimi,Räikkönen,208,Lotus F1,5.0,5.0,55.0,6.0,0.0,108.0,3.0,0.0,1
867,2012,8,European Grand Prix,30,Michael,Schumacher,131,Mercedes,12.0,12.0,2.0,18.0,0.0,69.0,5.0,1.0,1
867,2012,8,European Grand Prix,17,Mark,Webber,9,Red Bull,19.0,19.0,79.0,4.0,1.0,164.0,1.0,2.0,0
867,2012,8,European Grand Prix,807,Nico,Hülkenberg,10,Force India,8.0,8.0,7.0,15.0,0.0,28.0,8.0,0.0,0
867,2012,8,European Grand Prix,3,Nico,Rosberg,131,Mercedes,6.0,6.0,67.0,5.0,1.0,69.0,5.0,1.0,0
867,2012,8,European Grand Prix,814,Paul,di Resta,10,Force India,10.0,10.0,21.0,12.0,0.0,28.0,8.0,0.0,0
867,2012,8,European Grand Prix,18,Jenson,Button,1,McLaren,9.0,9.0,45.0,8.0,1.0,133.0,2.0,2.0,0
867,2012,8,European Grand Prix,815,Sergio,Pérez,15,Sauber,15.0,15.0,37.0,9.0,0.0,58.0,6.0,0.0,0
867,2012,8,European Grand Prix,811,Bruno,Senna,3,Williams,14.0,14.0,15.0,13.0,0.0,44.0,7.0,1.0,0
867,2012,8,European Grand Prix,817,Daniel,Ricciardo,5,Toro Rosso,17.0,17.0,2.0,17.0,0.0,6.0,9.0,0.0,0
867,2012,8,European Grand Prix,813,Pastor,Maldonado,3,Williams,3.0,3.0,29.0,10.0,1.0,44.0,7.0,1.0,0
867,2012,8,European Grand Prix,808,Vitaly,Petrov,207,Caterham,20.0,20.0,0.0,23.0,0.0,0.0,10.0,0.0,0
867,2012,8,European Grand Prix,5,Heikki,Kovalainen,207,Caterham,16.0,16.0,0.0,19.0,0.0,0.0,10.0,0.0,0
867,2012,8,European Grand Prix,819,Charles,Pic,206,Marussia,23.0,23.0,0.0,21.0,0.0,0.0,11.0,0.0,0
867,2012,8,European Grand Prix,13,Felipe,Massa,6,Ferrari,13.0,13.0,11.0,14.0,0.0,97.0,4.0,1.0,0
867,2012,8,European Grand Prix,37,Pedro,de la Rosa,164,HRT,21.0,21.0,0.0,24.0,0.0,0.0,12.0,0.0,0
867,2012,8,European Grand Prix,39,Narain,Karthikeyan,164,HRT,22.0,22.0,0.0,22.0,0.0,0.0,12.0,0.0,0
867,2012,8,European Grand Prix,1,Lewis,Hamilton,1,McLaren,2.0,2.0,88.0,1.0,1.0,133.0,2.0,2.0,0
867,2012,8,European Grand Prix,154,Romain,Grosjean,208,Lotus F1,4.0,4.0,53.0,7.0,0.0,108.0,3.0,0.0,0
867,2012,8,European Grand Prix,20,Sebastian,Vettel,9,Red Bull,1.0,1.0,85.0,3.0,1.0,164.0,1.0,2.0,0
867,2012,8,European Grand Prix,155,Kamui,Kobayashi,15,Sauber,7.0,7.0,21.0,11.0,0.0,58.0,6.0,0.0,0
867,2012,8,European Grand Prix,818,Jean-Éric,Vergne,5,Toro Rosso,18.0,18.0,4.0,16.0,0.0,6.0,9.0,0.0,0
867,2012,8,European Grand Prix,10,Timo,Glock,206,Marussia,0.0,25.0,0.0,20.0,0.0,0.0,11.0,0.0,0
868,2012,9,British Grand Prix,17,Mark,Webber,9,Red Bull,2.0,2.0,91.0,2.0,1.0,176.0,1.0,2.0,1
868,2012,9,British Grand Prix,4,Fernando,Alonso,6,Ferrari,1.0,1.0,111.0,1.0,2.0,122.0,4.0,2.0,1
868,2012,9,British Grand Prix,20,Sebastian,Vettel,9,Red Bull,4.0,4.0,85.0,4.0,1.0,176.0,1.0,2.0,1
868,2012,9,British Grand Prix,13,Felipe,Massa,6,Ferrari,5.0,5.0,11.0,16.0,0.0,122.0,4.0,2.0,0
868,2012,9,British Grand Prix,8,Kimi,Räikkönen,208,Lotus F1,6.0,6.0,73.0,6.0,0.0,126.0,3.0,0.0,0
868,2012,9,British Grand Prix,154,Romain,Grosjean,208,Lotus F1,9.0,10.0,53.0,7.0,0.0,126.0,3.0,0.0,0
868,2012,9,British Grand Prix,30,Michael,Schumacher,131,Mercedes,3.0,3.0,17.0,13.0,0.0,92.0,5.0,1.0,0
868,2012,9,British Grand Prix,1,Lewis,Hamilton,1,McLaren,8.0,8.0,88.0,3.0,1.0,137.0,2.0,2.0,0
868,2012,9,British Grand Prix,811,Bruno,Senna,3,Williams,13.0,15.0,16.0,15.0,0.0,45.0,7.0,1.0,0
868,2012,9,British Grand Prix,18,Jenson,Button,1,McLaren,16.0,18.0,49.0,8.0,1.0,137.0,2.0,2.0,0
868,2012,9,British Grand Prix,155,Kamui,Kobayashi,15,Sauber,17.0,12.0,21.0,12.0,0.0,60.0,6.0,0.0,0
868,2012,9,British Grand Prix,807,Nico,Hülkenberg,10,Force India,14.0,9.0,17.0,14.0,0.0,44.0,8.0,0.0,0
868,2012,9,British Grand Prix,817,Daniel,Ricciardo,5,Toro Rosso,12.0,14.0,2.0,18.0,0.0,6.0,9.0,0.0,0
868,2012,9,British Grand Prix,818,Jean-Éric,Vergne,5,Toro Rosso,23.0,16.0,4.0,17.0,0.0,6.0,9.0,0.0,0
868,2012,9,British Grand Prix,3,Nico,Rosberg,131,Mercedes,11.0,13.0,75.0,5.0,1.0,92.0,5.0,1.0,0
868,2012,9,British Grand Prix,813,Pastor,Maldonado,3,Williams,7.0,7.0,29.0,10.0,1.0,45.0,7.0,1.0,0
868,2012,9,British Grand Prix,5,Heikki,Kovalainen,207,Caterham,19.0,20.0,0.0,19.0,0.0,0.0,10.0,0.0,0
868,2012,9,British Grand Prix,10,Timo,Glock,206,Marussia,20.0,21.0,0.0,21.0,0.0,0.0,11.0,0.0,0
868,2012,9,British Grand Prix,819,Charles,Pic,206,Marussia,24.0,24.0,0.0,22.0,0.0,0.0,11.0,0.0,0
868,2012,9,British Grand Prix,37,Pedro,de la Rosa,164,HRT,21.0,22.0,0.0,24.0,0.0,0.0,12.0,0.0,0
868,2012,9,British Grand Prix,39,Narain,Karthikeyan,164,HRT,22.0,23.0,0.0,23.0,0.0,0.0,12.0,0.0,0
868,2012,9,British Grand Prix,815,Sergio,Pérez,15,Sauber,15.0,17.0,39.0,9.0,0.0,60.0,6.0,0.0,0
868,2012,9,British Grand Prix,814,Paul,di Resta,10,Force India,10.0,11.0,27.0,11.0,0.0,44.0,8.0,0.0,0
868,2012,9,British Grand Prix,808,Vitaly,Petrov,207,Caterham,18.0,19.0,0.0,20.0,0.0,0.0,10.0,0.0,0
869,2012,10,German Grand Prix,4,Fernando,Alonso,6,Ferrari,1.0,1.0,129.0,1.0,2.0,152.0,2.0,2.0,1
869,2012,10,German Grand Prix,18,Jenson,Button,1,McLaren,6.0,7.0,50.0,8.0,1.0,142.0,4.0,2.0,1
869,2012,10,German Grand Prix,8,Kimi,Räikkönen,208,Lotus F1,10.0,10.0,83.0,5.0,0.0,144.0,3.0,0.0,1
869,2012,10,German Grand Prix,155,Kamui,Kobayashi,15,Sauber,12.0,13.0,21.0,14.0,0.0,60.0,6.0,0.0,0
869,2012,10,German Grand Prix,20,Sebastian,Vettel,9,Red Bull,2.0,2.0,100.0,3.0,1.0,216.0,1.0,3.0,0
869,2012,10,German Grand Prix,815,Sergio,Pérez,15,Sauber,17.0,12.0,39.0,9.0,0.0,60.0,6.0,0.0,0
869,2012,10,German Grand Prix,30,Michael,Schumacher,131,Mercedes,3.0,4.0,23.0,12.0,0.0,98.0,5.0,1.0,0
869,2012,10,German Grand Prix,17,Mark,Webber,9,Red Bull,8.0,3.0,116.0,2.0,2.0,216.0,1.0,3.0,0
869,2012,10,German Grand Prix,807,Nico,Hülkenberg,10,Force India,4.0,5.0,17.0,16.0,0.0,44.0,8.0,0.0,0
869,2012,10,German Grand Prix,3,Nico,Rosberg,131,Mercedes,21.0,17.0,75.0,6.0,1.0,98.0,5.0,1.0,0
869,2012,10,German Grand Prix,814,Paul,di Resta,10,Force India,9.0,9.0,27.0,11.0,0.0,44.0,8.0,0.0,0
869,2012,10,German Grand Prix,13,Felipe,Massa,6,Ferrari,13.0,14.0,23.0,13.0,0.0,152.0,2.0,2.0,0
869,2012,10,German Grand Prix,817,Daniel,Ricciardo,5,Toro Rosso,11.0,11.0,2.0,18.0,0.0,6.0,9.0,0.0,0
869,2012,10,German Grand Prix,818,Jean-Éric,Vergne,5,Toro Rosso,15.0,18.0,4.0,17.0,0.0,6.0,9.0,0.0,0
869,2012,10,German Grand Prix,813,Pastor,Maldonado,3,Williams,5.0,6.0,29.0,10.0,1.0,47.0,7.0,1.0,0
869,2012,10,German Grand Prix,808,Vitaly,Petrov,207,Caterham,18.0,20.0,0.0,20.0,0.0,0.0,10.0,0.0,0
869,2012,10,German Grand Prix,811,Bruno,Senna,3,Williams,14.0,16.0,18.0,15.0,0.0,47.0,7.0,1.0,0
869,2012,10,German Grand Prix,154,Romain,Grosjean,208,Lotus F1,19.0,15.0,61.0,7.0,0.0,144.0,3.0,0.0,0
869,2012,10,German Grand Prix,5,Heikki,Kovalainen,207,Caterham,16.0,19.0,0.0,19.0,0.0,0.0,10.0,0.0,0
869,2012,10,German Grand Prix,819,Charles,Pic,206,Marussia,20.0,21.0,0.0,22.0,0.0,0.0,11.0,0.0,0
869,2012,10,German Grand Prix,37,Pedro,de la Rosa,164,HRT,23.0,23.0,0.0,24.0,0.0,0.0,12.0,0.0,0
869,2012,10,German Grand Prix,10,Timo,Glock,206,Marussia,22.0,22.0,0.0,21.0,0.0,0.0,11.0,0.0,0
869,2012,10,German Grand Prix,39,Narain,Karthikeyan,164,HRT,24.0,24.0,0.0,23.0,0.0,0.0,12.0,0.0,0
869,2012,10,German Grand Prix,1,Lewis,Hamilton,1,McLaren,7.0,8.0,92.0,4.0,1.0,142.0,4.0,2.0,0
870,2012,11,Hungarian Grand Prix,1,Lewis,Hamilton,1,McLaren,1.0,1.0,92.0,5.0,1.0,160.0,3.0,2.0,1
870,2012,11,Hungarian Grand Prix,8,Kimi,Räikkönen,208,Lotus F1,5.0,5.0,98.0,4.0,0.0,159.0,4.0,0.0,1
870,2012,11,Hungarian Grand Prix,154,Romain,Grosjean,208,Lotus F1,2.0,2.0,61.0,8.0,0.0,159.0,4.0,0.0,1
870,2012,11,Hungarian Grand Prix,20,Sebastian,Vettel,9,Red Bull,3.0,3.0,110.0,3.0,1.0,230.0,1.0,3.0,0
870,2012,11,Hungarian Grand Prix,4,Fernando,Alonso,6,Ferrari,6.0,6.0,154.0,1.0,3.0,177.0,2.0,3.0,0
870,2012,11,Hungarian Grand Prix,18,Jenson,Button,1,McLaren,4.0,4.0,68.0,7.0,1.0,160.0,3.0,2.0,0
870,2012,11,Hungarian Grand Prix,811,Bruno,Senna,3,Williams,9.0,9.0,18.0,16.0,0.0,47.0,7.0,1.0,0
870,2012,11,Hungarian Grand Prix,17,Mark,Webber,9,Red Bull,11.0,11.0,120.0,2.0,2.0,230.0,1.0,3.0,0
870,2012,11,Hungarian Grand Prix,13,Felipe,Massa,6,Ferrari,7.0,7.0,23.0,14.0,0.0,177.0,2.0,3.0,0
870,2012,11,Hungarian Grand Prix,3,Nico,Rosberg,131,Mercedes,13.0,13.0,76.0,6.0,1.0,105.0,5.0,1.0,0
870,2012,11,Hungarian Grand Prix,807,Nico,Hülkenberg,10,Force India,10.0,10.0,19.0,15.0,0.0,46.0,8.0,0.0,0
870,2012,11,Hungarian Grand Prix,814,Paul,di Resta,10,Force India,12.0,12.0,27.0,13.0,0.0,46.0,8.0,0.0,0
870,2012,11,Hungarian Grand Prix,813,Pastor,Maldonado,3,Williams,8.0,8.0,29.0,11.0,1.0,47.0,7.0,1.0,0
870,2012,11,Hungarian Grand Prix,815,Sergio,Pérez,15,Sauber,14.0,14.0,47.0,9.0,0.0,80.0,6.0,0.0,0
870,2012,11,Hungarian Grand Prix,817,Daniel,Ricciardo,5,Toro Rosso,18.0,18.0,2.0,18.0,0.0,6.0,9.0,0.0,0
870,2012,11,Hungarian Grand Prix,818,Jean-Éric,Vergne,5,Toro Rosso,16.0,16.0,4.0,17.0,0.0,6.0,9.0,0.0,0
870,2012,11,Hungarian Grand Prix,5,Heikki,Kovalainen,207,Caterham,19.0,19.0,0.0,19.0,0.0,0.0,10.0,0.0,0
870,2012,11,Hungarian Grand Prix,155,Kamui,Kobayashi,15,Sauber,15.0,15.0,33.0,10.0,0.0,80.0,6.0,0.0,0
870,2012,11,Hungarian Grand Prix,808,Vitaly,Petrov,207,Caterham,20.0,20.0,0.0,20.0,0.0,0.0,10.0,0.0,0
870,2012,11,Hungarian Grand Prix,819,Charles,Pic,206,Marussia,21.0,21.0,0.0,22.0,0.0,0.0,11.0,0.0,0
870,2012,11,Hungarian Grand Prix,10,Timo,Glock,206,Marussia,22.0,22.0,0.0,21.0,0.0,0.0,11.0,0.0,0
870,2012,11,Hungarian Grand Prix,37,Pedro,de la Rosa,164,HRT,23.0,23.0,0.0,24.0,0.0,0.0,12.0,0.0,0
870,2012,11,Hungarian Grand Prix,39,Narain,Karthikeyan,164,HRT,24.0,24.0,0.0,23.0,0.0,0.0,12.0,0.0,0
870,2012,11,Hungarian Grand Prix,30,Michael,Schumacher,131,Mercedes,17.0,17.0,29.0,12.0,0.0,105.0,5.0,1.0,0
871,2012,12,Belgian Grand Prix,18,Jenson,Button,1,McLaren,1.0,1.0,76.0,7.0,1.0,193.0,2.0,3.0,1
871,2012,12,Belgian Grand Prix,20,Sebastian,Vettel,9,Red Bull,10.0,11.0,122.0,3.0,1.0,246.0,1.0,3.0,1
871,2012,12,Belgian Grand Prix,8,Kimi,Räikkönen,208,Lotus F1,3.0,4.0,116.0,5.0,0.0,192.0,3.0,0.0,1
871,2012,12,Belgian Grand Prix,807,Nico,Hülkenberg,10,Force India,11.0,12.0,19.0,16.0,0.0,46.0,8.0,0.0,0
871,2012,12,Belgian Grand Prix,13,Felipe,Massa,6,Ferrari,14.0,14.0,25.0,14.0,0.0,189.0,4.0,3.0,0
871,2012,12,Belgian Grand Prix,17,Mark,Webber,9,Red Bull,12.0,7.0,124.0,2.0,2.0,246.0,1.0,3.0,0
871,2012,12,Belgian Grand Prix,30,Michael,Schumacher,131,Mercedes,13.0,13.0,29.0,12.0,0.0,106.0,5.0,1.0,0
871,2012,12,Belgian Grand Prix,818,Jean-Éric,Vergne,5,Toro Rosso,15.0,15.0,4.0,17.0,0.0,6.0,9.0,0.0,0
871,2012,12,Belgian Grand Prix,817,Daniel,Ricciardo,5,Toro Rosso,16.0,16.0,2.0,18.0,0.0,6.0,9.0,0.0,0
871,2012,12,Belgian Grand Prix,814,Paul,di Resta,10,Force India,9.0,10.0,27.0,13.0,0.0,46.0,8.0,0.0,0
871,2012,12,Belgian Grand Prix,3,Nico,Rosberg,131,Mercedes,23.0,18.0,77.0,6.0,1.0,106.0,5.0,1.0,0
871,2012,12,Belgian Grand Prix,811,Bruno,Senna,3,Williams,17.0,17.0,24.0,15.0,0.0,53.0,7.0,1.0,0
871,2012,12,Belgian Grand Prix,155,Kamui,Kobayashi,15,Sauber,2.0,2.0,33.0,10.0,0.0,80.0,6.0,0.0,0
871,2012,12,Belgian Grand Prix,808,Vitaly,Petrov,207,Caterham,19.0,20.0,0.0,20.0,0.0,0.0,10.0,0.0,0
871,2012,12,Belgian Grand Prix,10,Timo,Glock,206,Marussia,20.0,21.0,0.0,21.0,0.0,0.0,11.0,0.0,0
871,2012,12,Belgian Grand Prix,819,Charles,Pic,206,Marussia,22.0,23.0,0.0,22.0,0.0,0.0,11.0,0.0,0
871,2012,12,Belgian Grand Prix,5,Heikki,Kovalainen,207,Caterham,18.0,19.0,0.0,19.0,0.0,0.0,10.0,0.0,0
871,2012,12,Belgian Grand Prix,37,Pedro,de la Rosa,164,HRT,21.0,22.0,0.0,24.0,0.0,0.0,12.0,0.0,0
871,2012,12,Belgian Grand Prix,39,Narain,Karthikeyan,164,HRT,24.0,24.0,0.0,23.0,0.0,0.0,12.0,0.0,0
871,2012,12,Belgian Grand Prix,813,Pastor,Maldonado,3,Williams,6.0,3.0,29.0,11.0,1.0,53.0,7.0,1.0,0
871,2012,12,Belgian Grand Prix,815,Sergio,Pérez,15,Sauber,4.0,5.0,47.0,9.0,0.0,80.0,6.0,0.0,0
871,2012,12,Belgian Grand Prix,4,Fernando,Alonso,6,Ferrari,5.0,6.0,164.0,1.0,3.0,189.0,4.0,3.0,0
871,2012,12,Belgian Grand Prix,1,Lewis,Hamilton,1,McLaren,7.0,8.0,117.0,4.0,2.0,193.0,2.0,3.0,0
871,2012,12,Belgian Grand Prix,154,Romain,Grosjean,208,Lotus F1,8.0,9.0,76.0,8.0,0.0,192.0,3.0,0.0,0
872,2012,13,Italian Grand Prix,1,Lewis,Hamilton,1,McLaren,1.0,1.0,117.0,5.0,2.0,218.0,2.0,4.0,1
872,2012,13,Italian Grand Prix,815,Sergio,Pérez,15,Sauber,12.0,13.0,47.0,9.0,0.0,80.0,6.0,0.0,1
872,2012,13,Italian Grand Prix,4,Fernando,Alonso,6,Ferrari,10.0,10.0,164.0,1.0,3.0,199.0,4.0,3.0,1
872,2012,13,Italian Grand Prix,13,Felipe,Massa,6,Ferrari,3.0,3.0,35.0,11.0,0.0,199.0,4.0,3.0,0
872,2012,13,Italian Grand Prix,8,Kimi,Räikkönen,208,Lotus F1,7.0,8.0,131.0,4.0,0.0,207.0,3.0,0.0,0
872,2012,13,Italian Grand Prix,30,Michael,Schumacher,131,Mercedes,4.0,5.0,35.0,10.0,0.0,112.0,5.0,1.0,0
872,2012,13,Italian Grand Prix,3,Nico,Rosberg,131,Mercedes,6.0,7.0,77.0,7.0,1.0,112.0,5.0,1.0,0
872,2012,13,Italian Grand Prix,814,Paul,di Resta,10,Force India,9.0,4.0,28.0,15.0,0.0,59.0,7.0,0.0,0
872,2012,13,Italian Grand Prix,155,Kamui,Kobayashi,15,Sauber,8.0,9.0,33.0,12.0,0.0,80.0,6.0,0.0,0
872,2012,13,Italian Grand Prix,811,Bruno,Senna,3,Williams,13.0,14.0,24.0,16.0,0.0,53.0,8.0,1.0,0
872,2012,13,Italian Grand Prix,813,Pastor,Maldonado,3,Williams,22.0,12.0,29.0,14.0,1.0,53.0,8.0,1.0,0
872,2012,13,Italian Grand Prix,817,Daniel,Ricciardo,5,Toro Rosso,14.0,15.0,4.0,18.0,0.0,12.0,9.0,0.0,0
872,2012,13,Italian Grand Prix,816,Jérôme,d'Ambrosio,208,Lotus F1,15.0,16.0,0.0,24.0,0.0,207.0,3.0,0.0,0
872,2012,13,Italian Grand Prix,5,Heikki,Kovalainen,207,Caterham,17.0,18.0,0.0,20.0,0.0,0.0,10.0,0.0,0
872,2012,13,Italian Grand Prix,808,Vitaly,Petrov,207,Caterham,18.0,19.0,0.0,19.0,0.0,0.0,10.0,0.0,0
872,2012,13,Italian Grand Prix,819,Charles,Pic,206,Marussia,20.0,21.0,0.0,22.0,0.0,0.0,11.0,0.0,0
872,2012,13,Italian Grand Prix,10,Timo,Glock,206,Marussia,19.0,20.0,0.0,21.0,0.0,0.0,11.0,0.0,0
872,2012,13,Italian Grand Prix,37,Pedro,de la Rosa,164,HRT,23.0,23.0,0.0,24.0,0.0,0.0,12.0,0.0,0
872,2012,13,Italian Grand Prix,39,Narain,Karthikeyan,164,HRT,21.0,22.0,0.0,23.0,0.0,0.0,12.0,0.0,0
872,2012,13,Italian Grand Prix,17,Mark,Webber,9,Red Bull,11.0,11.0,132.0,3.0,2.0,272.0,1.0,3.0,0
872,2012,13,Italian Grand Prix,807,Nico,Hülkenberg,10,Force India,24.0,25.0,31.0,13.0,0.0,59.0,7.0,0.0,0
872,2012,13,Italian Grand Prix,20,Sebastian,Vettel,9,Red Bull,5.0,6.0,140.0,2.0,1.0,272.0,1.0,3.0,0
872,2012,13,Italian Grand Prix,18,Jenson,Button,1,McLaren,2.0,2.0,101.0,6.0,2.0,218.0,2.0,4.0,0
872,2012,13,Italian Grand Prix,818,Jean-Éric,Vergne,5,Toro Rosso,16.0,17.0,8.0,17.0,0.0,12.0,9.0,0.0,0
873,2012,14,Singapore Grand Prix,20,Sebastian,Vettel,9,Red Bull,3.0,3.0,140.0,4.0,1.0,272.0,1.0,3.0,1
873,2012,14,Singapore Grand Prix,18,Jenson,Button,1,McLaren,4.0,4.0,101.0,6.0,2.0,243.0,2.0,5.0,1
873,2012,14,Singapore Grand Prix,4,Fernando,Alonso,6,Ferrari,5.0,5.0,179.0,1.0,3.0,226.0,3.0,3.0,1
873,2012,14,Singapore Grand Prix,814,Paul,di Resta,10,Force India,6.0,6.0,32.0,13.0,0.0,63.0,7.0,0.0,0
873,2012,14,Singapore Grand Prix,3,Nico,Rosberg,131,Mercedes,10.0,10.0,83.0,7.0,1.0,126.0,5.0,1.0,0
873,2012,14,Singapore Grand Prix,8,Kimi,Räikkönen,208,Lotus F1,12.0,12.0,141.0,3.0,0.0,217.0,4.0,0.0,0
873,2012,14,Singapore Grand Prix,154,Romain,Grosjean,208,Lotus F1,8.0,8.0,76.0,8.0,0.0,217.0,4.0,0.0,0
873,2012,14,Singapore Grand Prix,13,Felipe,Massa,6,Ferrari,13.0,13.0,47.0,10.0,0.0,226.0,3.0,3.0,0
873,2012,14,Singapore Grand Prix,817,Daniel,Ricciardo,5,Toro Rosso,15.0,15.0,4.0,18.0,0.0,12.0,9.0,0.0,0
873,2012,14,Singapore Grand Prix,815,Sergio,Pérez,15,Sauber,14.0,14.0,65.0,9.0,0.0,100.0,6.0,0.0,0
873,2012,14,Singapore Grand Prix,17,Mark,Webber,9,Red Bull,7.0,7.0,132.0,5.0,2.0,272.0,1.0,3.0,0
873,2012,14,Singapore Grand Prix,10,Timo,Glock,206,Marussia,20.0,21.0,0.0,22.0,0.0,0.0,11.0,0.0,0
873,2012,14,Singapore Grand Prix,155,Kamui,Kobayashi,15,Sauber,17.0,18.0,35.0,12.0,0.0,100.0,6.0,0.0,0
873,2012,14,Singapore Grand Prix,807,Nico,Hülkenberg,10,Force India,11.0,11.0,31.0,14.0,0.0,63.0,7.0,0.0,0
873,2012,14,Singapore Grand Prix,5,Heikki,Kovalainen,207,Caterham,19.0,20.0,0.0,19.0,0.0,0.0,10.0,0.0,0
873,2012,14,Singapore Grand Prix,819,Charles,Pic,206,Marussia,21.0,22.0,0.0,23.0,0.0,0.0,11.0,0.0,0
873,2012,14,Singapore Grand Prix,37,Pedro,de la Rosa,164,HRT,24.0,24.0,0.0,25.0,0.0,0.0,12.0,0.0,0
873,2012,14,Singapore Grand Prix,811,Bruno,Senna,3,Williams,22.0,17.0,25.0,16.0,0.0,54.0,8.0,1.0,0
873,2012,14,Singapore Grand Prix,808,Vitaly,Petrov,207,Caterham,18.0,19.0,0.0,20.0,0.0,0.0,10.0,0.0,0
873,2012,14,Singapore Grand Prix,818,Jean-Éric,Vergne,5,Toro Rosso,16.0,16.0,8.0,17.0,0.0,12.0,9.0,0.0,0
873,2012,14,Singapore Grand Prix,30,Michael,Schumacher,131,Mercedes,9.0,9.0,43.0,11.0,0.0,126.0,5.0,1.0,0
873,2012,14,Singapore Grand Prix,813,Pastor,Maldonado,3,Williams,2.0,2.0,29.0,15.0,1.0,54.0,8.0,1.0,0
873,2012,14,Singapore Grand Prix,39,Narain,Karthikeyan,164,HRT,23.0,23.0,0.0,24.0,0.0,0.0,12.0,0.0,0
873,2012,14,Singapore Grand Prix,1,Lewis,Hamilton,1,McLaren,1.0,1.0,142.0,2.0,3.0,243.0,2.0,5.0,0
874,2012,15,Japanese Grand Prix,20,Sebastian,Vettel,9,Red Bull,1.0,1.0,165.0,2.0,2.0,297.0,1.0,4.0,1
874,2012,15,Japanese Grand Prix,13,Felipe,Massa,6,Ferrari,10.0,11.0,51.0,10.0,0.0,245.0,3.0,3.0,1
874,2012,15,Japanese Grand Prix,155,Kamui,Kobayashi,15,Sauber,3.0,4.0,35.0,13.0,0.0,101.0,6.0,0.0,1
874,2012,15,Japanese Grand Prix,18,Jenson,Button,1,McLaren,8.0,3.0,119.0,6.0,2.0,261.0,2.0,5.0,0
874,2012,15,Japanese Grand Prix,1,Lewis,Hamilton,1,McLaren,9.0,9.0,142.0,4.0,3.0,261.0,2.0,5.0,0
874,2012,15,Japanese Grand Prix,8,Kimi,Räikkönen,208,Lotus F1,7.0,8.0,149.0,3.0,0.0,231.0,4.0,0.0,0
874,2012,15,Japanese Grand Prix,807,Nico,Hülkenberg,10,Force India,15.0,10.0,31.0,14.0,0.0,75.0,7.0,0.0,0
874,2012,15,Japanese Grand Prix,813,Pastor,Maldonado,3,Williams,12.0,14.0,29.0,15.0,1.0,54.0,8.0,1.0,0
874,2012,15,Japanese Grand Prix,17,Mark,Webber,9,Red Bull,2.0,2.0,132.0,5.0,2.0,297.0,1.0,4.0,0
874,2012,15,Japanese Grand Prix,817,Daniel,Ricciardo,5,Toro Rosso,14.0,16.0,6.0,18.0,0.0,14.0,9.0,0.0,0
874,2012,15,Japanese Grand Prix,30,Michael,Schumacher,131,Mercedes,23.0,13.0,43.0,12.0,0.0,136.0,5.0,1.0,0
874,2012,15,Japanese Grand Prix,814,Paul,di Resta,10,Force India,11.0,12.0,44.0,11.0,0.0,75.0,7.0,0.0,0
874,2012,15,Japanese Grand Prix,818,Jean-Éric,Vergne,5,Toro Rosso,19.0,17.0,8.0,17.0,0.0,14.0,9.0,0.0,0
874,2012,15,Japanese Grand Prix,811,Bruno,Senna,3,Williams,16.0,18.0,25.0,16.0,0.0,54.0,8.0,1.0,0
874,2012,15,Japanese Grand Prix,5,Heikki,Kovalainen,207,Caterham,17.0,19.0,0.0,20.0,0.0,0.0,11.0,0.0,0
874,2012,15,Japanese Grand Prix,10,Timo,Glock,206,Marussia,18.0,20.0,0.0,19.0,0.0,0.0,10.0,0.0,0
874,2012,15,Japanese Grand Prix,808,Vitaly,Petrov,207,Caterham,22.0,23.0,0.0,21.0,0.0,0.0,11.0,0.0,0
874,2012,15,Japanese Grand Prix,37,Pedro,de la Rosa,164,HRT,20.0,21.0,0.0,25.0,0.0,0.0,12.0,0.0,0
874,2012,15,Japanese Grand Prix,154,Romain,Grosjean,208,Lotus F1,4.0,5.0,82.0,8.0,0.0,231.0,4.0,0.0,0
874,2012,15,Japanese Grand Prix,819,Charles,Pic,206,Marussia,21.0,22.0,0.0,23.0,0.0,0.0,10.0,0.0,0
874,2012,15,Japanese Grand Prix,39,Narain,Karthikeyan,164,HRT,24.0,24.0,0.0,24.0,0.0,0.0,12.0,0.0,0
874,2012,15,Japanese Grand Prix,815,Sergio,Pérez,15,Sauber,5.0,6.0,66.0,9.0,0.0,101.0,6.0,0.0,0
874,2012,15,Japanese Grand Prix,4,Fernando,Alonso,6,Ferrari,6.0,7.0,194.0,1.0,3.0,245.0,3.0,3.0,0
874,2012,15,Japanese Grand Prix,3,Nico,Rosberg,131,Mercedes,13.0,15.0,93.0,7.0,1.0,136.0,5.0,1.0,0
875,2012,16,Korean Grand Prix,20,Sebastian,Vettel,9,Red Bull,2.0,2.0,190.0,2.0,3.0,324.0,1.0,5.0,1
875,2012,16,Korean Grand Prix,17,Mark,Webber,9,Red Bull,1.0,1.0,134.0,5.0,2.0,324.0,1.0,5.0,1
875,2012,16,Korean Grand Prix,4,Fernando,Alonso,6,Ferrari,4.0,4.0,194.0,1.0,3.0,263.0,3.0,3.0,1
875,2012,16,Korean Grand Prix,13,Felipe,Massa,6,Ferrari,6.0,6.0,69.0,9.0,0.0,263.0,3.0,3.0,0
875,2012,16,Korean Grand Prix,8,Kimi,Räikkönen,208,Lotus F1,5.0,5.0,157.0,3.0,0.0,239.0,4.0,0.0,0
875,2012,16,Korean Grand Prix,807,Nico,Hülkenberg,10,Force India,8.0,8.0,37.0,14.0,0.0,81.0,7.0,0.0,0
875,2012,16,Korean Grand Prix,154,Romain,Grosjean,208,Lotus F1,7.0,7.0,82.0,8.0,0.0,239.0,4.0,0.0,0
875,2012,16,Korean Grand Prix,818,Jean-Éric,Vergne,5,Toro Rosso,16.0,17.0,8.0,17.0,0.0,15.0,9.0,0.0,0
875,2012,16,Korean Grand Prix,817,Daniel,Ricciardo,5,Toro Rosso,21.0,16.0,7.0,18.0,0.0,15.0,9.0,0.0,0
875,2012,16,Korean Grand Prix,1,Lewis,Hamilton,1,McLaren,3.0,3.0,152.0,4.0,3.0,283.0,2.0,5.0,0
875,2012,16,Korean Grand Prix,815,Sergio,Pérez,15,Sauber,12.0,12.0,66.0,10.0,0.0,116.0,6.0,0.0,0
875,2012,16,Korean Grand Prix,814,Paul,di Resta,10,Force India,14.0,14.0,44.0,12.0,0.0,81.0,7.0,0.0,0
875,2012,16,Korean Grand Prix,30,Michael,Schumacher,131,Mercedes,10.0,10.0,43.0,13.0,0.0,136.0,5.0,1.0,0
875,2012,16,Korean Grand Prix,813,Pastor,Maldonado,3,Williams,15.0,15.0,33.0,15.0,1.0,58.0,8.0,1.0,0
875,2012,16,Korean Grand Prix,811,Bruno,Senna,3,Williams,17.0,18.0,25.0,16.0,0.0,58.0,8.0,1.0,0
875,2012,16,Korean Grand Prix,808,Vitaly,Petrov,207,Caterham,18.0,19.0,0.0,21.0,0.0,0.0,11.0,0.0,0
875,2012,16,Korean Grand Prix,5,Heikki,Kovalainen,207,Caterham,19.0,20.0,0.0,20.0,0.0,0.0,11.0,0.0,0
875,2012,16,Korean Grand Prix,10,Timo,Glock,206,Marussia,20.0,22.0,0.0,19.0,0.0,0.0,10.0,0.0,0
875,2012,16,Korean Grand Prix,819,Charles,Pic,206,Marussia,24.0,21.0,0.0,23.0,0.0,0.0,10.0,0.0,0
875,2012,16,Korean Grand Prix,39,Narain,Karthikeyan,164,HRT,23.0,25.0,0.0,24.0,0.0,0.0,12.0,0.0,0
875,2012,16,Korean Grand Prix,37,Pedro,de la Rosa,164,HRT,22.0,23.0,0.0,25.0,0.0,0.0,12.0,0.0,0
875,2012,16,Korean Grand Prix,155,Kamui,Kobayashi,15,Sauber,13.0,13.0,50.0,11.0,0.0,116.0,6.0,0.0,0
875,2012,16,Korean Grand Prix,3,Nico,Rosberg,131,Mercedes,9.0,9.0,93.0,7.0,1.0,136.0,5.0,1.0,0
875,2012,16,Korean Grand Prix,18,Jenson,Button,1,McLaren,11.0,11.0,131.0,6.0,2.0,283.0,2.0,5.0,0
876,2012,17,Indian Grand Prix,20,Sebastian,Vettel,9,Red Bull,1.0,1.0,215.0,1.0,4.0,367.0,1.0,6.0,1
876,2012,17,Indian Grand Prix,4,Fernando,Alonso,6,Ferrari,5.0,5.0,209.0,2.0,3.0,290.0,2.0,3.0,1
876,2012,17,Indian Grand Prix,17,Mark,Webber,9,Red Bull,2.0,2.0,152.0,5.0,2.0,367.0,1.0,6.0,1
876,2012,17,Indian Grand Prix,1,Lewis,Hamilton,1,McLaren,3.0,3.0,153.0,4.0,3.0,284.0,3.0,5.0,0
876,2012,17,Indian Grand Prix,18,Jenson,Button,1,McLaren,4.0,4.0,131.0,6.0,2.0,284.0,3.0,5.0,0
876,2012,17,Indian Grand Prix,13,Felipe,Massa,6,Ferrari,6.0,6.0,81.0,9.0,0.0,290.0,2.0,3.0,0
876,2012,17,Indian Grand Prix,8,Kimi,Räikkönen,208,Lotus F1,7.0,7.0,167.0,3.0,0.0,255.0,4.0,0.0,0
876,2012,17,Indian Grand Prix,807,Nico,Hülkenberg,10,Force India,12.0,12.0,45.0,12.0,0.0,89.0,7.0,0.0,0
876,2012,17,Indian Grand Prix,154,Romain,Grosjean,208,Lotus F1,11.0,11.0,88.0,8.0,0.0,255.0,4.0,0.0,0
876,2012,17,Indian Grand Prix,811,Bruno,Senna,3,Williams,13.0,13.0,25.0,16.0,0.0,58.0,8.0,1.0,0
876,2012,17,Indian Grand Prix,3,Nico,Rosberg,131,Mercedes,10.0,10.0,93.0,7.0,1.0,136.0,5.0,1.0,0
876,2012,17,Indian Grand Prix,814,Paul,di Resta,10,Force India,16.0,16.0,44.0,13.0,0.0,89.0,7.0,0.0,0
876,2012,17,Indian Grand Prix,817,Daniel,Ricciardo,5,Toro Rosso,15.0,15.0,9.0,18.0,0.0,21.0,9.0,0.0,0
876,2012,17,Indian Grand Prix,155,Kamui,Kobayashi,15,Sauber,17.0,17.0,50.0,11.0,0.0,116.0,6.0,0.0,0
876,2012,17,Indian Grand Prix,818,Jean-Éric,Vergne,5,Toro Rosso,18.0,18.0,12.0,17.0,0.0,21.0,9.0,0.0,0
876,2012,17,Indian Grand Prix,813,Pastor,Maldonado,3,Williams,9.0,9.0,33.0,15.0,1.0,58.0,8.0,1.0,0
876,2012,17,Indian Grand Prix,808,Vitaly,Petrov,207,Caterham,19.0,19.0,0.0,21.0,0.0,0.0,11.0,0.0,0
876,2012,17,Indian Grand Prix,5,Heikki,Kovalainen,207,Caterham,20.0,20.0,0.0,20.0,0.0,0.0,11.0,0.0,0
876,2012,17,Indian Grand Prix,819,Charles,Pic,206,Marussia,24.0,24.0,0.0,23.0,0.0,0.0,10.0,0.0,0
876,2012,17,Indian Grand Prix,10,Timo,Glock,206,Marussia,21.0,21.0,0.0,19.0,0.0,0.0,10.0,0.0,0
876,2012,17,Indian Grand Prix,39,Narain,Karthikeyan,164,HRT,23.0,23.0,0.0,24.0,0.0,0.0,12.0,0.0,0
876,2012,17,Indian Grand Prix,30,Michael,Schumacher,131,Mercedes,14.0,14.0,43.0,14.0,0.0,136.0,5.0,1.0,0
876,2012,17,Indian Grand Prix,37,Pedro,de la Rosa,164,HRT,22.0,22.0,0.0,25.0,0.0,0.0,12.0,0.0,0
876,2012,17,Indian Grand Prix,815,Sergio,Pérez,15,Sauber,8.0,8.0,66.0,10.0,0.0,116.0,6.0,0.0,0
877,2012,18,Abu Dhabi Grand Prix,8,Kimi,Räikkönen,208,Lotus F1,4.0,5.0,173.0,3.0,0.0,263.0,4.0,0.0,1
877,2012,18,Abu Dhabi Grand Prix,4,Fernando,Alonso,6,Ferrari,6.0,7.0,227.0,2.0,3.0,316.0,2.0,3.0,1
877,2012,18,Abu Dhabi Grand Prix,20,Sebastian,Vettel,9,Red Bull,24.0,3.0,240.0,1.0,5.0,407.0,1.0,7.0,1
877,2012,18,Abu Dhabi Grand Prix,18,Jenson,Button,1,McLaren,5.0,6.0,141.0,6.0,2.0,306.0,3.0,5.0,0
877,2012,18,Abu Dhabi Grand Prix,813,Pastor,Maldonado,3,Williams,3.0,4.0,33.0,15.0,1.0,59.0,8.0,1.0,0
877,2012,18,Abu Dhabi Grand Prix,155,Kamui,Kobayashi,15,Sauber,15.0,16.0,50.0,11.0,0.0,116.0,6.0,0.0,0
877,2012,18,Abu Dhabi Grand Prix,13,Felipe,Massa,6,Ferrari,8.0,9.0,89.0,9.0,0.0,316.0,2.0,3.0,0
877,2012,18,Abu Dhabi Grand Prix,811,Bruno,Senna,3,Williams,14.0,15.0,26.0,16.0,0.0,59.0,8.0,1.0,0
877,2012,18,Abu Dhabi Grand Prix,814,Paul,di Resta,10,Force India,12.0,13.0,44.0,13.0,0.0,93.0,7.0,0.0,0
877,2012,18,Abu Dhabi Grand Prix,817,Daniel,Ricciardo,5,Toro Rosso,16.0,17.0,9.0,18.0,0.0,21.0,9.0,0.0,0
877,2012,18,Abu Dhabi Grand Prix,30,Michael,Schumacher,131,Mercedes,13.0,14.0,43.0,14.0,0.0,136.0,5.0,1.0,0
877,2012,18,Abu Dhabi Grand Prix,818,Jean-Éric,Vergne,5,Toro Rosso,17.0,18.0,12.0,17.0,0.0,21.0,9.0,0.0,0
877,2012,18,Abu Dhabi Grand Prix,5,Heikki,Kovalainen,207,Caterham,18.0,19.0,0.0,20.0,0.0,0.0,11.0,0.0,0
877,2012,18,Abu Dhabi Grand Prix,10,Timo,Glock,206,Marussia,21.0,22.0,0.0,19.0,0.0,0.0,10.0,0.0,0
877,2012,18,Abu Dhabi Grand Prix,815,Sergio,Pérez,15,Sauber,11.0,12.0,66.0,10.0,0.0,116.0,6.0,0.0,0
877,2012,18,Abu Dhabi Grand Prix,808,Vitaly,Petrov,207,Caterham,20.0,21.0,0.0,21.0,0.0,0.0,11.0,0.0,0
877,2012,18,Abu Dhabi Grand Prix,37,Pedro,de la Rosa,164,HRT,22.0,23.0,0.0,25.0,0.0,0.0,12.0,0.0,0
877,2012,18,Abu Dhabi Grand Prix,819,Charles,Pic,206,Marussia,19.0,20.0,0.0,23.0,0.0,0.0,10.0,0.0,0
877,2012,18,Abu Dhabi Grand Prix,154,Romain,Grosjean,208,Lotus F1,9.0,10.0,90.0,8.0,0.0,263.0,4.0,0.0,0
877,2012,18,Abu Dhabi Grand Prix,17,Mark,Webber,9,Red Bull,2.0,2.0,167.0,4.0,2.0,407.0,1.0,7.0,0
877,2012,18,Abu Dhabi Grand Prix,1,Lewis,Hamilton,1,McLaren,1.0,1.0,165.0,5.0,3.0,306.0,3.0,5.0,0
877,2012,18,Abu Dhabi Grand Prix,39,Narain,Karthikeyan,164,HRT,23.0,24.0,0.0,24.0,0.0,0.0,12.0,0.0,0
877,2012,18,Abu Dhabi Grand Prix,3,Nico,Rosberg,131,Mercedes,7.0,8.0,93.0,7.0,1.0,136.0,5.0,1.0,0
877,2012,18,Abu Dhabi Grand Prix,807,Nico,Hülkenberg,10,Force India,10.0,11.0,49.0,12.0,0.0,93.0,7.0,0.0,0
878,2012,19,United States Grand Prix,1,Lewis,Hamilton,1,McLaren,2.0,2.0,165.0,5.0,3.0,318.0,3.0,5.0,1
878,2012,19,United States Grand Prix,20,Sebastian,Vettel,9,Red Bull,1.0,1.0,255.0,1.0,5.0,422.0,1.0,7.0,1
878,2012,19,United States Grand Prix,4,Fernando,Alonso,6,Ferrari,7.0,9.0,245.0,2.0,3.0,340.0,2.0,3.0,1
878,2012,19,United States Grand Prix,13,Felipe,Massa,6,Ferrari,11.0,7.0,95.0,7.0,0.0,340.0,2.0,3.0,0
878,2012,19,United States Grand Prix,18,Jenson,Button,1,McLaren,12.0,12.0,153.0,6.0,2.0,318.0,3.0,5.0,0
878,2012,19,United States Grand Prix,8,Kimi,Räikkönen,208,Lotus F1,4.0,5.0,198.0,3.0,1.0,288.0,4.0,1.0,0
878,2012,19,United States Grand Prix,154,Romain,Grosjean,208,Lotus F1,8.0,4.0,90.0,9.0,0.0,288.0,4.0,1.0,0
878,2012,19,United States Grand Prix,807,Nico,Hülkenberg,10,Force India,6.0,8.0,49.0,12.0,0.0,95.0,7.0,0.0,0
878,2012,19,United States Grand Prix,813,Pastor,Maldonado,3,Williams,9.0,10.0,43.0,14.0,1.0,73.0,8.0,1.0,0
878,2012,19,United States Grand Prix,811,Bruno,Senna,3,Williams,10.0,11.0,30.0,16.0,0.0,73.0,8.0,1.0,0
878,2012,19,United States Grand Prix,815,Sergio,Pérez,15,Sauber,15.0,15.0,66.0,10.0,0.0,124.0,6.0,0.0,0
878,2012,19,United States Grand Prix,817,Daniel,Ricciardo,5,Toro Rosso,18.0,18.0,10.0,18.0,0.0,22.0,9.0,0.0,0
878,2012,19,United States Grand Prix,3,Nico,Rosberg,131,Mercedes,17.0,17.0,93.0,8.0,1.0,136.0,5.0,1.0,0
878,2012,19,United States Grand Prix,155,Kamui,Kobayashi,15,Sauber,16.0,16.0,58.0,11.0,0.0,124.0,6.0,0.0,0
878,2012,19,United States Grand Prix,814,Paul,di Resta,10,Force India,13.0,13.0,46.0,13.0,0.0,95.0,7.0,0.0,0
878,2012,19,United States Grand Prix,30,Michael,Schumacher,131,Mercedes,5.0,6.0,43.0,15.0,0.0,136.0,5.0,1.0,0
878,2012,19,United States Grand Prix,808,Vitaly,Petrov,207,Caterham,21.0,21.0,0.0,21.0,0.0,0.0,11.0,0.0,0
878,2012,19,United States Grand Prix,5,Heikki,Kovalainen,207,Caterham,22.0,22.0,0.0,20.0,0.0,0.0,11.0,0.0,0
878,2012,19,United States Grand Prix,10,Timo,Glock,206,Marussia,19.0,19.0,0.0,19.0,0.0,0.0,10.0,0.0,0
878,2012,19,United States Grand Prix,819,Charles,Pic,206,Marussia,20.0,20.0,0.0,23.0,0.0,0.0,10.0,0.0,0
878,2012,19,United States Grand Prix,37,Pedro,de la Rosa,164,HRT,23.0,23.0,0.0,25.0,0.0,0.0,12.0,0.0,0
878,2012,19,United States Grand Prix,39,Narain,Karthikeyan,164,HRT,24.0,24.0,0.0,24.0,0.0,0.0,12.0,0.0,0
878,2012,19,United States Grand Prix,17,Mark,Webber,9,Red Bull,3.0,3.0,167.0,4.0,2.0,422.0,1.0,7.0,0
878,2012,19,United States Grand Prix,818,Jean-Éric,Vergne,5,Toro Rosso,14.0,14.0,12.0,17.0,0.0,22.0,9.0,0.0,0
879,2012,20,Brazilian Grand Prix,18,Jenson,Button,1,McLaren,2.0,2.0,163.0,6.0,2.0,353.0,3.0,6.0,1
879,2012,20,Brazilian Grand Prix,4,Fernando,Alonso,6,Ferrari,7.0,8.0,260.0,2.0,3.0,367.0,2.0,3.0,1
879,2012,20,Brazilian Grand Prix,13,Felipe,Massa,6,Ferrari,5.0,5.0,107.0,7.0,0.0,367.0,2.0,3.0,1
879,2012,20,Brazilian Grand Prix,17,Mark,Webber,9,Red Bull,3.0,3.0,167.0,5.0,2.0,440.0,1.0,7.0,0
879,2012,20,Brazilian Grand Prix,807,Nico,Hülkenberg,10,Force India,6.0,7.0,53.0,12.0,0.0,99.0,7.0,0.0,0
879,2012,20,Brazilian Grand Prix,20,Sebastian,Vettel,9,Red Bull,4.0,4.0,273.0,1.0,5.0,440.0,1.0,7.0,0
879,2012,20,Brazilian Grand Prix,30,Michael,Schumacher,131,Mercedes,13.0,14.0,43.0,15.0,0.0,136.0,5.0,1.0,0
879,2012,20,Brazilian Grand Prix,818,Jean-Éric,Vergne,5,Toro Rosso,17.0,17.0,12.0,17.0,0.0,22.0,9.0,0.0,0
879,2012,20,Brazilian Grand Prix,155,Kamui,Kobayashi,15,Sauber,14.0,15.0,58.0,11.0,0.0,124.0,6.0,0.0,0
879,2012,20,Brazilian Grand Prix,8,Kimi,Räikkönen,208,Lotus F1,8.0,9.0,206.0,3.0,1.0,302.0,4.0,1.0,0
879,2012,20,Brazilian Grand Prix,808,Vitaly,Petrov,207,Caterham,19.0,19.0,0.0,21.0,0.0,0.0,11.0,0.0,0
879,2012,20,Brazilian Grand Prix,819,Charles,Pic,206,Marussia,22.0,22.0,0.0,23.0,0.0,0.0,10.0,0.0,0
879,2012,20,Brazilian Grand Prix,817,Daniel,Ricciardo,5,Toro Rosso,15.0,16.0,10.0,18.0,0.0,22.0,9.0,0.0,0
879,2012,20,Brazilian Grand Prix,5,Heikki,Kovalainen,207,Caterham,20.0,20.0,0.0,20.0,0.0,0.0,11.0,0.0,0
879,2012,20,Brazilian Grand Prix,3,Nico,Rosberg,131,Mercedes,9.0,10.0,93.0,9.0,1.0,136.0,5.0,1.0,0
879,2012,20,Brazilian Grand Prix,10,Timo,Glock,206,Marussia,21.0,21.0,0.0,19.0,0.0,0.0,10.0,0.0,0
879,2012,20,Brazilian Grand Prix,37,Pedro,de la Rosa,164,HRT,24.0,24.0,0.0,25.0,0.0,0.0,12.0,0.0,0
879,2012,20,Brazilian Grand Prix,39,Narain,Karthikeyan,164,HRT,23.0,23.0,0.0,24.0,0.0,0.0,12.0,0.0,0
879,2012,20,Brazilian Grand Prix,814,Paul,di Resta,10,Force India,10.0,11.0,46.0,13.0,0.0,99.0,7.0,0.0,0
879,2012,20,Brazilian Grand Prix,1,Lewis,Hamilton,1,McLaren,1.0,1.0,190.0,4.0,4.0,353.0,3.0,6.0,0
879,2012,20,Brazilian Grand Prix,154,Romain,Grosjean,208,Lotus F1,18.0,18.0,96.0,8.0,0.0,302.0,4.0,1.0,0
879,2012,20,Brazilian Grand Prix,813,Pastor,Maldonado,3,Williams,16.0,6.0,45.0,14.0,1.0,76.0,8.0,1.0,0
879,2012,20,Brazilian Grand Prix,811,Bruno,Senna,3,Williams,11.0,12.0,31.0,16.0,0.0,76.0,8.0,1.0,0
879,2012,20,Brazilian Grand Prix,815,Sergio,Pérez,15,Sauber,12.0,13.0,66.0,10.0,0.0,124.0,6.0,0.0,0
880,2013,1,Australian Grand Prix,8,Kimi,Räikkönen,208,Lotus F1,7.0,7.0,207.0,3.0,1.0,303.0,4.0,1.0,1
880,2013,1,Australian Grand Prix,4,Fernando,Alonso,6,Ferrari,5.0,5.0,278.0,2.0,3.0,400.0,2.0,3.0,1
880,2013,1,Australian Grand Prix,20,Sebastian,Vettel,9,Red Bull,1.0,1.0,281.0,1.0,5.0,460.0,1.0,7.0,1
880,2013,1,Australian Grand Prix,13,Felipe,Massa,6,Ferrari,4.0,4.0,122.0,7.0,0.0,400.0,2.0,3.0,0
880,2013,1,Australian Grand Prix,1,Lewis,Hamilton,131,Mercedes,3.0,3.0,190.0,4.0,4.0,142.0,5.0,1.0,0
880,2013,1,Australian Grand Prix,17,Mark,Webber,9,Red Bull,2.0,2.0,179.0,6.0,2.0,460.0,1.0,7.0,0
880,2013,1,Australian Grand Prix,16,Adrian,Sutil,10,Force India,12.0,12.0,42.0,9.0,0.0,109.0,7.0,0.0,0
880,2013,1,Australian Grand Prix,814,Paul,di Resta,10,Force India,9.0,9.0,46.0,14.0,0.0,109.0,7.0,0.0,0
880,2013,1,Australian Grand Prix,18,Jenson,Button,1,McLaren,10.0,10.0,188.0,5.0,3.0,378.0,3.0,7.0,0
880,2013,1,Australian Grand Prix,154,Romain,Grosjean,208,Lotus F1,8.0,8.0,96.0,8.0,0.0,303.0,4.0,1.0,0
880,2013,1,Australian Grand Prix,815,Sergio,Pérez,1,McLaren,15.0,15.0,66.0,10.0,0.0,378.0,3.0,7.0,0
880,2013,1,Australian Grand Prix,818,Jean-Éric,Vergne,5,Toro Rosso,13.0,13.0,16.0,17.0,0.0,26.0,9.0,0.0,0
880,2013,1,Australian Grand Prix,821,Esteban,Gutiérrez,15,Sauber,18.0,18.0,0.0,28.0,0.0,126.0,6.0,0.0,0
880,2013,1,Australian Grand Prix,822,Valtteri,Bottas,3,Williams,16.0,16.0,0.0,28.0,0.0,76.0,8.0,1.0,0
880,2013,1,Australian Grand Prix,824,Jules,Bianchi,206,Marussia,19.0,19.0,0.0,28.0,0.0,0.0,11.0,0.0,0
880,2013,1,Australian Grand Prix,819,Charles,Pic,207,Caterham,22.0,22.0,0.0,21.0,0.0,0.0,10.0,0.0,0
880,2013,1,Australian Grand Prix,820,Max,Chilton,206,Marussia,20.0,20.0,0.0,28.0,0.0,0.0,11.0,0.0,0
880,2013,1,Australian Grand Prix,823,Giedo,van der Garde,207,Caterham,21.0,21.0,0.0,28.0,0.0,0.0,10.0,0.0,0
880,2013,1,Australian Grand Prix,817,Daniel,Ricciardo,5,Toro Rosso,14.0,14.0,10.0,18.0,0.0,26.0,9.0,0.0,0
880,2013,1,Australian Grand Prix,3,Nico,Rosberg,131,Mercedes,6.0,6.0,93.0,9.0,1.0,142.0,5.0,1.0,0
880,2013,1,Australian Grand Prix,813,Pastor,Maldonado,3,Williams,17.0,17.0,45.0,15.0,1.0,76.0,8.0,1.0,0
880,2013,1,Australian Grand Prix,807,Nico,Hülkenberg,15,Sauber,11.0,11.0,63.0,11.0,0.0,126.0,6.0,0.0,0
881,2013,2,Malaysian Grand Prix,20,Sebastian,Vettel,9,Red Bull,1.0,1.0,15.0,3.0,0.0,23.0,3.0,0.0,1
881,2013,2,Malaysian Grand Prix,17,Mark,Webber,9,Red Bull,5.0,5.0,8.0,6.0,0.0,23.0,3.0,0.0,1
881,2013,2,Malaysian Grand Prix,1,Lewis,Hamilton,131,Mercedes,4.0,4.0,10.0,5.0,0.0,10.0,4.0,0.0,1
881,2013,2,Malaysian Grand Prix,3,Nico,Rosberg,131,Mercedes,6.0,6.0,0.0,20.0,0.0,10.0,4.0,0.0,0
881,2013,2,Malaysian Grand Prix,13,Felipe,Massa,6,Ferrari,2.0,2.0,12.0,4.0,0.0,30.0,1.0,0.0,0
881,2013,2,Malaysian Grand Prix,154,Romain,Grosjean,208,Lotus F1,11.0,11.0,1.0,10.0,0.0,26.0,2.0,1.0,0
881,2013,2,Malaysian Grand Prix,8,Kimi,Räikkönen,208,Lotus F1,10.0,7.0,25.0,1.0,1.0,26.0,2.0,1.0,0
881,2013,2,Malaysian Grand Prix,807,Nico,Hülkenberg,15,Sauber,12.0,12.0,0.0,22.0,0.0,0.0,8.0,0.0,0
881,2013,2,Malaysian Grand Prix,815,Sergio,Pérez,1,McLaren,9.0,10.0,0.0,11.0,0.0,2.0,6.0,0.0,0
881,2013,2,Malaysian Grand Prix,818,Jean-Éric,Vergne,5,Toro Rosso,17.0,17.0,0.0,12.0,0.0,0.0,7.0,0.0,0
881,2013,2,Malaysian Grand Prix,822,Valtteri,Bottas,3,Williams,18.0,18.0,0.0,14.0,0.0,0.0,9.0,0.0,0
881,2013,2,Malaysian Grand Prix,821,Esteban,Gutiérrez,15,Sauber,14.0,14.0,0.0,13.0,0.0,0.0,8.0,0.0,0
881,2013,2,Malaysian Grand Prix,824,Jules,Bianchi,206,Marussia,19.0,19.0,0.0,15.0,0.0,0.0,10.0,0.0,0
881,2013,2,Malaysian Grand Prix,819,Charles,Pic,207,Caterham,20.0,20.0,0.0,16.0,0.0,0.0,11.0,0.0,0
881,2013,2,Malaysian Grand Prix,823,Giedo,van der Garde,207,Caterham,22.0,22.0,0.0,18.0,0.0,0.0,11.0,0.0,0
881,2013,2,Malaysian Grand Prix,820,Max,Chilton,206,Marussia,21.0,21.0,0.0,17.0,0.0,0.0,10.0,0.0,0
881,2013,2,Malaysian Grand Prix,18,Jenson,Button,1,McLaren,7.0,8.0,2.0,9.0,0.0,2.0,6.0,0.0,0
881,2013,2,Malaysian Grand Prix,817,Daniel,Ricciardo,5,Toro Rosso,13.0,13.0,0.0,19.0,0.0,0.0,7.0,0.0,0
881,2013,2,Malaysian Grand Prix,813,Pastor,Maldonado,3,Williams,16.0,16.0,0.0,21.0,0.0,0.0,9.0,0.0,0
881,2013,2,Malaysian Grand Prix,16,Adrian,Sutil,10,Force India,8.0,9.0,6.0,7.0,0.0,10.0,5.0,0.0,0
881,2013,2,Malaysian Grand Prix,814,Paul,di Resta,10,Force India,15.0,15.0,4.0,8.0,0.0,10.0,5.0,0.0,0
881,2013,2,Malaysian Grand Prix,4,Fernando,Alonso,6,Ferrari,3.0,3.0,18.0,2.0,0.0,30.0,1.0,0.0,0
882,2013,3,Chinese Grand Prix,4,Fernando,Alonso,6,Ferrari,3.0,3.0,18.0,6.0,0.0,40.0,3.0,0.0,1
882,2013,3,Chinese Grand Prix,8,Kimi,Räikkönen,208,Lotus F1,2.0,2.0,31.0,2.0,1.0,40.0,2.0,1.0,1
882,2013,3,Chinese Grand Prix,1,Lewis,Hamilton,131,Mercedes,1.0,1.0,25.0,4.0,0.0,37.0,4.0,0.0,1
882,2013,3,Chinese Grand Prix,20,Sebastian,Vettel,9,Red Bull,9.0,9.0,40.0,1.0,1.0,66.0,1.0,1.0,0
882,2013,3,Chinese Grand Prix,18,Jenson,Button,1,McLaren,8.0,8.0,2.0,13.0,0.0,4.0,7.0,0.0,0
882,2013,3,Chinese Grand Prix,13,Felipe,Massa,6,Ferrari,5.0,5.0,22.0,5.0,0.0,40.0,3.0,0.0,0
882,2013,3,Chinese Grand Prix,817,Daniel,Ricciardo,5,Toro Rosso,7.0,7.0,0.0,21.0,0.0,1.0,8.0,0.0,0
882,2013,3,Chinese Grand Prix,814,Paul,di Resta,10,Force India,11.0,11.0,4.0,10.0,0.0,10.0,5.0,0.0,0
882,2013,3,Chinese Grand Prix,154,Romain,Grosjean,208,Lotus F1,6.0,6.0,9.0,8.0,0.0,40.0,2.0,1.0,0
882,2013,3,Chinese Grand Prix,807,Nico,Hülkenberg,15,Sauber,10.0,10.0,4.0,11.0,0.0,4.0,6.0,0.0,0
882,2013,3,Chinese Grand Prix,815,Sergio,Pérez,1,McLaren,12.0,12.0,2.0,12.0,0.0,4.0,7.0,0.0,0
882,2013,3,Chinese Grand Prix,818,Jean-Éric,Vergne,5,Toro Rosso,15.0,16.0,1.0,14.0,0.0,1.0,8.0,0.0,0
882,2013,3,Chinese Grand Prix,822,Valtteri,Bottas,3,Williams,16.0,17.0,0.0,15.0,0.0,0.0,9.0,0.0,0
882,2013,3,Chinese Grand Prix,813,Pastor,Maldonado,3,Williams,14.0,15.0,0.0,22.0,0.0,0.0,9.0,0.0,0
882,2013,3,Chinese Grand Prix,824,Jules,Bianchi,206,Marussia,18.0,19.0,0.0,17.0,0.0,0.0,10.0,0.0,0
882,2013,3,Chinese Grand Prix,819,Charles,Pic,207,Caterham,20.0,21.0,0.0,18.0,0.0,0.0,11.0,0.0,0
882,2013,3,Chinese Grand Prix,820,Max,Chilton,206,Marussia,19.0,20.0,0.0,20.0,0.0,0.0,10.0,0.0,0
882,2013,3,Chinese Grand Prix,823,Giedo,van der Garde,207,Caterham,21.0,22.0,0.0,19.0,0.0,0.0,11.0,0.0,0
882,2013,3,Chinese Grand Prix,3,Nico,Rosberg,131,Mercedes,4.0,4.0,12.0,7.0,0.0,37.0,4.0,0.0,0
882,2013,3,Chinese Grand Prix,17,Mark,Webber,9,Red Bull,22.0,14.0,26.0,3.0,0.0,66.0,1.0,1.0,0
882,2013,3,Chinese Grand Prix,16,Adrian,Sutil,10,Force India,13.0,13.0,6.0,9.0,0.0,10.0,5.0,0.0,0
882,2013,3,Chinese Grand Prix,821,Esteban,Gutiérrez,15,Sauber,17.0,18.0,0.0,16.0,0.0,4.0,6.0,0.0,0
883,2013,4,Bahrain Grand Prix,20,Sebastian,Vettel,9,Red Bull,2.0,2.0,52.0,1.0,1.0,78.0,1.0,1.0,1
883,2013,4,Bahrain Grand Prix,8,Kimi,Räikkönen,208,Lotus F1,8.0,9.0,49.0,2.0,1.0,60.0,3.0,1.0,1
883,2013,4,Bahrain Grand Prix,154,Romain,Grosjean,208,Lotus F1,11.0,11.0,11.0,9.0,0.0,60.0,3.0,1.0,1
883,2013,4,Bahrain Grand Prix,814,Paul,di Resta,10,Force India,5.0,7.0,8.0,10.0,0.0,14.0,6.0,0.0,0
883,2013,4,Bahrain Grand Prix,1,Lewis,Hamilton,131,Mercedes,9.0,4.0,40.0,4.0,0.0,52.0,4.0,0.0,0
883,2013,4,Bahrain Grand Prix,815,Sergio,Pérez,1,McLaren,12.0,12.0,2.0,14.0,0.0,14.0,5.0,0.0,0
883,2013,4,Bahrain Grand Prix,17,Mark,Webber,9,Red Bull,7.0,5.0,26.0,6.0,0.0,78.0,1.0,1.0,0
883,2013,4,Bahrain Grand Prix,4,Fernando,Alonso,6,Ferrari,3.0,3.0,43.0,3.0,1.0,73.0,2.0,1.0,0
883,2013,4,Bahrain Grand Prix,3,Nico,Rosberg,131,Mercedes,1.0,1.0,12.0,7.0,0.0,52.0,4.0,0.0,0
883,2013,4,Bahrain Grand Prix,18,Jenson,Button,1,McLaren,10.0,10.0,12.0,8.0,0.0,14.0,5.0,0.0,0
883,2013,4,Bahrain Grand Prix,813,Pastor,Maldonado,3,Williams,17.0,17.0,0.0,20.0,0.0,0.0,9.0,0.0,0
883,2013,4,Bahrain Grand Prix,807,Nico,Hülkenberg,15,Sauber,14.0,14.0,5.0,13.0,0.0,5.0,8.0,0.0,0
883,2013,4,Bahrain Grand Prix,16,Adrian,Sutil,10,Force India,6.0,8.0,6.0,12.0,0.0,14.0,6.0,0.0,0
883,2013,4,Bahrain Grand Prix,822,Valtteri,Bottas,3,Williams,15.0,15.0,0.0,16.0,0.0,0.0,9.0,0.0,0
883,2013,4,Bahrain Grand Prix,13,Felipe,Massa,6,Ferrari,4.0,6.0,30.0,5.0,0.0,73.0,2.0,1.0,0
883,2013,4,Bahrain Grand Prix,817,Daniel,Ricciardo,5,Toro Rosso,13.0,13.0,6.0,11.0,0.0,7.0,7.0,0.0,0
883,2013,4,Bahrain Grand Prix,819,Charles,Pic,207,Caterham,18.0,19.0,0.0,19.0,0.0,0.0,11.0,0.0,0
883,2013,4,Bahrain Grand Prix,821,Esteban,Gutiérrez,15,Sauber,22.0,18.0,0.0,17.0,0.0,5.0,8.0,0.0,0
883,2013,4,Bahrain Grand Prix,824,Jules,Bianchi,206,Marussia,19.0,20.0,0.0,18.0,0.0,0.0,10.0,0.0,0
883,2013,4,Bahrain Grand Prix,820,Max,Chilton,206,Marussia,21.0,22.0,0.0,22.0,0.0,0.0,10.0,0.0,0
883,2013,4,Bahrain Grand Prix,823,Giedo,van der Garde,207,Caterham,20.0,21.0,0.0,21.0,0.0,0.0,11.0,0.0,0
883,2013,4,Bahrain Grand Prix,818,Jean-Éric,Vergne,5,Toro Rosso,16.0,16.0,1.0,15.0,0.0,7.0,7.0,0.0,0
884,2013,5,Spanish Grand Prix,4,Fernando,Alonso,6,Ferrari,5.0,5.0,47.0,4.0,1.0,77.0,3.0,1.0,1
884,2013,5,Spanish Grand Prix,8,Kimi,Räikkönen,208,Lotus F1,4.0,4.0,67.0,2.0,1.0,93.0,2.0,1.0,1
884,2013,5,Spanish Grand Prix,13,Felipe,Massa,6,Ferrari,9.0,6.0,30.0,6.0,0.0,77.0,3.0,1.0,1
884,2013,5,Spanish Grand Prix,20,Sebastian,Vettel,9,Red Bull,3.0,3.0,77.0,1.0,2.0,109.0,1.0,2.0,0
884,2013,5,Spanish Grand Prix,17,Mark,Webber,9,Red Bull,7.0,8.0,32.0,5.0,0.0,109.0,1.0,2.0,0
884,2013,5,Spanish Grand Prix,3,Nico,Rosberg,131,Mercedes,1.0,1.0,14.0,9.0,0.0,64.0,4.0,0.0,0
884,2013,5,Spanish Grand Prix,814,Paul,di Resta,10,Force India,10.0,10.0,20.0,8.0,0.0,26.0,5.0,0.0,0
884,2013,5,Spanish Grand Prix,18,Jenson,Button,1,McLaren,14.0,14.0,13.0,10.0,0.0,23.0,6.0,0.0,0
884,2013,5,Spanish Grand Prix,815,Sergio,Pérez,1,McLaren,8.0,9.0,10.0,11.0,0.0,23.0,6.0,0.0,0
884,2013,5,Spanish Grand Prix,817,Daniel,Ricciardo,5,Toro Rosso,11.0,11.0,6.0,13.0,0.0,7.0,7.0,0.0,0
884,2013,5,Spanish Grand Prix,821,Esteban,Gutiérrez,15,Sauber,19.0,16.0,0.0,18.0,0.0,5.0,8.0,0.0,0
884,2013,5,Spanish Grand Prix,1,Lewis,Hamilton,131,Mercedes,2.0,2.0,50.0,3.0,0.0,64.0,4.0,0.0,0
884,2013,5,Spanish Grand Prix,16,Adrian,Sutil,10,Force India,13.0,13.0,6.0,12.0,0.0,26.0,5.0,0.0,0
884,2013,5,Spanish Grand Prix,813,Pastor,Maldonado,3,Williams,17.0,18.0,0.0,17.0,0.0,0.0,9.0,0.0,0
884,2013,5,Spanish Grand Prix,807,Nico,Hülkenberg,15,Sauber,15.0,15.0,5.0,14.0,0.0,5.0,8.0,0.0,0
884,2013,5,Spanish Grand Prix,822,Valtteri,Bottas,3,Williams,16.0,17.0,0.0,16.0,0.0,0.0,9.0,0.0,0
884,2013,5,Spanish Grand Prix,819,Charles,Pic,207,Caterham,22.0,22.0,0.0,20.0,0.0,0.0,11.0,0.0,0
884,2013,5,Spanish Grand Prix,824,Jules,Bianchi,206,Marussia,20.0,20.0,0.0,19.0,0.0,0.0,10.0,0.0,0
884,2013,5,Spanish Grand Prix,820,Max,Chilton,206,Marussia,21.0,21.0,0.0,22.0,0.0,0.0,10.0,0.0,0
884,2013,5,Spanish Grand Prix,818,Jean-Éric,Vergne,5,Toro Rosso,12.0,12.0,1.0,15.0,0.0,7.0,7.0,0.0,0
884,2013,5,Spanish Grand Prix,823,Giedo,van der Garde,207,Caterham,18.0,19.0,0.0,21.0,0.0,0.0,11.0,0.0,0
884,2013,5,Spanish Grand Prix,154,Romain,Grosjean,208,Lotus F1,6.0,7.0,26.0,7.0,0.0,93.0,2.0,1.0,0
885,2013,6,Monaco Grand Prix,3,Nico,Rosberg,131,Mercedes,1.0,1.0,22.0,9.0,0.0,72.0,4.0,0.0,1
885,2013,6,Monaco Grand Prix,20,Sebastian,Vettel,9,Red Bull,3.0,3.0,89.0,1.0,2.0,131.0,1.0,2.0,1
885,2013,6,Monaco Grand Prix,17,Mark,Webber,9,Red Bull,4.0,4.0,42.0,6.0,0.0,131.0,1.0,2.0,1
885,2013,6,Monaco Grand Prix,1,Lewis,Hamilton,131,Mercedes,2.0,2.0,50.0,4.0,0.0,72.0,4.0,0.0,0
885,2013,6,Monaco Grand Prix,16,Adrian,Sutil,10,Force India,8.0,8.0,6.0,13.0,0.0,32.0,5.0,0.0,0
885,2013,6,Monaco Grand Prix,18,Jenson,Button,1,McLaren,9.0,9.0,17.0,10.0,0.0,29.0,6.0,0.0,0
885,2013,6,Monaco Grand Prix,4,Fernando,Alonso,6,Ferrari,6.0,6.0,72.0,3.0,2.0,117.0,2.0,2.0,0
885,2013,6,Monaco Grand Prix,818,Jean-Éric,Vergne,5,Toro Rosso,10.0,10.0,1.0,15.0,0.0,8.0,7.0,0.0,0
885,2013,6,Monaco Grand Prix,814,Paul,di Resta,10,Force India,17.0,17.0,26.0,8.0,0.0,32.0,5.0,0.0,0
885,2013,6,Monaco Grand Prix,8,Kimi,Räikkönen,208,Lotus F1,5.0,5.0,85.0,2.0,1.0,111.0,3.0,1.0,0
885,2013,6,Monaco Grand Prix,807,Nico,Hülkenberg,15,Sauber,11.0,11.0,5.0,14.0,0.0,5.0,8.0,0.0,0
885,2013,6,Monaco Grand Prix,822,Valtteri,Bottas,3,Williams,14.0,14.0,0.0,17.0,0.0,0.0,9.0,0.0,0
885,2013,6,Monaco Grand Prix,821,Esteban,Gutiérrez,15,Sauber,19.0,19.0,0.0,16.0,0.0,5.0,8.0,0.0,0
885,2013,6,Monaco Grand Prix,820,Max,Chilton,206,Marussia,22.0,20.0,0.0,22.0,0.0,0.0,10.0,0.0,0
885,2013,6,Monaco Grand Prix,823,Giedo,van der Garde,207,Caterham,15.0,15.0,0.0,21.0,0.0,0.0,11.0,0.0,0
885,2013,6,Monaco Grand Prix,815,Sergio,Pérez,1,McLaren,7.0,7.0,12.0,11.0,0.0,29.0,6.0,0.0,0
885,2013,6,Monaco Grand Prix,154,Romain,Grosjean,208,Lotus F1,13.0,13.0,26.0,7.0,0.0,111.0,3.0,1.0,0
885,2013,6,Monaco Grand Prix,817,Daniel,Ricciardo,5,Toro Rosso,12.0,12.0,7.0,12.0,0.0,8.0,7.0,0.0,0
885,2013,6,Monaco Grand Prix,824,Jules,Bianchi,206,Marussia,20.0,21.0,0.0,19.0,0.0,0.0,10.0,0.0,0
885,2013,6,Monaco Grand Prix,813,Pastor,Maldonado,3,Williams,16.0,16.0,0.0,18.0,0.0,0.0,9.0,0.0,0
885,2013,6,Monaco Grand Prix,13,Felipe,Massa,6,Ferrari,21.0,22.0,45.0,5.0,0.0,117.0,2.0,2.0,0
885,2013,6,Monaco Grand Prix,819,Charles,Pic,207,Caterham,18.0,18.0,0.0,20.0,0.0,0.0,11.0,0.0,0
886,2013,7,Canadian Grand Prix,20,Sebastian,Vettel,9,Red Bull,1.0,1.0,107.0,1.0,2.0,164.0,1.0,2.0,1
886,2013,7,Canadian Grand Prix,4,Fernando,Alonso,6,Ferrari,6.0,6.0,78.0,3.0,2.0,123.0,2.0,2.0,1
886,2013,7,Canadian Grand Prix,1,Lewis,Hamilton,131,Mercedes,2.0,2.0,62.0,4.0,0.0,109.0,4.0,1.0,1
886,2013,7,Canadian Grand Prix,17,Mark,Webber,9,Red Bull,5.0,5.0,57.0,5.0,0.0,164.0,1.0,2.0,0
886,2013,7,Canadian Grand Prix,3,Nico,Rosberg,131,Mercedes,4.0,4.0,47.0,6.0,1.0,109.0,4.0,1.0,0
886,2013,7,Canadian Grand Prix,818,Jean-Éric,Vergne,5,Toro Rosso,7.0,7.0,5.0,15.0,0.0,12.0,7.0,0.0,0
886,2013,7,Canadian Grand Prix,814,Paul,di Resta,10,Force India,17.0,17.0,28.0,8.0,0.0,44.0,5.0,0.0,0
886,2013,7,Canadian Grand Prix,13,Felipe,Massa,6,Ferrari,16.0,16.0,45.0,7.0,0.0,123.0,2.0,2.0,0
886,2013,7,Canadian Grand Prix,8,Kimi,Räikkönen,208,Lotus F1,10.0,9.0,86.0,2.0,1.0,112.0,3.0,1.0,0
886,2013,7,Canadian Grand Prix,16,Adrian,Sutil,10,Force India,8.0,8.0,16.0,11.0,0.0,44.0,5.0,0.0,0
886,2013,7,Canadian Grand Prix,815,Sergio,Pérez,1,McLaren,12.0,12.0,12.0,12.0,0.0,37.0,6.0,0.0,0
886,2013,7,Canadian Grand Prix,18,Jenson,Button,1,McLaren,14.0,14.0,25.0,10.0,0.0,37.0,6.0,0.0,0
886,2013,7,Canadian Grand Prix,154,Romain,Grosjean,208,Lotus F1,22.0,19.0,26.0,9.0,0.0,112.0,3.0,1.0,0
886,2013,7,Canadian Grand Prix,822,Valtteri,Bottas,3,Williams,3.0,3.0,0.0,17.0,0.0,0.0,9.0,0.0,0
886,2013,7,Canadian Grand Prix,817,Daniel,Ricciardo,5,Toro Rosso,11.0,10.0,7.0,13.0,0.0,12.0,7.0,0.0,0
886,2013,7,Canadian Grand Prix,813,Pastor,Maldonado,3,Williams,13.0,13.0,0.0,18.0,0.0,0.0,9.0,0.0,0
886,2013,7,Canadian Grand Prix,824,Jules,Bianchi,206,Marussia,19.0,20.0,0.0,19.0,0.0,0.0,10.0,0.0,0
886,2013,7,Canadian Grand Prix,819,Charles,Pic,207,Caterham,18.0,18.0,0.0,20.0,0.0,0.0,11.0,0.0,0
886,2013,7,Canadian Grand Prix,820,Max,Chilton,206,Marussia,20.0,21.0,0.0,21.0,0.0,0.0,10.0,0.0,0
886,2013,7,Canadian Grand Prix,821,Esteban,Gutiérrez,15,Sauber,15.0,15.0,0.0,16.0,0.0,5.0,8.0,0.0,0
886,2013,7,Canadian Grand Prix,807,Nico,Hülkenberg,15,Sauber,9.0,11.0,5.0,14.0,0.0,5.0,8.0,0.0,0
886,2013,7,Canadian Grand Prix,823,Giedo,van der Garde,207,Caterham,21.0,22.0,0.0,22.0,0.0,0.0,11.0,0.0,0
887,2013,8,British Grand Prix,3,Nico,Rosberg,131,Mercedes,2.0,2.0,57.0,6.0,1.0,134.0,3.0,1.0,1
887,2013,8,British Grand Prix,17,Mark,Webber,9,Red Bull,4.0,4.0,69.0,5.0,0.0,201.0,1.0,3.0,1
887,2013,8,British Grand Prix,4,Fernando,Alonso,6,Ferrari,9.0,10.0,96.0,2.0,2.0,145.0,2.0,2.0,1
887,2013,8,British Grand Prix,1,Lewis,Hamilton,131,Mercedes,1.0,1.0,77.0,4.0,0.0,134.0,3.0,1.0,0
887,2013,8,British Grand Prix,8,Kimi,Räikkönen,208,Lotus F1,8.0,9.0,88.0,3.0,1.0,114.0,4.0,1.0,0
887,2013,8,British Grand Prix,13,Felipe,Massa,6,Ferrari,11.0,12.0,49.0,7.0,0.0,145.0,2.0,2.0,0
887,2013,8,British Grand Prix,16,Adrian,Sutil,10,Force India,6.0,7.0,17.0,11.0,0.0,51.0,5.0,0.0,0
887,2013,8,British Grand Prix,817,Daniel,Ricciardo,5,Toro Rosso,5.0,6.0,7.0,14.0,0.0,20.0,7.0,0.0,0
887,2013,8,British Grand Prix,814,Paul,di Resta,10,Force India,21.0,5.0,34.0,8.0,0.0,51.0,5.0,0.0,0
887,2013,8,British Grand Prix,807,Nico,Hülkenberg,15,Sauber,14.0,15.0,5.0,15.0,0.0,5.0,8.0,0.0,0
887,2013,8,British Grand Prix,813,Pastor,Maldonado,3,Williams,15.0,16.0,0.0,18.0,0.0,0.0,9.0,0.0,0
887,2013,8,British Grand Prix,822,Valtteri,Bottas,3,Williams,16.0,17.0,0.0,17.0,0.0,0.0,9.0,0.0,0
887,2013,8,British Grand Prix,18,Jenson,Button,1,McLaren,10.0,11.0,25.0,10.0,0.0,37.0,6.0,0.0,0
887,2013,8,British Grand Prix,821,Esteban,Gutiérrez,15,Sauber,17.0,18.0,0.0,16.0,0.0,5.0,8.0,0.0,0
887,2013,8,British Grand Prix,819,Charles,Pic,207,Caterham,18.0,19.0,0.0,20.0,0.0,0.0,11.0,0.0,0
887,2013,8,British Grand Prix,824,Jules,Bianchi,206,Marussia,19.0,20.0,0.0,19.0,0.0,0.0,10.0,0.0,0
887,2013,8,British Grand Prix,820,Max,Chilton,206,Marussia,20.0,22.0,0.0,21.0,0.0,0.0,10.0,0.0,0
887,2013,8,British Grand Prix,823,Giedo,van der Garde,207,Caterham,22.0,21.0,0.0,22.0,0.0,0.0,11.0,0.0,0
887,2013,8,British Grand Prix,154,Romain,Grosjean,208,Lotus F1,7.0,8.0,26.0,9.0,0.0,114.0,4.0,1.0,0
887,2013,8,British Grand Prix,815,Sergio,Pérez,1,McLaren,13.0,14.0,12.0,13.0,0.0,37.0,6.0,0.0,0
887,2013,8,British Grand Prix,20,Sebastian,Vettel,9,Red Bull,3.0,3.0,132.0,1.0,3.0,201.0,1.0,3.0,0
887,2013,8,British Grand Prix,818,Jean-Éric,Vergne,5,Toro Rosso,12.0,13.0,13.0,12.0,0.0,20.0,7.0,0.0,0
888,2013,9,German Grand Prix,20,Sebastian,Vettel,9,Red Bull,2.0,2.0,132.0,1.0,3.0,219.0,1.0,3.0,1
888,2013,9,German Grand Prix,8,Kimi,Räikkönen,208,Lotus F1,4.0,4.0,98.0,3.0,1.0,124.0,4.0,1.0,1
888,2013,9,German Grand Prix,154,Romain,Grosjean,208,Lotus F1,5.0,5.0,26.0,9.0,0.0,124.0,4.0,1.0,1
888,2013,9,German Grand Prix,4,Fernando,Alonso,6,Ferrari,8.0,8.0,111.0,2.0,2.0,168.0,3.0,2.0,0
888,2013,9,German Grand Prix,1,Lewis,Hamilton,131,Mercedes,1.0,1.0,89.0,4.0,0.0,171.0,2.0,2.0,0
888,2013,9,German Grand Prix,18,Jenson,Button,1,McLaren,9.0,9.0,25.0,10.0,0.0,37.0,6.0,0.0,0
888,2013,9,German Grand Prix,17,Mark,Webber,9,Red Bull,3.0,3.0,87.0,5.0,0.0,219.0,1.0,3.0,0
888,2013,9,German Grand Prix,815,Sergio,Pérez,1,McLaren,13.0,13.0,12.0,13.0,0.0,37.0,6.0,0.0,0
888,2013,9,German Grand Prix,3,Nico,Rosberg,131,Mercedes,11.0,11.0,82.0,6.0,2.0,171.0,2.0,2.0,0
888,2013,9,German Grand Prix,807,Nico,Hülkenberg,15,Sauber,10.0,10.0,6.0,15.0,0.0,6.0,8.0,0.0,0
888,2013,9,German Grand Prix,814,Paul,di Resta,10,Force India,12.0,12.0,36.0,8.0,0.0,59.0,5.0,0.0,0
888,2013,9,German Grand Prix,817,Daniel,Ricciardo,5,Toro Rosso,6.0,6.0,11.0,14.0,0.0,24.0,7.0,0.0,0
888,2013,9,German Grand Prix,16,Adrian,Sutil,10,Force India,15.0,15.0,23.0,11.0,0.0,59.0,5.0,0.0,0
888,2013,9,German Grand Prix,821,Esteban,Gutiérrez,15,Sauber,14.0,14.0,0.0,18.0,0.0,6.0,8.0,0.0,0
888,2013,9,German Grand Prix,813,Pastor,Maldonado,3,Williams,18.0,18.0,0.0,16.0,0.0,0.0,9.0,0.0,0
888,2013,9,German Grand Prix,822,Valtteri,Bottas,3,Williams,17.0,17.0,0.0,17.0,0.0,0.0,9.0,0.0,0
888,2013,9,German Grand Prix,819,Charles,Pic,207,Caterham,22.0,19.0,0.0,20.0,0.0,0.0,11.0,0.0,0
888,2013,9,German Grand Prix,823,Giedo,van der Garde,207,Caterham,20.0,21.0,0.0,22.0,0.0,0.0,11.0,0.0,0
888,2013,9,German Grand Prix,820,Max,Chilton,206,Marussia,21.0,22.0,0.0,21.0,0.0,0.0,10.0,0.0,0
888,2013,9,German Grand Prix,818,Jean-Éric,Vergne,5,Toro Rosso,16.0,16.0,13.0,12.0,0.0,24.0,7.0,0.0,0
888,2013,9,German Grand Prix,824,Jules,Bianchi,206,Marussia,19.0,20.0,0.0,19.0,0.0,0.0,10.0,0.0,0
888,2013,9,German Grand Prix,13,Felipe,Massa,6,Ferrari,7.0,7.0,57.0,7.0,0.0,168.0,3.0,2.0,0
890,2013,10,Hungarian Grand Prix,1,Lewis,Hamilton,131,Mercedes,1.0,1.0,99.0,4.0,0.0,183.0,2.0,2.0,1
890,2013,10,Hungarian Grand Prix,8,Kimi,Räikkönen,208,Lotus F1,6.0,6.0,116.0,3.0,1.0,157.0,4.0,1.0,1
890,2013,10,Hungarian Grand Prix,20,Sebastian,Vettel,9,Red Bull,2.0,2.0,157.0,1.0,4.0,250.0,1.0,4.0,1
890,2013,10,Hungarian Grand Prix,17,Mark,Webber,9,Red Bull,10.0,10.0,93.0,5.0,0.0,250.0,1.0,4.0,0
890,2013,10,Hungarian Grand Prix,4,Fernando,Alonso,6,Ferrari,5.0,5.0,123.0,2.0,2.0,180.0,3.0,2.0,0
890,2013,10,Hungarian Grand Prix,154,Romain,Grosjean,208,Lotus F1,3.0,3.0,41.0,8.0,0.0,157.0,4.0,1.0,0
890,2013,10,Hungarian Grand Prix,18,Jenson,Button,1,McLaren,13.0,13.0,33.0,10.0,0.0,49.0,6.0,0.0,0
890,2013,10,Hungarian Grand Prix,13,Felipe,Massa,6,Ferrari,7.0,7.0,57.0,7.0,0.0,180.0,3.0,2.0,0
890,2013,10,Hungarian Grand Prix,815,Sergio,Pérez,1,McLaren,9.0,9.0,16.0,12.0,0.0,49.0,6.0,0.0,0
890,2013,10,Hungarian Grand Prix,813,Pastor,Maldonado,3,Williams,15.0,15.0,0.0,16.0,0.0,0.0,9.0,0.0,0
890,2013,10,Hungarian Grand Prix,807,Nico,Hülkenberg,15,Sauber,12.0,12.0,7.0,15.0,0.0,7.0,8.0,0.0,0
890,2013,10,Hungarian Grand Prix,818,Jean-Éric,Vergne,5,Toro Rosso,14.0,14.0,13.0,13.0,0.0,24.0,7.0,0.0,0
890,2013,10,Hungarian Grand Prix,817,Daniel,Ricciardo,5,Toro Rosso,8.0,8.0,11.0,14.0,0.0,24.0,7.0,0.0,0
890,2013,10,Hungarian Grand Prix,823,Giedo,van der Garde,207,Caterham,20.0,20.0,0.0,22.0,0.0,0.0,11.0,0.0,0
890,2013,10,Hungarian Grand Prix,819,Charles,Pic,207,Caterham,19.0,19.0,0.0,20.0,0.0,0.0,11.0,0.0,0
890,2013,10,Hungarian Grand Prix,824,Jules,Bianchi,206,Marussia,21.0,21.0,0.0,19.0,0.0,0.0,10.0,0.0,0
890,2013,10,Hungarian Grand Prix,820,Max,Chilton,206,Marussia,22.0,22.0,0.0,21.0,0.0,0.0,10.0,0.0,0
890,2013,10,Hungarian Grand Prix,814,Paul,di Resta,10,Force India,18.0,18.0,36.0,9.0,0.0,59.0,5.0,0.0,0
890,2013,10,Hungarian Grand Prix,3,Nico,Rosberg,131,Mercedes,4.0,4.0,84.0,6.0,2.0,183.0,2.0,2.0,0
890,2013,10,Hungarian Grand Prix,822,Valtteri,Bottas,3,Williams,16.0,16.0,0.0,17.0,0.0,0.0,9.0,0.0,0
890,2013,10,Hungarian Grand Prix,821,Esteban,Gutiérrez,15,Sauber,17.0,17.0,0.0,18.0,0.0,7.0,8.0,0.0,0
890,2013,10,Hungarian Grand Prix,16,Adrian,Sutil,10,Force India,11.0,11.0,23.0,11.0,0.0,59.0,5.0,0.0,0
891,2013,11,Belgian Grand Prix,20,Sebastian,Vettel,9,Red Bull,2.0,2.0,172.0,1.0,4.0,277.0,1.0,4.0,1
891,2013,11,Belgian Grand Prix,4,Fernando,Alonso,6,Ferrari,9.0,9.0,133.0,3.0,2.0,194.0,3.0,2.0,1
891,2013,11,Belgian Grand Prix,1,Lewis,Hamilton,131,Mercedes,1.0,1.0,124.0,4.0,1.0,208.0,2.0,3.0,1
891,2013,11,Belgian Grand Prix,3,Nico,Rosberg,131,Mercedes,4.0,4.0,84.0,6.0,2.0,208.0,2.0,3.0,0
891,2013,11,Belgian Grand Prix,17,Mark,Webber,9,Red Bull,3.0,3.0,105.0,5.0,0.0,277.0,1.0,4.0,0
891,2013,11,Belgian Grand Prix,18,Jenson,Button,1,McLaren,6.0,6.0,39.0,9.0,0.0,57.0,6.0,0.0,0
891,2013,11,Belgian Grand Prix,13,Felipe,Massa,6,Ferrari,10.0,10.0,61.0,7.0,0.0,194.0,3.0,2.0,0
891,2013,11,Belgian Grand Prix,154,Romain,Grosjean,208,Lotus F1,7.0,7.0,49.0,8.0,0.0,183.0,4.0,1.0,0
891,2013,11,Belgian Grand Prix,16,Adrian,Sutil,10,Force India,12.0,12.0,23.0,11.0,0.0,59.0,5.0,0.0,0
891,2013,11,Belgian Grand Prix,817,Daniel,Ricciardo,5,Toro Rosso,19.0,19.0,11.0,14.0,0.0,24.0,7.0,0.0,0
891,2013,11,Belgian Grand Prix,815,Sergio,Pérez,1,McLaren,13.0,13.0,18.0,12.0,0.0,57.0,6.0,0.0,0
891,2013,11,Belgian Grand Prix,818,Jean-Éric,Vergne,5,Toro Rosso,18.0,18.0,13.0,13.0,0.0,24.0,7.0,0.0,0
891,2013,11,Belgian Grand Prix,807,Nico,Hülkenberg,15,Sauber,11.0,11.0,7.0,15.0,0.0,7.0,8.0,0.0,0
891,2013,11,Belgian Grand Prix,821,Esteban,Gutiérrez,15,Sauber,21.0,21.0,0.0,18.0,0.0,7.0,8.0,0.0,0
891,2013,11,Belgian Grand Prix,822,Valtteri,Bottas,3,Williams,20.0,20.0,0.0,17.0,0.0,1.0,9.0,0.0,0
891,2013,11,Belgian Grand Prix,823,Giedo,van der Garde,207,Caterham,14.0,14.0,0.0,21.0,0.0,0.0,11.0,0.0,0
891,2013,11,Belgian Grand Prix,813,Pastor,Maldonado,3,Williams,17.0,17.0,1.0,16.0,0.0,1.0,9.0,0.0,0
891,2013,11,Belgian Grand Prix,824,Jules,Bianchi,206,Marussia,15.0,15.0,0.0,19.0,0.0,0.0,10.0,0.0,0
891,2013,11,Belgian Grand Prix,820,Max,Chilton,206,Marussia,16.0,16.0,0.0,22.0,0.0,0.0,10.0,0.0,0
891,2013,11,Belgian Grand Prix,814,Paul,di Resta,10,Force India,5.0,5.0,36.0,10.0,0.0,59.0,5.0,0.0,0
891,2013,11,Belgian Grand Prix,8,Kimi,Räikkönen,208,Lotus F1,8.0,8.0,134.0,2.0,1.0,183.0,4.0,1.0,0
891,2013,11,Belgian Grand Prix,819,Charles,Pic,207,Caterham,22.0,22.0,0.0,20.0,0.0,0.0,11.0,0.0,0
892,2013,12,Italian Grand Prix,20,Sebastian,Vettel,9,Red Bull,1.0,1.0,197.0,1.0,5.0,312.0,1.0,5.0,1
892,2013,12,Italian Grand Prix,4,Fernando,Alonso,6,Ferrari,5.0,5.0,151.0,2.0,2.0,218.0,3.0,2.0,1
892,2013,12,Italian Grand Prix,17,Mark,Webber,9,Red Bull,2.0,2.0,115.0,5.0,0.0,312.0,1.0,5.0,1
892,2013,12,Italian Grand Prix,13,Felipe,Massa,6,Ferrari,4.0,4.0,67.0,7.0,0.0,218.0,3.0,2.0,0
892,2013,12,Italian Grand Prix,807,Nico,Hülkenberg,15,Sauber,3.0,3.0,7.0,15.0,0.0,7.0,8.0,0.0,0
892,2013,12,Italian Grand Prix,3,Nico,Rosberg,131,Mercedes,6.0,6.0,96.0,6.0,2.0,235.0,2.0,3.0,0
892,2013,12,Italian Grand Prix,817,Daniel,Ricciardo,5,Toro Rosso,7.0,7.0,12.0,14.0,0.0,25.0,7.0,0.0,0
892,2013,12,Italian Grand Prix,154,Romain,Grosjean,208,Lotus F1,13.0,13.0,53.0,8.0,0.0,187.0,4.0,1.0,0
892,2013,12,Italian Grand Prix,1,Lewis,Hamilton,131,Mercedes,12.0,12.0,139.0,3.0,1.0,235.0,2.0,3.0,0
892,2013,12,Italian Grand Prix,18,Jenson,Button,1,McLaren,9.0,9.0,47.0,9.0,0.0,65.0,5.0,0.0,0
892,2013,12,Italian Grand Prix,8,Kimi,Räikkönen,208,Lotus F1,11.0,11.0,134.0,4.0,1.0,187.0,4.0,1.0,0
892,2013,12,Italian Grand Prix,815,Sergio,Pérez,1,McLaren,8.0,8.0,18.0,12.0,0.0,65.0,5.0,0.0,0
892,2013,12,Italian Grand Prix,821,Esteban,Gutiérrez,15,Sauber,16.0,17.0,0.0,18.0,0.0,7.0,8.0,0.0,0
892,2013,12,Italian Grand Prix,813,Pastor,Maldonado,3,Williams,14.0,15.0,1.0,16.0,0.0,1.0,9.0,0.0,0
892,2013,12,Italian Grand Prix,822,Valtteri,Bottas,3,Williams,18.0,18.0,0.0,17.0,0.0,1.0,9.0,0.0,0
892,2013,12,Italian Grand Prix,16,Adrian,Sutil,10,Force India,17.0,14.0,25.0,11.0,0.0,61.0,6.0,0.0,0
892,2013,12,Italian Grand Prix,819,Charles,Pic,207,Caterham,20.0,20.0,0.0,20.0,0.0,0.0,11.0,0.0,0
892,2013,12,Italian Grand Prix,823,Giedo,van der Garde,207,Caterham,19.0,19.0,0.0,21.0,0.0,0.0,11.0,0.0,0
892,2013,12,Italian Grand Prix,824,Jules,Bianchi,206,Marussia,21.0,21.0,0.0,19.0,0.0,0.0,10.0,0.0,0
892,2013,12,Italian Grand Prix,820,Max,Chilton,206,Marussia,22.0,22.0,0.0,22.0,0.0,0.0,10.0,0.0,0
892,2013,12,Italian Grand Prix,818,Jean-Éric,Vergne,5,Toro Rosso,10.0,10.0,13.0,13.0,0.0,25.0,7.0,0.0,0
892,2013,12,Italian Grand Prix,814,Paul,di Resta,10,Force India,15.0,16.0,36.0,10.0,0.0,61.0,6.0,0.0,0
893,2013,13,Singapore Grand Prix,20,Sebastian,Vettel,9,Red Bull,1.0,1.0,222.0,1.0,6.0,352.0,1.0,6.0,1
893,2013,13,Singapore Grand Prix,4,Fernando,Alonso,6,Ferrari,7.0,7.0,169.0,2.0,2.0,248.0,2.0,2.0,1
893,2013,13,Singapore Grand Prix,8,Kimi,Räikkönen,208,Lotus F1,13.0,13.0,134.0,4.0,1.0,191.0,4.0,1.0,1
893,2013,13,Singapore Grand Prix,3,Nico,Rosberg,131,Mercedes,2.0,2.0,104.0,6.0,2.0,245.0,3.0,3.0,0
893,2013,13,Singapore Grand Prix,1,Lewis,Hamilton,131,Mercedes,5.0,5.0,141.0,3.0,1.0,245.0,3.0,3.0,0
893,2013,13,Singapore Grand Prix,13,Felipe,Massa,6,Ferrari,6.0,6.0,79.0,7.0,0.0,248.0,2.0,2.0,0
893,2013,13,Singapore Grand Prix,18,Jenson,Button,1,McLaren,8.0,8.0,48.0,9.0,0.0,66.0,5.0,0.0,0
893,2013,13,Singapore Grand Prix,815,Sergio,Pérez,1,McLaren,14.0,14.0,18.0,12.0,0.0,66.0,5.0,0.0,0
893,2013,13,Singapore Grand Prix,807,Nico,Hülkenberg,15,Sauber,11.0,11.0,17.0,14.0,0.0,17.0,8.0,0.0,0
893,2013,13,Singapore Grand Prix,16,Adrian,Sutil,10,Force India,15.0,15.0,25.0,11.0,0.0,61.0,6.0,0.0,0
893,2013,13,Singapore Grand Prix,813,Pastor,Maldonado,3,Williams,18.0,18.0,1.0,16.0,0.0,1.0,9.0,0.0,0
893,2013,13,Singapore Grand Prix,821,Esteban,Gutiérrez,15,Sauber,10.0,10.0,0.0,18.0,0.0,17.0,8.0,0.0,0
893,2013,13,Singapore Grand Prix,822,Valtteri,Bottas,3,Williams,16.0,16.0,0.0,17.0,0.0,1.0,9.0,0.0,0
893,2013,13,Singapore Grand Prix,818,Jean-Éric,Vergne,5,Toro Rosso,12.0,12.0,13.0,15.0,0.0,31.0,7.0,0.0,0
893,2013,13,Singapore Grand Prix,17,Mark,Webber,9,Red Bull,4.0,4.0,130.0,5.0,0.0,352.0,1.0,6.0,0
893,2013,13,Singapore Grand Prix,823,Giedo,van der Garde,207,Caterham,20.0,20.0,0.0,21.0,0.0,0.0,11.0,0.0,0
893,2013,13,Singapore Grand Prix,820,Max,Chilton,206,Marussia,22.0,22.0,0.0,22.0,0.0,0.0,10.0,0.0,0
893,2013,13,Singapore Grand Prix,824,Jules,Bianchi,206,Marussia,21.0,21.0,0.0,19.0,0.0,0.0,10.0,0.0,0
893,2013,13,Singapore Grand Prix,819,Charles,Pic,207,Caterham,19.0,19.0,0.0,20.0,0.0,0.0,11.0,0.0,0
893,2013,13,Singapore Grand Prix,814,Paul,di Resta,10,Force India,17.0,17.0,36.0,10.0,0.0,61.0,6.0,0.0,0
893,2013,13,Singapore Grand Prix,154,Romain,Grosjean,208,Lotus F1,3.0,3.0,57.0,8.0,0.0,191.0,4.0,1.0,0
893,2013,13,Singapore Grand Prix,817,Daniel,Ricciardo,5,Toro Rosso,9.0,9.0,18.0,13.0,0.0,31.0,7.0,0.0,0
894,2013,14,Korean Grand Prix,20,Sebastian,Vettel,9,Red Bull,1.0,1.0,247.0,1.0,7.0,377.0,1.0,7.0,1
894,2013,14,Korean Grand Prix,8,Kimi,Räikkönen,208,Lotus F1,9.0,10.0,149.0,4.0,1.0,206.0,4.0,1.0,1
894,2013,14,Korean Grand Prix,154,Romain,Grosjean,208,Lotus F1,3.0,4.0,57.0,8.0,0.0,206.0,4.0,1.0,1
894,2013,14,Korean Grand Prix,807,Nico,Hülkenberg,15,Sauber,7.0,8.0,19.0,13.0,0.0,19.0,8.0,0.0,0
894,2013,14,Korean Grand Prix,1,Lewis,Hamilton,131,Mercedes,2.0,2.0,151.0,3.0,1.0,267.0,3.0,3.0,0
894,2013,14,Korean Grand Prix,4,Fernando,Alonso,6,Ferrari,5.0,6.0,187.0,2.0,2.0,274.0,2.0,2.0,0
894,2013,14,Korean Grand Prix,3,Nico,Rosberg,131,Mercedes,4.0,5.0,116.0,6.0,2.0,267.0,3.0,3.0,0
894,2013,14,Korean Grand Prix,18,Jenson,Button,1,McLaren,11.0,12.0,54.0,9.0,0.0,76.0,5.0,0.0,0
894,2013,14,Korean Grand Prix,13,Felipe,Massa,6,Ferrari,6.0,7.0,87.0,7.0,0.0,274.0,2.0,2.0,0
894,2013,14,Korean Grand Prix,815,Sergio,Pérez,1,McLaren,10.0,11.0,22.0,12.0,0.0,76.0,5.0,0.0,0
894,2013,14,Korean Grand Prix,821,Esteban,Gutiérrez,15,Sauber,8.0,9.0,0.0,17.0,0.0,19.0,8.0,0.0,0
894,2013,14,Korean Grand Prix,822,Valtteri,Bottas,3,Williams,17.0,17.0,0.0,18.0,0.0,1.0,9.0,0.0,0
894,2013,14,Korean Grand Prix,813,Pastor,Maldonado,3,Williams,18.0,18.0,1.0,16.0,0.0,1.0,9.0,0.0,0
894,2013,14,Korean Grand Prix,819,Charles,Pic,207,Caterham,19.0,19.0,0.0,20.0,0.0,0.0,11.0,0.0,0
894,2013,14,Korean Grand Prix,823,Giedo,van der Garde,207,Caterham,20.0,20.0,0.0,21.0,0.0,0.0,11.0,0.0,0
894,2013,14,Korean Grand Prix,824,Jules,Bianchi,206,Marussia,22.0,21.0,0.0,19.0,0.0,0.0,10.0,0.0,0
894,2013,14,Korean Grand Prix,820,Max,Chilton,206,Marussia,21.0,22.0,0.0,22.0,0.0,0.0,10.0,0.0,0
894,2013,14,Korean Grand Prix,818,Jean-Éric,Vergne,5,Toro Rosso,16.0,16.0,13.0,15.0,0.0,31.0,7.0,0.0,0
894,2013,14,Korean Grand Prix,817,Daniel,Ricciardo,5,Toro Rosso,12.0,13.0,18.0,14.0,0.0,31.0,7.0,0.0,0
894,2013,14,Korean Grand Prix,16,Adrian,Sutil,10,Force India,14.0,14.0,26.0,11.0,0.0,62.0,6.0,0.0,0
894,2013,14,Korean Grand Prix,17,Mark,Webber,9,Red Bull,13.0,3.0,130.0,5.0,0.0,377.0,1.0,7.0,0
894,2013,14,Korean Grand Prix,814,Paul,di Resta,10,Force India,15.0,15.0,36.0,10.0,0.0,62.0,6.0,0.0,0
895,2013,15,Japanese Grand Prix,20,Sebastian,Vettel,9,Red Bull,2.0,2.0,272.0,1.0,8.0,402.0,1.0,8.0,1
895,2013,15,Japanese Grand Prix,17,Mark,Webber,9,Red Bull,1.0,1.0,130.0,5.0,0.0,402.0,1.0,8.0,1
895,2013,15,Japanese Grand Prix,154,Romain,Grosjean,208,Lotus F1,4.0,4.0,72.0,8.0,0.0,239.0,4.0,1.0,1
895,2013,15,Japanese Grand Prix,4,Fernando,Alonso,6,Ferrari,8.0,8.0,195.0,2.0,2.0,284.0,2.0,2.0,0
895,2013,15,Japanese Grand Prix,8,Kimi,Räikkönen,208,Lotus F1,9.0,9.0,167.0,3.0,1.0,239.0,4.0,1.0,0
895,2013,15,Japanese Grand Prix,807,Nico,Hülkenberg,15,Sauber,7.0,7.0,31.0,11.0,0.0,31.0,7.0,0.0,0
895,2013,15,Japanese Grand Prix,821,Esteban,Gutiérrez,15,Sauber,14.0,14.0,0.0,17.0,0.0,31.0,7.0,0.0,0
895,2013,15,Japanese Grand Prix,3,Nico,Rosberg,131,Mercedes,6.0,6.0,122.0,6.0,2.0,283.0,3.0,3.0,0
895,2013,15,Japanese Grand Prix,18,Jenson,Button,1,McLaren,10.0,10.0,58.0,9.0,0.0,81.0,5.0,0.0,0
895,2013,15,Japanese Grand Prix,13,Felipe,Massa,6,Ferrari,5.0,5.0,89.0,7.0,0.0,284.0,2.0,2.0,0
895,2013,15,Japanese Grand Prix,814,Paul,di Resta,10,Force India,12.0,12.0,36.0,10.0,0.0,62.0,6.0,0.0,0
895,2013,15,Japanese Grand Prix,818,Jean-Éric,Vergne,5,Toro Rosso,17.0,18.0,13.0,15.0,0.0,31.0,8.0,0.0,0
895,2013,15,Japanese Grand Prix,817,Daniel,Ricciardo,5,Toro Rosso,16.0,16.0,18.0,14.0,0.0,31.0,8.0,0.0,0
895,2013,15,Japanese Grand Prix,16,Adrian,Sutil,10,Force India,22.0,17.0,26.0,12.0,0.0,62.0,6.0,0.0,0
895,2013,15,Japanese Grand Prix,815,Sergio,Pérez,1,McLaren,11.0,11.0,23.0,13.0,0.0,81.0,5.0,0.0,0
895,2013,15,Japanese Grand Prix,813,Pastor,Maldonado,3,Williams,15.0,15.0,1.0,16.0,0.0,1.0,9.0,0.0,0
895,2013,15,Japanese Grand Prix,822,Valtteri,Bottas,3,Williams,13.0,13.0,0.0,18.0,0.0,1.0,9.0,0.0,0
895,2013,15,Japanese Grand Prix,819,Charles,Pic,207,Caterham,20.0,20.0,0.0,20.0,0.0,0.0,11.0,0.0,0
895,2013,15,Japanese Grand Prix,820,Max,Chilton,206,Marussia,18.0,19.0,0.0,22.0,0.0,0.0,10.0,0.0,0
895,2013,15,Japanese Grand Prix,1,Lewis,Hamilton,131,Mercedes,3.0,3.0,161.0,4.0,1.0,283.0,3.0,3.0,0
895,2013,15,Japanese Grand Prix,823,Giedo,van der Garde,207,Caterham,19.0,21.0,0.0,21.0,0.0,0.0,11.0,0.0,0
895,2013,15,Japanese Grand Prix,824,Jules,Bianchi,206,Marussia,21.0,22.0,0.0,19.0,0.0,0.0,10.0,0.0,0
896,2013,16,Indian Grand Prix,20,Sebastian,Vettel,9,Red Bull,1.0,1.0,297.0,1.0,9.0,445.0,1.0,9.0,1
896,2013,16,Indian Grand Prix,3,Nico,Rosberg,131,Mercedes,2.0,2.0,126.0,6.0,2.0,287.0,3.0,3.0,1
896,2013,16,Indian Grand Prix,154,Romain,Grosjean,208,Lotus F1,17.0,17.0,87.0,8.0,0.0,264.0,4.0,1.0,1
896,2013,16,Indian Grand Prix,13,Felipe,Massa,6,Ferrari,5.0,5.0,90.0,7.0,0.0,297.0,2.0,2.0,0
896,2013,16,Indian Grand Prix,815,Sergio,Pérez,1,McLaren,9.0,9.0,23.0,13.0,0.0,83.0,5.0,0.0,0
896,2013,16,Indian Grand Prix,1,Lewis,Hamilton,131,Mercedes,3.0,3.0,161.0,4.0,1.0,287.0,3.0,3.0,0
896,2013,16,Indian Grand Prix,8,Kimi,Räikkönen,208,Lotus F1,6.0,6.0,177.0,3.0,1.0,264.0,4.0,1.0,0
896,2013,16,Indian Grand Prix,814,Paul,di Resta,10,Force India,12.0,12.0,36.0,11.0,0.0,62.0,6.0,0.0,0
896,2013,16,Indian Grand Prix,16,Adrian,Sutil,10,Force India,13.0,13.0,26.0,12.0,0.0,62.0,6.0,0.0,0
896,2013,16,Indian Grand Prix,817,Daniel,Ricciardo,5,Toro Rosso,11.0,11.0,18.0,14.0,0.0,31.0,8.0,0.0,0
896,2013,16,Indian Grand Prix,4,Fernando,Alonso,6,Ferrari,8.0,8.0,207.0,2.0,2.0,297.0,2.0,2.0,0
896,2013,16,Indian Grand Prix,813,Pastor,Maldonado,3,Williams,18.0,18.0,1.0,17.0,0.0,1.0,9.0,0.0,0
896,2013,16,Indian Grand Prix,818,Jean-Éric,Vergne,5,Toro Rosso,14.0,14.0,13.0,15.0,0.0,31.0,8.0,0.0,0
896,2013,16,Indian Grand Prix,18,Jenson,Button,1,McLaren,10.0,10.0,60.0,9.0,0.0,83.0,5.0,0.0,0
896,2013,16,Indian Grand Prix,821,Esteban,Gutiérrez,15,Sauber,16.0,16.0,6.0,16.0,0.0,45.0,7.0,0.0,0
896,2013,16,Indian Grand Prix,822,Valtteri,Bottas,3,Williams,15.0,15.0,0.0,18.0,0.0,1.0,9.0,0.0,0
896,2013,16,Indian Grand Prix,820,Max,Chilton,206,Marussia,22.0,22.0,0.0,22.0,0.0,0.0,10.0,0.0,0
896,2013,16,Indian Grand Prix,824,Jules,Bianchi,206,Marussia,19.0,19.0,0.0,19.0,0.0,0.0,10.0,0.0,0
896,2013,16,Indian Grand Prix,807,Nico,Hülkenberg,15,Sauber,7.0,7.0,39.0,10.0,0.0,45.0,7.0,0.0,0
896,2013,16,Indian Grand Prix,17,Mark,Webber,9,Red Bull,4.0,4.0,148.0,5.0,0.0,445.0,1.0,9.0,0
896,2013,16,Indian Grand Prix,819,Charles,Pic,207,Caterham,21.0,21.0,0.0,20.0,0.0,0.0,11.0,0.0,0
896,2013,16,Indian Grand Prix,823,Giedo,van der Garde,207,Caterham,20.0,20.0,0.0,21.0,0.0,0.0,11.0,0.0,0
897,2013,17,Abu Dhabi Grand Prix,20,Sebastian,Vettel,9,Red Bull,2.0,2.0,322.0,1.0,10.0,470.0,1.0,10.0,1
897,2013,17,Abu Dhabi Grand Prix,17,Mark,Webber,9,Red Bull,1.0,1.0,148.0,5.0,0.0,470.0,1.0,10.0,1
897,2013,17,Abu Dhabi Grand Prix,3,Nico,Rosberg,131,Mercedes,3.0,3.0,144.0,6.0,2.0,313.0,2.0,3.0,1
897,2013,17,Abu Dhabi Grand Prix,154,Romain,Grosjean,208,Lotus F1,6.0,7.0,102.0,7.0,0.0,285.0,4.0,1.0,0
897,2013,17,Abu Dhabi Grand Prix,4,Fernando,Alonso,6,Ferrari,10.0,11.0,207.0,2.0,2.0,309.0,3.0,2.0,0
897,2013,17,Abu Dhabi Grand Prix,814,Paul,di Resta,10,Force India,11.0,12.0,40.0,10.0,0.0,68.0,6.0,0.0,0
897,2013,17,Abu Dhabi Grand Prix,1,Lewis,Hamilton,131,Mercedes,4.0,4.0,169.0,4.0,1.0,313.0,2.0,3.0,0
897,2013,17,Abu Dhabi Grand Prix,13,Felipe,Massa,6,Ferrari,7.0,8.0,102.0,8.0,0.0,309.0,3.0,2.0,0
897,2013,17,Abu Dhabi Grand Prix,815,Sergio,Pérez,1,McLaren,8.0,9.0,33.0,12.0,0.0,93.0,5.0,0.0,0
897,2013,17,Abu Dhabi Grand Prix,16,Adrian,Sutil,10,Force India,17.0,18.0,28.0,13.0,0.0,68.0,6.0,0.0,0
897,2013,17,Abu Dhabi Grand Prix,813,Pastor,Maldonado,3,Williams,14.0,15.0,1.0,17.0,0.0,1.0,9.0,0.0,0
897,2013,17,Abu Dhabi Grand Prix,18,Jenson,Button,1,McLaren,12.0,13.0,60.0,9.0,0.0,93.0,5.0,0.0,0
897,2013,17,Abu Dhabi Grand Prix,821,Esteban,Gutiérrez,15,Sauber,16.0,17.0,6.0,16.0,0.0,45.0,7.0,0.0,0
897,2013,17,Abu Dhabi Grand Prix,807,Nico,Hülkenberg,15,Sauber,5.0,6.0,39.0,11.0,0.0,45.0,7.0,0.0,0
897,2013,17,Abu Dhabi Grand Prix,822,Valtteri,Bottas,3,Williams,15.0,16.0,0.0,18.0,0.0,1.0,9.0,0.0,0
897,2013,17,Abu Dhabi Grand Prix,817,Daniel,Ricciardo,5,Toro Rosso,9.0,10.0,19.0,14.0,0.0,32.0,8.0,0.0,0
897,2013,17,Abu Dhabi Grand Prix,818,Jean-Éric,Vergne,5,Toro Rosso,13.0,14.0,13.0,15.0,0.0,32.0,8.0,0.0,0
897,2013,17,Abu Dhabi Grand Prix,823,Giedo,van der Garde,207,Caterham,18.0,19.0,0.0,21.0,0.0,0.0,11.0,0.0,0
897,2013,17,Abu Dhabi Grand Prix,819,Charles,Pic,207,Caterham,19.0,21.0,0.0,20.0,0.0,0.0,11.0,0.0,0
897,2013,17,Abu Dhabi Grand Prix,824,Jules,Bianchi,206,Marussia,21.0,20.0,0.0,19.0,0.0,0.0,10.0,0.0,0
897,2013,17,Abu Dhabi Grand Prix,820,Max,Chilton,206,Marussia,20.0,22.0,0.0,22.0,0.0,0.0,10.0,0.0,0
897,2013,17,Abu Dhabi Grand Prix,8,Kimi,Räikkönen,208,Lotus F1,22.0,5.0,183.0,3.0,1.0,285.0,4.0,1.0,0
898,2013,18,United States Grand Prix,20,Sebastian,Vettel,9,Red Bull,1.0,1.0,347.0,1.0,11.0,513.0,1.0,11.0,1
898,2013,18,United States Grand Prix,154,Romain,Grosjean,208,Lotus F1,3.0,3.0,114.0,7.0,0.0,297.0,4.0,1.0,1
898,2013,18,United States Grand Prix,17,Mark,Webber,9,Red Bull,2.0,2.0,166.0,5.0,0.0,513.0,1.0,11.0,1
898,2013,18,United States Grand Prix,1,Lewis,Hamilton,131,Mercedes,5.0,5.0,175.0,4.0,1.0,334.0,2.0,3.0,0
898,2013,18,United States Grand Prix,4,Fernando,Alonso,6,Ferrari,6.0,6.0,217.0,2.0,2.0,323.0,3.0,2.0,0
898,2013,18,United States Grand Prix,807,Nico,Hülkenberg,15,Sauber,4.0,4.0,39.0,11.0,0.0,45.0,7.0,0.0,0
898,2013,18,United States Grand Prix,815,Sergio,Pérez,1,McLaren,7.0,7.0,35.0,12.0,0.0,95.0,5.0,0.0,0
898,2013,18,United States Grand Prix,822,Valtteri,Bottas,3,Williams,9.0,9.0,0.0,18.0,0.0,1.0,9.0,0.0,0
898,2013,18,United States Grand Prix,3,Nico,Rosberg,131,Mercedes,12.0,14.0,159.0,6.0,2.0,334.0,2.0,3.0,0
898,2013,18,United States Grand Prix,18,Jenson,Button,1,McLaren,15.0,13.0,60.0,9.0,0.0,95.0,5.0,0.0,0
898,2013,18,United States Grand Prix,817,Daniel,Ricciardo,5,Toro Rosso,10.0,11.0,19.0,14.0,0.0,32.0,8.0,0.0,0
898,2013,18,United States Grand Prix,818,Jean-Éric,Vergne,5,Toro Rosso,14.0,16.0,13.0,15.0,0.0,32.0,8.0,0.0,0
898,2013,18,United States Grand Prix,13,Felipe,Massa,6,Ferrari,13.0,15.0,106.0,8.0,0.0,323.0,3.0,2.0,0
898,2013,18,United States Grand Prix,821,Esteban,Gutiérrez,15,Sauber,20.0,10.0,6.0,16.0,0.0,45.0,7.0,0.0,0
898,2013,18,United States Grand Prix,5,Heikki,Kovalainen,208,Lotus F1,8.0,8.0,0.0,22.0,0.0,297.0,4.0,1.0,0
898,2013,18,United States Grand Prix,814,Paul,di Resta,10,Force India,11.0,12.0,48.0,10.0,0.0,77.0,6.0,0.0,0
898,2013,18,United States Grand Prix,813,Pastor,Maldonado,3,Williams,17.0,18.0,1.0,17.0,0.0,1.0,9.0,0.0,0
898,2013,18,United States Grand Prix,824,Jules,Bianchi,206,Marussia,19.0,20.0,0.0,19.0,0.0,0.0,10.0,0.0,0
898,2013,18,United States Grand Prix,823,Giedo,van der Garde,207,Caterham,18.0,19.0,0.0,21.0,0.0,0.0,11.0,0.0,0
898,2013,18,United States Grand Prix,819,Charles,Pic,207,Caterham,22.0,21.0,0.0,20.0,0.0,0.0,11.0,0.0,0
898,2013,18,United States Grand Prix,820,Max,Chilton,206,Marussia,21.0,22.0,0.0,22.0,0.0,0.0,10.0,0.0,0
898,2013,18,United States Grand Prix,16,Adrian,Sutil,10,Force India,16.0,17.0,29.0,13.0,0.0,77.0,6.0,0.0,0
899,2013,19,Brazilian Grand Prix,20,Sebastian,Vettel,9,Red Bull,1.0,1.0,372.0,1.0,12.0,553.0,1.0,12.0,1
899,2013,19,Brazilian Grand Prix,17,Mark,Webber,9,Red Bull,4.0,4.0,181.0,5.0,0.0,553.0,1.0,12.0,1
899,2013,19,Brazilian Grand Prix,4,Fernando,Alonso,6,Ferrari,3.0,3.0,227.0,2.0,2.0,333.0,3.0,2.0,1
899,2013,19,Brazilian Grand Prix,18,Jenson,Button,1,McLaren,14.0,15.0,61.0,9.0,0.0,102.0,5.0,0.0,0
899,2013,19,Brazilian Grand Prix,3,Nico,Rosberg,131,Mercedes,2.0,2.0,161.0,6.0,2.0,348.0,2.0,3.0,0
899,2013,19,Brazilian Grand Prix,815,Sergio,Pérez,1,McLaren,19.0,14.0,41.0,12.0,0.0,102.0,5.0,0.0,0
899,2013,19,Brazilian Grand Prix,13,Felipe,Massa,6,Ferrari,9.0,9.0,106.0,8.0,0.0,333.0,3.0,2.0,0
899,2013,19,Brazilian Grand Prix,807,Nico,Hülkenberg,15,Sauber,10.0,10.0,47.0,11.0,0.0,53.0,7.0,0.0,0
899,2013,19,Brazilian Grand Prix,1,Lewis,Hamilton,131,Mercedes,5.0,5.0,187.0,3.0,1.0,348.0,2.0,3.0,0
899,2013,19,Brazilian Grand Prix,817,Daniel,Ricciardo,5,Toro Rosso,7.0,7.0,19.0,14.0,0.0,32.0,8.0,0.0,0
899,2013,19,Brazilian Grand Prix,814,Paul,di Resta,10,Force India,12.0,12.0,48.0,10.0,0.0,77.0,6.0,0.0,0
899,2013,19,Brazilian Grand Prix,821,Esteban,Gutiérrez,15,Sauber,17.0,18.0,6.0,16.0,0.0,53.0,7.0,0.0,0
899,2013,19,Brazilian Grand Prix,16,Adrian,Sutil,10,Force India,15.0,16.0,29.0,13.0,0.0,77.0,6.0,0.0,0
899,2013,19,Brazilian Grand Prix,5,Heikki,Kovalainen,208,Lotus F1,11.0,11.0,0.0,23.0,0.0,315.0,4.0,1.0,0
899,2013,19,Brazilian Grand Prix,818,Jean-Éric,Vergne,5,Toro Rosso,8.0,8.0,13.0,15.0,0.0,32.0,8.0,0.0,0
899,2013,19,Brazilian Grand Prix,813,Pastor,Maldonado,3,Williams,16.0,17.0,1.0,18.0,0.0,5.0,9.0,0.0,0
899,2013,19,Brazilian Grand Prix,824,Jules,Bianchi,206,Marussia,21.0,21.0,0.0,19.0,0.0,0.0,10.0,0.0,0
899,2013,19,Brazilian Grand Prix,823,Giedo,van der Garde,207,Caterham,20.0,20.0,0.0,21.0,0.0,0.0,11.0,0.0,0
899,2013,19,Brazilian Grand Prix,820,Max,Chilton,206,Marussia,22.0,22.0,0.0,22.0,0.0,0.0,10.0,0.0,0
899,2013,19,Brazilian Grand Prix,819,Charles,Pic,207,Caterham,18.0,19.0,0.0,20.0,0.0,0.0,11.0,0.0,0
899,2013,19,Brazilian Grand Prix,822,Valtteri,Bottas,3,Williams,13.0,13.0,4.0,17.0,0.0,5.0,9.0,0.0,0
899,2013,19,Brazilian Grand Prix,154,Romain,Grosjean,208,Lotus F1,6.0,6.0,132.0,7.0,0.0,315.0,4.0,1.0,0
900,2014,1,Australian Grand Prix,3,Nico,Rosberg,131,Mercedes,3.0,3.0,171.0,6.0,2.0,360.0,2.0,3.0,1
900,2014,1,Australian Grand Prix,825,Kevin,Magnussen,1,McLaren,4.0,4.0,0.0,28.0,0.0,122.0,5.0,0.0,1
900,2014,1,Australian Grand Prix,18,Jenson,Button,1,McLaren,10.0,11.0,73.0,9.0,0.0,122.0,5.0,0.0,1
900,2014,1,Australian Grand Prix,4,Fernando,Alonso,6,Ferrari,5.0,5.0,242.0,2.0,2.0,354.0,3.0,2.0,0
900,2014,1,Australian Grand Prix,822,Valtteri,Bottas,3,Williams,15.0,10.0,4.0,17.0,0.0,5.0,9.0,0.0,0
900,2014,1,Australian Grand Prix,807,Nico,Hülkenberg,10,Force India,7.0,7.0,51.0,10.0,0.0,77.0,6.0,0.0,0
900,2014,1,Australian Grand Prix,8,Kimi,Räikkönen,6,Ferrari,11.0,12.0,183.0,5.0,1.0,354.0,3.0,2.0,0
900,2014,1,Australian Grand Prix,818,Jean-Éric,Vergne,5,Toro Rosso,6.0,6.0,13.0,15.0,0.0,33.0,8.0,0.0,0
900,2014,1,Australian Grand Prix,826,Daniil,Kvyat,5,Toro Rosso,8.0,8.0,0.0,28.0,0.0,33.0,8.0,0.0,0
900,2014,1,Australian Grand Prix,815,Sergio,Pérez,10,Force India,16.0,16.0,49.0,11.0,0.0,77.0,6.0,0.0,0
900,2014,1,Australian Grand Prix,16,Adrian,Sutil,15,Sauber,13.0,14.0,29.0,13.0,0.0,57.0,7.0,0.0,0
900,2014,1,Australian Grand Prix,821,Esteban,Gutiérrez,15,Sauber,20.0,19.0,6.0,16.0,0.0,57.0,7.0,0.0,0
900,2014,1,Australian Grand Prix,820,Max,Chilton,206,Marussia,17.0,17.0,0.0,23.0,0.0,0.0,10.0,0.0,0
900,2014,1,Australian Grand Prix,824,Jules,Bianchi,206,Marussia,18.0,18.0,0.0,19.0,0.0,0.0,10.0,0.0,0
900,2014,1,Australian Grand Prix,154,Romain,Grosjean,208,Lotus F1,22.0,21.0,132.0,7.0,0.0,315.0,4.0,1.0,0
900,2014,1,Australian Grand Prix,813,Pastor,Maldonado,208,Lotus F1,21.0,22.0,1.0,18.0,0.0,315.0,4.0,1.0,0
900,2014,1,Australian Grand Prix,828,Marcus,Ericsson,207,Caterham,19.0,20.0,0.0,28.0,0.0,0.0,11.0,0.0,0
900,2014,1,Australian Grand Prix,20,Sebastian,Vettel,9,Red Bull,12.0,13.0,397.0,1.0,13.0,596.0,1.0,13.0,0
900,2014,1,Australian Grand Prix,1,Lewis,Hamilton,131,Mercedes,1.0,1.0,189.0,4.0,1.0,360.0,2.0,3.0,0
900,2014,1,Australian Grand Prix,13,Felipe,Massa,3,Williams,9.0,9.0,112.0,8.0,0.0,5.0,9.0,0.0,0
900,2014,1,Australian Grand Prix,155,Kamui,Kobayashi,207,Caterham,14.0,15.0,60.0,12.0,0.0,0.0,11.0,0.0,0
900,2014,1,Australian Grand Prix,817,Daniel,Ricciardo,9,Red Bull,2.0,2.0,20.0,14.0,0.0,596.0,1.0,13.0,0
901,2014,2,Malaysian Grand Prix,1,Lewis,Hamilton,131,Mercedes,1.0,1.0,0.0,19.0,0.0,25.0,2.0,1.0,1
901,2014,2,Malaysian Grand Prix,3,Nico,Rosberg,131,Mercedes,3.0,3.0,25.0,1.0,1.0,25.0,2.0,1.0,1
901,2014,2,Malaysian Grand Prix,20,Sebastian,Vettel,9,Red Bull,2.0,2.0,0.0,18.0,0.0,0.0,11.0,0.0,1
901,2014,2,Malaysian Grand Prix,4,Fernando,Alonso,6,Ferrari,4.0,4.0,12.0,4.0,0.0,18.0,3.0,0.0,0
901,2014,2,Malaysian Grand Prix,807,Nico,Hülkenberg,10,Force India,7.0,7.0,8.0,6.0,0.0,9.0,5.0,0.0,0
901,2014,2,Malaysian Grand Prix,18,Jenson,Button,1,McLaren,10.0,10.0,15.0,3.0,0.0,33.0,1.0,0.0,0
901,2014,2,Malaysian Grand Prix,13,Felipe,Massa,3,Williams,13.0,13.0,0.0,20.0,0.0,10.0,4.0,0.0,0
901,2014,2,Malaysian Grand Prix,822,Valtteri,Bottas,3,Williams,18.0,15.0,10.0,5.0,0.0,10.0,4.0,0.0,0
901,2014,2,Malaysian Grand Prix,825,Kevin,Magnussen,1,McLaren,8.0,8.0,18.0,2.0,0.0,33.0,1.0,0.0,0
901,2014,2,Malaysian Grand Prix,826,Daniil,Kvyat,5,Toro Rosso,11.0,11.0,2.0,9.0,0.0,6.0,6.0,0.0,0
901,2014,2,Malaysian Grand Prix,154,Romain,Grosjean,208,Lotus F1,15.0,16.0,0.0,15.0,0.0,0.0,9.0,0.0,0
901,2014,2,Malaysian Grand Prix,8,Kimi,Räikkönen,6,Ferrari,6.0,6.0,6.0,7.0,0.0,18.0,3.0,0.0,0
901,2014,2,Malaysian Grand Prix,155,Kamui,Kobayashi,207,Caterham,20.0,20.0,0.0,21.0,0.0,0.0,10.0,0.0,0
901,2014,2,Malaysian Grand Prix,828,Marcus,Ericsson,207,Caterham,22.0,22.0,0.0,17.0,0.0,0.0,10.0,0.0,0
901,2014,2,Malaysian Grand Prix,820,Max,Chilton,206,Marussia,21.0,21.0,0.0,13.0,0.0,0.0,8.0,0.0,0
901,2014,2,Malaysian Grand Prix,817,Daniel,Ricciardo,9,Red Bull,5.0,5.0,0.0,22.0,0.0,0.0,11.0,0.0,0
901,2014,2,Malaysian Grand Prix,821,Esteban,Gutiérrez,15,Sauber,12.0,12.0,0.0,12.0,0.0,0.0,7.0,0.0,0
901,2014,2,Malaysian Grand Prix,16,Adrian,Sutil,15,Sauber,17.0,18.0,0.0,11.0,0.0,0.0,7.0,0.0,0
901,2014,2,Malaysian Grand Prix,818,Jean-Éric,Vergne,5,Toro Rosso,9.0,9.0,4.0,8.0,0.0,6.0,6.0,0.0,0
901,2014,2,Malaysian Grand Prix,824,Jules,Bianchi,206,Marussia,19.0,19.0,0.0,14.0,0.0,0.0,8.0,0.0,0
901,2014,2,Malaysian Grand Prix,813,Pastor,Maldonado,208,Lotus F1,16.0,17.0,0.0,16.0,0.0,0.0,9.0,0.0,0
901,2014,2,Malaysian Grand Prix,815,Sergio,Pérez,10,Force India,14.0,14.0,1.0,10.0,0.0,9.0,5.0,0.0,0
902,2014,3,Bahrain Grand Prix,1,Lewis,Hamilton,131,Mercedes,2.0,2.0,25.0,2.0,1.0,68.0,1.0,2.0,1
902,2014,3,Bahrain Grand Prix,3,Nico,Rosberg,131,Mercedes,1.0,1.0,43.0,1.0,1.0,68.0,1.0,2.0,1
902,2014,3,Bahrain Grand Prix,815,Sergio,Pérez,10,Force India,4.0,5.0,1.0,13.0,0.0,19.0,5.0,0.0,1
902,2014,3,Bahrain Grand Prix,817,Daniel,Ricciardo,9,Red Bull,13.0,3.0,0.0,22.0,0.0,15.0,6.0,0.0,0
902,2014,3,Bahrain Grand Prix,807,Nico,Hülkenberg,10,Force India,11.0,12.0,18.0,6.0,0.0,19.0,5.0,0.0,0
902,2014,3,Bahrain Grand Prix,20,Sebastian,Vettel,9,Red Bull,10.0,11.0,15.0,7.0,0.0,15.0,6.0,0.0,0
902,2014,3,Bahrain Grand Prix,13,Felipe,Massa,3,Williams,7.0,8.0,6.0,10.0,0.0,20.0,4.0,0.0,0
902,2014,3,Bahrain Grand Prix,822,Valtteri,Bottas,3,Williams,3.0,4.0,14.0,8.0,0.0,20.0,4.0,0.0,0
902,2014,3,Bahrain Grand Prix,4,Fernando,Alonso,6,Ferrari,9.0,10.0,24.0,3.0,0.0,30.0,3.0,0.0,0
902,2014,3,Bahrain Grand Prix,8,Kimi,Räikkönen,6,Ferrari,5.0,6.0,6.0,9.0,0.0,30.0,3.0,0.0,0
902,2014,3,Bahrain Grand Prix,826,Daniil,Kvyat,5,Toro Rosso,12.0,13.0,3.0,12.0,0.0,7.0,7.0,0.0,0
902,2014,3,Bahrain Grand Prix,154,Romain,Grosjean,208,Lotus F1,16.0,16.0,0.0,14.0,0.0,0.0,9.0,0.0,0
902,2014,3,Bahrain Grand Prix,820,Max,Chilton,206,Marussia,21.0,22.0,0.0,17.0,0.0,0.0,11.0,0.0,0
902,2014,3,Bahrain Grand Prix,813,Pastor,Maldonado,208,Lotus F1,17.0,17.0,0.0,21.0,0.0,0.0,9.0,0.0,0
902,2014,3,Bahrain Grand Prix,155,Kamui,Kobayashi,207,Caterham,18.0,19.0,0.0,18.0,0.0,0.0,10.0,0.0,0
902,2014,3,Bahrain Grand Prix,824,Jules,Bianchi,206,Marussia,19.0,20.0,0.0,20.0,0.0,0.0,11.0,0.0,0
902,2014,3,Bahrain Grand Prix,18,Jenson,Button,1,McLaren,6.0,7.0,23.0,4.0,0.0,43.0,2.0,0.0,0
902,2014,3,Bahrain Grand Prix,825,Kevin,Magnussen,1,McLaren,8.0,9.0,20.0,5.0,0.0,43.0,2.0,0.0,0
902,2014,3,Bahrain Grand Prix,821,Esteban,Gutiérrez,15,Sauber,15.0,15.0,0.0,16.0,0.0,0.0,8.0,0.0,0
902,2014,3,Bahrain Grand Prix,828,Marcus,Ericsson,207,Caterham,20.0,21.0,0.0,19.0,0.0,0.0,10.0,0.0,0
902,2014,3,Bahrain Grand Prix,818,Jean-Éric,Vergne,5,Toro Rosso,14.0,14.0,4.0,11.0,0.0,7.0,7.0,0.0,0
902,2014,3,Bahrain Grand Prix,16,Adrian,Sutil,15,Sauber,22.0,18.0,0.0,15.0,0.0,0.0,8.0,0.0,0
903,2014,4,Chinese Grand Prix,1,Lewis,Hamilton,131,Mercedes,1.0,1.0,50.0,2.0,2.0,111.0,1.0,3.0,1
903,2014,4,Chinese Grand Prix,3,Nico,Rosberg,131,Mercedes,4.0,4.0,61.0,1.0,1.0,111.0,1.0,3.0,1
903,2014,4,Chinese Grand Prix,4,Fernando,Alonso,6,Ferrari,5.0,5.0,26.0,4.0,0.0,33.0,5.0,0.0,1
903,2014,4,Chinese Grand Prix,817,Daniel,Ricciardo,9,Red Bull,2.0,2.0,12.0,10.0,0.0,35.0,4.0,0.0,0
903,2014,4,Chinese Grand Prix,20,Sebastian,Vettel,9,Red Bull,3.0,3.0,23.0,6.0,0.0,35.0,4.0,0.0,0
903,2014,4,Chinese Grand Prix,807,Nico,Hülkenberg,10,Force India,8.0,8.0,28.0,3.0,0.0,44.0,2.0,0.0,0
903,2014,4,Chinese Grand Prix,822,Valtteri,Bottas,3,Williams,7.0,7.0,18.0,8.0,0.0,30.0,6.0,0.0,0
903,2014,4,Chinese Grand Prix,8,Kimi,Räikkönen,6,Ferrari,11.0,11.0,7.0,12.0,0.0,33.0,5.0,0.0,0
903,2014,4,Chinese Grand Prix,815,Sergio,Pérez,10,Force India,16.0,16.0,16.0,9.0,0.0,44.0,2.0,0.0,0
903,2014,4,Chinese Grand Prix,826,Daniil,Kvyat,5,Toro Rosso,13.0,13.0,3.0,14.0,0.0,7.0,7.0,0.0,0
903,2014,4,Chinese Grand Prix,18,Jenson,Button,1,McLaren,12.0,12.0,23.0,5.0,0.0,43.0,3.0,0.0,0
903,2014,4,Chinese Grand Prix,818,Jean-Éric,Vergne,5,Toro Rosso,9.0,9.0,4.0,13.0,0.0,7.0,7.0,0.0,0
903,2014,4,Chinese Grand Prix,825,Kevin,Magnussen,1,McLaren,15.0,15.0,20.0,7.0,0.0,43.0,3.0,0.0,0
903,2014,4,Chinese Grand Prix,813,Pastor,Maldonado,208,Lotus F1,22.0,22.0,0.0,20.0,0.0,0.0,8.0,0.0,0
903,2014,4,Chinese Grand Prix,13,Felipe,Massa,3,Williams,6.0,6.0,12.0,11.0,0.0,30.0,6.0,0.0,0
903,2014,4,Chinese Grand Prix,821,Esteban,Gutiérrez,15,Sauber,17.0,17.0,0.0,17.0,0.0,0.0,9.0,0.0,0
903,2014,4,Chinese Grand Prix,824,Jules,Bianchi,206,Marussia,19.0,19.0,0.0,22.0,0.0,0.0,10.0,0.0,0
903,2014,4,Chinese Grand Prix,155,Kamui,Kobayashi,207,Caterham,18.0,18.0,0.0,19.0,0.0,0.0,11.0,0.0,0
903,2014,4,Chinese Grand Prix,820,Max,Chilton,206,Marussia,21.0,21.0,0.0,18.0,0.0,0.0,10.0,0.0,0
903,2014,4,Chinese Grand Prix,828,Marcus,Ericsson,207,Caterham,20.0,20.0,0.0,21.0,0.0,0.0,11.0,0.0,0
903,2014,4,Chinese Grand Prix,154,Romain,Grosjean,208,Lotus F1,10.0,10.0,0.0,15.0,0.0,0.0,8.0,0.0,0
903,2014,4,Chinese Grand Prix,16,Adrian,Sutil,15,Sauber,14.0,14.0,0.0,16.0,0.0,0.0,9.0,0.0,0
904,2014,5,Spanish Grand Prix,1,Lewis,Hamilton,131,Mercedes,1.0,1.0,75.0,2.0,3.0,154.0,1.0,4.0,1
904,2014,5,Spanish Grand Prix,3,Nico,Rosberg,131,Mercedes,2.0,2.0,79.0,1.0,1.0,154.0,1.0,4.0,1
904,2014,5,Spanish Grand Prix,817,Daniel,Ricciardo,9,Red Bull,3.0,3.0,24.0,6.0,0.0,57.0,2.0,0.0,1
904,2014,5,Spanish Grand Prix,20,Sebastian,Vettel,9,Red Bull,15.0,10.0,33.0,5.0,0.0,57.0,2.0,0.0,0
904,2014,5,Spanish Grand Prix,822,Valtteri,Bottas,3,Williams,4.0,4.0,24.0,7.0,0.0,36.0,6.0,0.0,0
904,2014,5,Spanish Grand Prix,4,Fernando,Alonso,6,Ferrari,7.0,7.0,41.0,3.0,0.0,52.0,4.0,0.0,0
904,2014,5,Spanish Grand Prix,8,Kimi,Räikkönen,6,Ferrari,6.0,6.0,11.0,12.0,0.0,52.0,4.0,0.0,0
904,2014,5,Spanish Grand Prix,154,Romain,Grosjean,208,Lotus F1,5.0,5.0,0.0,15.0,0.0,0.0,8.0,0.0,0
904,2014,5,Spanish Grand Prix,815,Sergio,Pérez,10,Force India,11.0,12.0,18.0,10.0,0.0,54.0,3.0,0.0,0
904,2014,5,Spanish Grand Prix,807,Nico,Hülkenberg,10,Force India,10.0,11.0,36.0,4.0,0.0,54.0,3.0,0.0,0
904,2014,5,Spanish Grand Prix,18,Jenson,Button,1,McLaren,8.0,8.0,23.0,8.0,0.0,43.0,5.0,0.0,0
904,2014,5,Spanish Grand Prix,825,Kevin,Magnussen,1,McLaren,14.0,15.0,20.0,9.0,0.0,43.0,5.0,0.0,0
904,2014,5,Spanish Grand Prix,13,Felipe,Massa,3,Williams,9.0,9.0,12.0,11.0,0.0,36.0,6.0,0.0,0
904,2014,5,Spanish Grand Prix,826,Daniil,Kvyat,5,Toro Rosso,12.0,13.0,4.0,14.0,0.0,8.0,7.0,0.0,0
904,2014,5,Spanish Grand Prix,813,Pastor,Maldonado,208,Lotus F1,22.0,22.0,0.0,20.0,0.0,0.0,8.0,0.0,0
904,2014,5,Spanish Grand Prix,821,Esteban,Gutiérrez,15,Sauber,13.0,14.0,0.0,17.0,0.0,0.0,9.0,0.0,0
904,2014,5,Spanish Grand Prix,16,Adrian,Sutil,15,Sauber,16.0,17.0,0.0,16.0,0.0,0.0,9.0,0.0,0
904,2014,5,Spanish Grand Prix,824,Jules,Bianchi,206,Marussia,18.0,19.0,0.0,22.0,0.0,0.0,10.0,0.0,0
904,2014,5,Spanish Grand Prix,820,Max,Chilton,206,Marussia,17.0,18.0,0.0,18.0,0.0,0.0,10.0,0.0,0
904,2014,5,Spanish Grand Prix,828,Marcus,Ericsson,207,Caterham,19.0,20.0,0.0,21.0,0.0,0.0,11.0,0.0,0
904,2014,5,Spanish Grand Prix,155,Kamui,Kobayashi,207,Caterham,20.0,21.0,0.0,19.0,0.0,0.0,11.0,0.0,0
904,2014,5,Spanish Grand Prix,818,Jean-Éric,Vergne,5,Toro Rosso,21.0,16.0,4.0,13.0,0.0,8.0,7.0,0.0,0
905,2014,6,Monaco Grand Prix,3,Nico,Rosberg,131,Mercedes,1.0,1.0,97.0,2.0,1.0,197.0,1.0,5.0,1
905,2014,6,Monaco Grand Prix,1,Lewis,Hamilton,131,Mercedes,2.0,2.0,100.0,1.0,4.0,197.0,1.0,5.0,1
905,2014,6,Monaco Grand Prix,817,Daniel,Ricciardo,9,Red Bull,3.0,3.0,39.0,5.0,0.0,84.0,2.0,0.0,1
905,2014,6,Monaco Grand Prix,4,Fernando,Alonso,6,Ferrari,5.0,5.0,49.0,3.0,0.0,66.0,3.0,0.0,0
905,2014,6,Monaco Grand Prix,807,Nico,Hülkenberg,10,Force India,11.0,11.0,37.0,6.0,0.0,57.0,4.0,0.0,0
905,2014,6,Monaco Grand Prix,18,Jenson,Button,1,McLaren,12.0,12.0,23.0,8.0,0.0,43.0,6.0,0.0,0
905,2014,6,Monaco Grand Prix,13,Felipe,Massa,3,Williams,16.0,16.0,12.0,12.0,0.0,46.0,5.0,0.0,0
905,2014,6,Monaco Grand Prix,154,Romain,Grosjean,208,Lotus F1,14.0,14.0,4.0,13.0,0.0,4.0,8.0,0.0,0
905,2014,6,Monaco Grand Prix,824,Jules,Bianchi,206,Marussia,21.0,19.0,0.0,22.0,0.0,0.0,10.0,0.0,0
905,2014,6,Monaco Grand Prix,825,Kevin,Magnussen,1,McLaren,8.0,8.0,20.0,9.0,0.0,43.0,6.0,0.0,0
905,2014,6,Monaco Grand Prix,828,Marcus,Ericsson,207,Caterham,22.0,22.0,0.0,21.0,0.0,0.0,11.0,0.0,0
905,2014,6,Monaco Grand Prix,8,Kimi,Räikkönen,6,Ferrari,6.0,6.0,17.0,11.0,0.0,66.0,3.0,0.0,0
905,2014,6,Monaco Grand Prix,155,Kamui,Kobayashi,207,Caterham,20.0,21.0,0.0,19.0,0.0,0.0,11.0,0.0,0
905,2014,6,Monaco Grand Prix,820,Max,Chilton,206,Marussia,19.0,20.0,0.0,18.0,0.0,0.0,10.0,0.0,0
905,2014,6,Monaco Grand Prix,821,Esteban,Gutiérrez,15,Sauber,17.0,17.0,0.0,17.0,0.0,0.0,9.0,0.0,0
905,2014,6,Monaco Grand Prix,822,Valtteri,Bottas,3,Williams,13.0,13.0,34.0,7.0,0.0,46.0,5.0,0.0,0
905,2014,6,Monaco Grand Prix,818,Jean-Éric,Vergne,5,Toro Rosso,7.0,7.0,4.0,14.0,0.0,8.0,7.0,0.0,0
905,2014,6,Monaco Grand Prix,16,Adrian,Sutil,15,Sauber,18.0,18.0,0.0,16.0,0.0,0.0,9.0,0.0,0
905,2014,6,Monaco Grand Prix,826,Daniil,Kvyat,5,Toro Rosso,9.0,9.0,4.0,15.0,0.0,8.0,7.0,0.0,0
905,2014,6,Monaco Grand Prix,20,Sebastian,Vettel,9,Red Bull,4.0,4.0,45.0,4.0,0.0,84.0,2.0,0.0,0
905,2014,6,Monaco Grand Prix,815,Sergio,Pérez,10,Force India,10.0,10.0,20.0,10.0,0.0,57.0,4.0,0.0,0
905,2014,6,Monaco Grand Prix,813,Pastor,Maldonado,208,Lotus F1,15.0,15.0,0.0,20.0,0.0,4.0,8.0,0.0,0
906,2014,7,Canadian Grand Prix,817,Daniel,Ricciardo,9,Red Bull,6.0,6.0,54.0,4.0,0.0,99.0,2.0,0.0,1
906,2014,7,Canadian Grand Prix,3,Nico,Rosberg,131,Mercedes,1.0,1.0,122.0,1.0,2.0,240.0,1.0,6.0,1
906,2014,7,Canadian Grand Prix,20,Sebastian,Vettel,9,Red Bull,3.0,3.0,45.0,6.0,0.0,99.0,2.0,0.0,1
906,2014,7,Canadian Grand Prix,18,Jenson,Button,1,McLaren,9.0,9.0,31.0,8.0,0.0,52.0,5.0,0.0,0
906,2014,7,Canadian Grand Prix,807,Nico,Hülkenberg,10,Force India,11.0,11.0,47.0,5.0,0.0,67.0,4.0,0.0,0
906,2014,7,Canadian Grand Prix,4,Fernando,Alonso,6,Ferrari,7.0,7.0,61.0,3.0,0.0,78.0,3.0,0.0,0
906,2014,7,Canadian Grand Prix,822,Valtteri,Bottas,3,Williams,4.0,4.0,34.0,7.0,0.0,52.0,6.0,0.0,0
906,2014,7,Canadian Grand Prix,818,Jean-Éric,Vergne,5,Toro Rosso,8.0,8.0,4.0,14.0,0.0,8.0,8.0,0.0,0
906,2014,7,Canadian Grand Prix,825,Kevin,Magnussen,1,McLaren,12.0,12.0,21.0,9.0,0.0,52.0,5.0,0.0,0
906,2014,7,Canadian Grand Prix,8,Kimi,Räikkönen,6,Ferrari,10.0,10.0,17.0,12.0,0.0,78.0,3.0,0.0,0
906,2014,7,Canadian Grand Prix,815,Sergio,Pérez,10,Force India,13.0,13.0,20.0,10.0,0.0,67.0,4.0,0.0,0
906,2014,7,Canadian Grand Prix,13,Felipe,Massa,3,Williams,5.0,5.0,18.0,11.0,0.0,52.0,6.0,0.0,0
906,2014,7,Canadian Grand Prix,16,Adrian,Sutil,15,Sauber,16.0,16.0,0.0,18.0,0.0,0.0,10.0,0.0,0
906,2014,7,Canadian Grand Prix,821,Esteban,Gutiérrez,15,Sauber,22.0,22.0,0.0,19.0,0.0,0.0,10.0,0.0,0
906,2014,7,Canadian Grand Prix,154,Romain,Grosjean,208,Lotus F1,14.0,14.0,8.0,13.0,0.0,8.0,7.0,0.0,0
906,2014,7,Canadian Grand Prix,826,Daniil,Kvyat,5,Toro Rosso,15.0,15.0,4.0,15.0,0.0,8.0,8.0,0.0,0
906,2014,7,Canadian Grand Prix,1,Lewis,Hamilton,131,Mercedes,2.0,2.0,118.0,2.0,4.0,240.0,1.0,6.0,0
906,2014,7,Canadian Grand Prix,155,Kamui,Kobayashi,207,Caterham,21.0,20.0,0.0,21.0,0.0,0.0,11.0,0.0,0
906,2014,7,Canadian Grand Prix,813,Pastor,Maldonado,208,Lotus F1,17.0,17.0,0.0,22.0,0.0,8.0,7.0,0.0,0
906,2014,7,Canadian Grand Prix,828,Marcus,Ericsson,207,Caterham,20.0,21.0,0.0,17.0,0.0,0.0,11.0,0.0,0
906,2014,7,Canadian Grand Prix,820,Max,Chilton,206,Marussia,18.0,18.0,0.0,20.0,0.0,2.0,9.0,0.0,0
906,2014,7,Canadian Grand Prix,824,Jules,Bianchi,206,Marussia,19.0,19.0,2.0,16.0,0.0,2.0,9.0,0.0,0
907,2014,8,Austrian Grand Prix,3,Nico,Rosberg,131,Mercedes,3.0,3.0,140.0,1.0,2.0,258.0,1.0,6.0,1
907,2014,8,Austrian Grand Prix,1,Lewis,Hamilton,131,Mercedes,9.0,9.0,118.0,2.0,4.0,258.0,1.0,6.0,1
907,2014,8,Austrian Grand Prix,822,Valtteri,Bottas,3,Williams,2.0,2.0,40.0,8.0,0.0,58.0,6.0,0.0,1
907,2014,8,Austrian Grand Prix,13,Felipe,Massa,3,Williams,1.0,1.0,18.0,11.0,0.0,58.0,6.0,0.0,0
907,2014,8,Austrian Grand Prix,4,Fernando,Alonso,6,Ferrari,4.0,4.0,69.0,4.0,0.0,87.0,3.0,0.0,0
907,2014,8,Austrian Grand Prix,815,Sergio,Pérez,10,Force India,15.0,11.0,20.0,10.0,0.0,77.0,4.0,0.0,0
907,2014,8,Austrian Grand Prix,825,Kevin,Magnussen,1,McLaren,6.0,6.0,23.0,9.0,0.0,66.0,5.0,0.0,0
907,2014,8,Austrian Grand Prix,817,Daniel,Ricciardo,9,Red Bull,5.0,5.0,79.0,3.0,1.0,139.0,2.0,1.0,0
907,2014,8,Austrian Grand Prix,807,Nico,Hülkenberg,10,Force India,10.0,10.0,57.0,6.0,0.0,77.0,4.0,0.0,0
907,2014,8,Austrian Grand Prix,8,Kimi,Räikkönen,6,Ferrari,8.0,8.0,18.0,12.0,0.0,87.0,3.0,0.0,0
907,2014,8,Austrian Grand Prix,18,Jenson,Button,1,McLaren,11.0,12.0,43.0,7.0,0.0,66.0,5.0,0.0,0
907,2014,8,Austrian Grand Prix,813,Pastor,Maldonado,208,Lotus F1,13.0,14.0,0.0,22.0,0.0,8.0,8.0,0.0,0
907,2014,8,Austrian Grand Prix,16,Adrian,Sutil,15,Sauber,16.0,17.0,0.0,17.0,0.0,0.0,10.0,0.0,0
907,2014,8,Austrian Grand Prix,154,Romain,Grosjean,208,Lotus F1,22.0,16.0,8.0,13.0,0.0,8.0,8.0,0.0,0
907,2014,8,Austrian Grand Prix,824,Jules,Bianchi,206,Marussia,18.0,19.0,2.0,16.0,0.0,2.0,9.0,0.0,0
907,2014,8,Austrian Grand Prix,155,Kamui,Kobayashi,207,Caterham,19.0,20.0,0.0,21.0,0.0,0.0,11.0,0.0,0
907,2014,8,Austrian Grand Prix,820,Max,Chilton,206,Marussia,21.0,21.0,0.0,20.0,0.0,2.0,9.0,0.0,0
907,2014,8,Austrian Grand Prix,828,Marcus,Ericsson,207,Caterham,20.0,22.0,0.0,18.0,0.0,0.0,11.0,0.0,0
907,2014,8,Austrian Grand Prix,821,Esteban,Gutiérrez,15,Sauber,17.0,18.0,0.0,19.0,0.0,0.0,10.0,0.0,0
907,2014,8,Austrian Grand Prix,818,Jean-Éric,Vergne,5,Toro Rosso,14.0,15.0,8.0,14.0,0.0,12.0,7.0,0.0,0
907,2014,8,Austrian Grand Prix,20,Sebastian,Vettel,9,Red Bull,12.0,13.0,60.0,5.0,0.0,139.0,2.0,1.0,0
907,2014,8,Austrian Grand Prix,826,Daniil,Kvyat,5,Toro Rosso,7.0,7.0,4.0,15.0,0.0,12.0,7.0,0.0,0
908,2014,9,British Grand Prix,1,Lewis,Hamilton,131,Mercedes,6.0,6.0,136.0,2.0,4.0,301.0,1.0,7.0,1
908,2014,9,British Grand Prix,822,Valtteri,Bottas,3,Williams,14.0,17.0,55.0,7.0,0.0,85.0,5.0,0.0,1
908,2014,9,British Grand Prix,817,Daniel,Ricciardo,9,Red Bull,8.0,8.0,83.0,3.0,1.0,143.0,2.0,1.0,1
908,2014,9,British Grand Prix,18,Jenson,Button,1,McLaren,3.0,3.0,43.0,8.0,0.0,72.0,6.0,0.0,0
908,2014,9,British Grand Prix,20,Sebastian,Vettel,9,Red Bull,2.0,2.0,60.0,5.0,0.0,143.0,2.0,1.0,0
908,2014,9,British Grand Prix,4,Fernando,Alonso,6,Ferrari,16.0,19.0,79.0,4.0,0.0,98.0,3.0,0.0,0
908,2014,9,British Grand Prix,825,Kevin,Magnussen,1,McLaren,5.0,5.0,29.0,10.0,0.0,72.0,6.0,0.0,0
908,2014,9,British Grand Prix,807,Nico,Hülkenberg,10,Force India,4.0,4.0,59.0,6.0,0.0,87.0,4.0,0.0,0
908,2014,9,British Grand Prix,826,Daniil,Kvyat,5,Toro Rosso,9.0,9.0,4.0,15.0,0.0,12.0,7.0,0.0,0
908,2014,9,British Grand Prix,818,Jean-Éric,Vergne,5,Toro Rosso,10.0,10.0,8.0,14.0,0.0,12.0,7.0,0.0,0
908,2014,9,British Grand Prix,815,Sergio,Pérez,10,Force India,7.0,7.0,28.0,11.0,0.0,87.0,4.0,0.0,0
908,2014,9,British Grand Prix,154,Romain,Grosjean,208,Lotus F1,11.0,11.0,8.0,13.0,0.0,8.0,8.0,0.0,0
908,2014,9,British Grand Prix,16,Adrian,Sutil,15,Sauber,13.0,16.0,0.0,17.0,0.0,0.0,10.0,0.0,0
908,2014,9,British Grand Prix,824,Jules,Bianchi,206,Marussia,12.0,12.0,2.0,16.0,0.0,2.0,9.0,0.0,0
908,2014,9,British Grand Prix,155,Kamui,Kobayashi,207,Caterham,22.0,22.0,0.0,22.0,0.0,0.0,11.0,0.0,0
908,2014,9,British Grand Prix,820,Max,Chilton,206,Marussia,17.0,13.0,0.0,21.0,0.0,2.0,9.0,0.0,0
908,2014,9,British Grand Prix,813,Pastor,Maldonado,208,Lotus F1,20.0,15.0,0.0,19.0,0.0,8.0,8.0,0.0,0
908,2014,9,British Grand Prix,3,Nico,Rosberg,131,Mercedes,1.0,1.0,165.0,1.0,3.0,301.0,1.0,7.0,0
908,2014,9,British Grand Prix,828,Marcus,Ericsson,207,Caterham,21.0,21.0,0.0,18.0,0.0,0.0,11.0,0.0,0
908,2014,9,British Grand Prix,821,Esteban,Gutiérrez,15,Sauber,19.0,14.0,0.0,20.0,0.0,0.0,10.0,0.0,0
908,2014,9,British Grand Prix,13,Felipe,Massa,3,Williams,15.0,18.0,30.0,9.0,0.0,85.0,5.0,0.0,0
908,2014,9,British Grand Prix,8,Kimi,Räikkönen,6,Ferrari,18.0,20.0,19.0,12.0,0.0,98.0,3.0,0.0,0
909,2014,10,German Grand Prix,3,Nico,Rosberg,131,Mercedes,1.0,1.0,165.0,1.0,3.0,326.0,1.0,8.0,1
909,2014,10,German Grand Prix,822,Valtteri,Bottas,3,Williams,2.0,2.0,73.0,5.0,0.0,103.0,4.0,0.0,1
909,2014,10,German Grand Prix,1,Lewis,Hamilton,131,Mercedes,20.0,16.0,161.0,2.0,5.0,326.0,1.0,8.0,1
909,2014,10,German Grand Prix,20,Sebastian,Vettel,9,Red Bull,6.0,6.0,70.0,6.0,0.0,168.0,2.0,1.0,0
909,2014,10,German Grand Prix,4,Fernando,Alonso,6,Ferrari,7.0,7.0,87.0,4.0,0.0,106.0,3.0,0.0,0
909,2014,10,German Grand Prix,817,Daniel,Ricciardo,9,Red Bull,5.0,5.0,98.0,3.0,1.0,168.0,2.0,1.0,0
909,2014,10,German Grand Prix,807,Nico,Hülkenberg,10,Force India,9.0,9.0,63.0,7.0,0.0,91.0,5.0,0.0,0
909,2014,10,German Grand Prix,18,Jenson,Button,1,McLaren,11.0,11.0,55.0,8.0,0.0,90.0,6.0,0.0,0
909,2014,10,German Grand Prix,825,Kevin,Magnussen,1,McLaren,4.0,4.0,35.0,9.0,0.0,90.0,6.0,0.0,0
909,2014,10,German Grand Prix,815,Sergio,Pérez,10,Force India,10.0,10.0,28.0,11.0,0.0,91.0,5.0,0.0,0
909,2014,10,German Grand Prix,8,Kimi,Räikkönen,6,Ferrari,12.0,12.0,19.0,12.0,0.0,106.0,3.0,0.0,0
909,2014,10,German Grand Prix,813,Pastor,Maldonado,208,Lotus F1,18.0,19.0,0.0,19.0,0.0,8.0,8.0,0.0,0
909,2014,10,German Grand Prix,818,Jean-Éric,Vergne,5,Toro Rosso,13.0,13.0,9.0,13.0,0.0,15.0,7.0,0.0,0
909,2014,10,German Grand Prix,821,Esteban,Gutiérrez,15,Sauber,16.0,14.0,0.0,20.0,0.0,0.0,10.0,0.0,0
909,2014,10,German Grand Prix,824,Jules,Bianchi,206,Marussia,17.0,18.0,2.0,16.0,0.0,2.0,9.0,0.0,0
909,2014,10,German Grand Prix,155,Kamui,Kobayashi,207,Caterham,19.0,20.0,0.0,22.0,0.0,0.0,11.0,0.0,0
909,2014,10,German Grand Prix,820,Max,Chilton,206,Marussia,21.0,21.0,0.0,21.0,0.0,2.0,9.0,0.0,0
909,2014,10,German Grand Prix,828,Marcus,Ericsson,207,Caterham,22.0,22.0,0.0,18.0,0.0,0.0,11.0,0.0,0
909,2014,10,German Grand Prix,16,Adrian,Sutil,15,Sauber,15.0,17.0,0.0,17.0,0.0,0.0,10.0,0.0,0
909,2014,10,German Grand Prix,826,Daniil,Kvyat,5,Toro Rosso,8.0,8.0,6.0,15.0,0.0,15.0,7.0,0.0,0
909,2014,10,German Grand Prix,154,Romain,Grosjean,208,Lotus F1,14.0,15.0,8.0,14.0,0.0,8.0,8.0,0.0,0
909,2014,10,German Grand Prix,13,Felipe,Massa,3,Williams,3.0,3.0,30.0,10.0,0.0,103.0,4.0,0.0,0
910,2014,11,Hungarian Grand Prix,817,Daniel,Ricciardo,9,Red Bull,4.0,4.0,106.0,3.0,1.0,188.0,2.0,1.0,1
910,2014,11,Hungarian Grand Prix,4,Fernando,Alonso,6,Ferrari,5.0,5.0,97.0,4.0,0.0,116.0,4.0,0.0,1
910,2014,11,Hungarian Grand Prix,1,Lewis,Hamilton,131,Mercedes,22.0,21.0,176.0,2.0,5.0,366.0,1.0,9.0,1
910,2014,11,Hungarian Grand Prix,3,Nico,Rosberg,131,Mercedes,1.0,1.0,190.0,1.0,4.0,366.0,1.0,9.0,0
910,2014,11,Hungarian Grand Prix,13,Felipe,Massa,3,Williams,6.0,6.0,30.0,10.0,0.0,121.0,3.0,0.0,0
910,2014,11,Hungarian Grand Prix,8,Kimi,Räikkönen,6,Ferrari,16.0,17.0,19.0,12.0,0.0,116.0,4.0,0.0,0
910,2014,11,Hungarian Grand Prix,20,Sebastian,Vettel,9,Red Bull,2.0,2.0,82.0,6.0,0.0,188.0,2.0,1.0,0
910,2014,11,Hungarian Grand Prix,822,Valtteri,Bottas,3,Williams,3.0,3.0,91.0,5.0,0.0,121.0,3.0,0.0,0
910,2014,11,Hungarian Grand Prix,818,Jean-Éric,Vergne,5,Toro Rosso,8.0,8.0,9.0,13.0,0.0,15.0,7.0,0.0,0
910,2014,11,Hungarian Grand Prix,18,Jenson,Button,1,McLaren,7.0,7.0,59.0,8.0,0.0,96.0,6.0,0.0,0
910,2014,11,Hungarian Grand Prix,16,Adrian,Sutil,15,Sauber,11.0,12.0,0.0,17.0,0.0,0.0,10.0,0.0,0
910,2014,11,Hungarian Grand Prix,825,Kevin,Magnussen,1,McLaren,21.0,10.0,37.0,9.0,0.0,96.0,6.0,0.0,0
910,2014,11,Hungarian Grand Prix,813,Pastor,Maldonado,208,Lotus F1,20.0,22.0,0.0,19.0,0.0,8.0,8.0,0.0,0
910,2014,11,Hungarian Grand Prix,826,Daniil,Kvyat,5,Toro Rosso,10.0,11.0,6.0,15.0,0.0,15.0,7.0,0.0,0
910,2014,11,Hungarian Grand Prix,824,Jules,Bianchi,206,Marussia,15.0,16.0,2.0,16.0,0.0,2.0,9.0,0.0,0
910,2014,11,Hungarian Grand Prix,820,Max,Chilton,206,Marussia,18.0,19.0,0.0,21.0,0.0,2.0,9.0,0.0,0
910,2014,11,Hungarian Grand Prix,821,Esteban,Gutiérrez,15,Sauber,13.0,14.0,0.0,20.0,0.0,0.0,10.0,0.0,0
910,2014,11,Hungarian Grand Prix,155,Kamui,Kobayashi,207,Caterham,17.0,18.0,0.0,22.0,0.0,0.0,11.0,0.0,0
910,2014,11,Hungarian Grand Prix,815,Sergio,Pérez,10,Force India,12.0,13.0,29.0,11.0,0.0,98.0,5.0,0.0,0
910,2014,11,Hungarian Grand Prix,807,Nico,Hülkenberg,10,Force India,9.0,9.0,69.0,7.0,0.0,98.0,5.0,0.0,0
910,2014,11,Hungarian Grand Prix,154,Romain,Grosjean,208,Lotus F1,14.0,15.0,8.0,14.0,0.0,8.0,8.0,0.0,0
910,2014,11,Hungarian Grand Prix,828,Marcus,Ericsson,207,Caterham,19.0,20.0,0.0,18.0,0.0,0.0,11.0,0.0,0
911,2014,12,Belgian Grand Prix,817,Daniel,Ricciardo,9,Red Bull,5.0,5.0,131.0,3.0,2.0,219.0,2.0,2.0,1
911,2014,12,Belgian Grand Prix,3,Nico,Rosberg,131,Mercedes,1.0,1.0,202.0,1.0,4.0,393.0,1.0,9.0,1
911,2014,12,Belgian Grand Prix,822,Valtteri,Bottas,3,Williams,6.0,6.0,95.0,5.0,0.0,135.0,4.0,0.0,1
911,2014,12,Belgian Grand Prix,8,Kimi,Räikkönen,6,Ferrari,8.0,8.0,27.0,12.0,0.0,142.0,3.0,0.0,0
911,2014,12,Belgian Grand Prix,20,Sebastian,Vettel,9,Red Bull,3.0,3.0,88.0,6.0,0.0,219.0,2.0,2.0,0
911,2014,12,Belgian Grand Prix,18,Jenson,Button,1,McLaren,10.0,10.0,60.0,8.0,0.0,97.0,6.0,0.0,0
911,2014,12,Belgian Grand Prix,4,Fernando,Alonso,6,Ferrari,4.0,4.0,115.0,4.0,0.0,142.0,3.0,0.0,0
911,2014,12,Belgian Grand Prix,815,Sergio,Pérez,10,Force India,13.0,13.0,29.0,11.0,0.0,98.0,5.0,0.0,0
911,2014,12,Belgian Grand Prix,826,Daniil,Kvyat,5,Toro Rosso,11.0,11.0,6.0,15.0,0.0,17.0,7.0,0.0,0
911,2014,12,Belgian Grand Prix,807,Nico,Hülkenberg,10,Force India,18.0,18.0,69.0,7.0,0.0,98.0,5.0,0.0,0
911,2014,12,Belgian Grand Prix,818,Jean-Éric,Vergne,5,Toro Rosso,12.0,12.0,11.0,13.0,0.0,17.0,7.0,0.0,0
911,2014,12,Belgian Grand Prix,825,Kevin,Magnussen,1,McLaren,7.0,7.0,37.0,10.0,0.0,97.0,6.0,0.0,0
911,2014,12,Belgian Grand Prix,13,Felipe,Massa,3,Williams,9.0,9.0,40.0,9.0,0.0,135.0,4.0,0.0,0
911,2014,12,Belgian Grand Prix,16,Adrian,Sutil,15,Sauber,14.0,14.0,0.0,17.0,0.0,0.0,10.0,0.0,0
911,2014,12,Belgian Grand Prix,821,Esteban,Gutiérrez,15,Sauber,20.0,20.0,0.0,20.0,0.0,0.0,10.0,0.0,0
911,2014,12,Belgian Grand Prix,820,Max,Chilton,206,Marussia,19.0,19.0,0.0,21.0,0.0,2.0,9.0,0.0,0
911,2014,12,Belgian Grand Prix,828,Marcus,Ericsson,207,Caterham,22.0,22.0,0.0,18.0,0.0,0.0,11.0,0.0,0
911,2014,12,Belgian Grand Prix,824,Jules,Bianchi,206,Marussia,16.0,16.0,2.0,16.0,0.0,2.0,9.0,0.0,0
911,2014,12,Belgian Grand Prix,1,Lewis,Hamilton,131,Mercedes,2.0,2.0,191.0,2.0,5.0,393.0,1.0,9.0,0
911,2014,12,Belgian Grand Prix,154,Romain,Grosjean,208,Lotus F1,15.0,15.0,8.0,14.0,0.0,8.0,8.0,0.0,0
911,2014,12,Belgian Grand Prix,813,Pastor,Maldonado,208,Lotus F1,17.0,17.0,0.0,19.0,0.0,8.0,8.0,0.0,0
911,2014,12,Belgian Grand Prix,827,André,Lotterer,207,Caterham,21.0,21.0,0.0,28.0,0.0,0.0,11.0,0.0,0
912,2014,13,Italian Grand Prix,1,Lewis,Hamilton,131,Mercedes,1.0,1.0,191.0,2.0,5.0,411.0,1.0,9.0,1
912,2014,13,Italian Grand Prix,3,Nico,Rosberg,131,Mercedes,2.0,2.0,220.0,1.0,4.0,411.0,1.0,9.0,1
912,2014,13,Italian Grand Prix,13,Felipe,Massa,3,Williams,4.0,4.0,40.0,9.0,0.0,150.0,4.0,0.0,1
912,2014,13,Italian Grand Prix,822,Valtteri,Bottas,3,Williams,3.0,3.0,110.0,5.0,0.0,150.0,4.0,0.0,0
912,2014,13,Italian Grand Prix,817,Daniel,Ricciardo,9,Red Bull,9.0,9.0,156.0,3.0,3.0,254.0,2.0,3.0,0
912,2014,13,Italian Grand Prix,20,Sebastian,Vettel,9,Red Bull,8.0,8.0,98.0,6.0,0.0,254.0,2.0,3.0,0
912,2014,13,Italian Grand Prix,815,Sergio,Pérez,10,Force India,10.0,10.0,33.0,12.0,0.0,103.0,6.0,0.0,0
912,2014,13,Italian Grand Prix,18,Jenson,Button,1,McLaren,6.0,6.0,68.0,8.0,0.0,105.0,5.0,0.0,0
912,2014,13,Italian Grand Prix,8,Kimi,Räikkönen,6,Ferrari,11.0,12.0,39.0,10.0,0.0,160.0,3.0,0.0,0
912,2014,13,Italian Grand Prix,825,Kevin,Magnussen,1,McLaren,5.0,5.0,37.0,11.0,0.0,105.0,5.0,0.0,0
912,2014,13,Italian Grand Prix,826,Daniil,Kvyat,5,Toro Rosso,21.0,11.0,8.0,15.0,0.0,19.0,7.0,0.0,0
912,2014,13,Italian Grand Prix,807,Nico,Hülkenberg,10,Force India,13.0,14.0,70.0,7.0,0.0,103.0,6.0,0.0,0
912,2014,13,Italian Grand Prix,818,Jean-Éric,Vergne,5,Toro Rosso,12.0,13.0,11.0,13.0,0.0,19.0,7.0,0.0,0
912,2014,13,Italian Grand Prix,813,Pastor,Maldonado,208,Lotus F1,16.0,17.0,0.0,19.0,0.0,8.0,8.0,0.0,0
912,2014,13,Italian Grand Prix,16,Adrian,Sutil,15,Sauber,14.0,15.0,0.0,17.0,0.0,0.0,10.0,0.0,0
912,2014,13,Italian Grand Prix,154,Romain,Grosjean,208,Lotus F1,17.0,18.0,8.0,14.0,0.0,8.0,8.0,0.0,0
912,2014,13,Italian Grand Prix,155,Kamui,Kobayashi,207,Caterham,18.0,19.0,0.0,22.0,0.0,0.0,11.0,0.0,0
912,2014,13,Italian Grand Prix,824,Jules,Bianchi,206,Marussia,19.0,20.0,2.0,16.0,0.0,2.0,9.0,0.0,0
912,2014,13,Italian Grand Prix,821,Esteban,Gutiérrez,15,Sauber,15.0,16.0,0.0,20.0,0.0,0.0,10.0,0.0,0
912,2014,13,Italian Grand Prix,828,Marcus,Ericsson,207,Caterham,22.0,22.0,0.0,18.0,0.0,0.0,11.0,0.0,0
912,2014,13,Italian Grand Prix,4,Fernando,Alonso,6,Ferrari,7.0,7.0,121.0,4.0,0.0,160.0,3.0,0.0,0
912,2014,13,Italian Grand Prix,820,Max,Chilton,206,Marussia,20.0,21.0,0.0,21.0,0.0,2.0,9.0,0.0,0
913,2014,14,Singapore Grand Prix,1,Lewis,Hamilton,131,Mercedes,1.0,1.0,216.0,2.0,6.0,454.0,1.0,10.0,1
913,2014,14,Singapore Grand Prix,20,Sebastian,Vettel,9,Red Bull,4.0,4.0,106.0,6.0,0.0,272.0,2.0,3.0,1
913,2014,14,Singapore Grand Prix,817,Daniel,Ricciardo,9,Red Bull,3.0,3.0,166.0,3.0,3.0,272.0,2.0,3.0,1
913,2014,14,Singapore Grand Prix,4,Fernando,Alonso,6,Ferrari,5.0,5.0,121.0,5.0,0.0,162.0,4.0,0.0,0
913,2014,14,Singapore Grand Prix,13,Felipe,Massa,3,Williams,6.0,6.0,55.0,9.0,0.0,177.0,3.0,0.0,0
913,2014,14,Singapore Grand Prix,818,Jean-Éric,Vergne,5,Toro Rosso,12.0,12.0,11.0,13.0,0.0,19.0,7.0,0.0,0
913,2014,14,Singapore Grand Prix,815,Sergio,Pérez,10,Force India,15.0,15.0,39.0,11.0,0.0,109.0,6.0,0.0,0
913,2014,14,Singapore Grand Prix,8,Kimi,Räikkönen,6,Ferrari,7.0,7.0,41.0,10.0,0.0,162.0,4.0,0.0,0
913,2014,14,Singapore Grand Prix,807,Nico,Hülkenberg,10,Force India,13.0,13.0,70.0,8.0,0.0,109.0,6.0,0.0,0
913,2014,14,Singapore Grand Prix,825,Kevin,Magnussen,1,McLaren,9.0,9.0,38.0,12.0,0.0,110.0,5.0,0.0,0
913,2014,14,Singapore Grand Prix,822,Valtteri,Bottas,3,Williams,8.0,8.0,122.0,4.0,0.0,177.0,3.0,0.0,0
913,2014,14,Singapore Grand Prix,813,Pastor,Maldonado,208,Lotus F1,18.0,18.0,0.0,19.0,0.0,8.0,8.0,0.0,0
913,2014,14,Singapore Grand Prix,154,Romain,Grosjean,208,Lotus F1,16.0,16.0,8.0,14.0,0.0,8.0,8.0,0.0,0
913,2014,14,Singapore Grand Prix,826,Daniil,Kvyat,5,Toro Rosso,10.0,10.0,8.0,15.0,0.0,19.0,7.0,0.0,0
913,2014,14,Singapore Grand Prix,828,Marcus,Ericsson,207,Caterham,22.0,22.0,0.0,18.0,0.0,0.0,11.0,0.0,0
913,2014,14,Singapore Grand Prix,824,Jules,Bianchi,206,Marussia,19.0,19.0,2.0,16.0,0.0,2.0,9.0,0.0,0
913,2014,14,Singapore Grand Prix,820,Max,Chilton,206,Marussia,21.0,21.0,0.0,21.0,0.0,2.0,9.0,0.0,0
913,2014,14,Singapore Grand Prix,18,Jenson,Button,1,McLaren,11.0,11.0,72.0,7.0,0.0,110.0,5.0,0.0,0
913,2014,14,Singapore Grand Prix,16,Adrian,Sutil,15,Sauber,17.0,17.0,0.0,17.0,0.0,0.0,10.0,0.0,0
913,2014,14,Singapore Grand Prix,821,Esteban,Gutiérrez,15,Sauber,14.0,14.0,0.0,20.0,0.0,0.0,10.0,0.0,0
913,2014,14,Singapore Grand Prix,3,Nico,Rosberg,131,Mercedes,2.0,2.0,238.0,1.0,4.0,454.0,1.0,10.0,0
913,2014,14,Singapore Grand Prix,155,Kamui,Kobayashi,207,Caterham,20.0,20.0,0.0,22.0,0.0,0.0,11.0,0.0,0
914,2014,15,Japanese Grand Prix,1,Lewis,Hamilton,131,Mercedes,2.0,2.0,241.0,1.0,7.0,479.0,1.0,11.0,1
914,2014,15,Japanese Grand Prix,3,Nico,Rosberg,131,Mercedes,1.0,1.0,238.0,2.0,4.0,479.0,1.0,11.0,1
914,2014,15,Japanese Grand Prix,20,Sebastian,Vettel,9,Red Bull,9.0,9.0,124.0,5.0,0.0,305.0,2.0,3.0,1
914,2014,15,Japanese Grand Prix,817,Daniel,Ricciardo,9,Red Bull,6.0,6.0,181.0,3.0,3.0,305.0,2.0,3.0,0
914,2014,15,Japanese Grand Prix,18,Jenson,Button,1,McLaren,8.0,8.0,72.0,7.0,0.0,111.0,6.0,0.0,0
914,2014,15,Japanese Grand Prix,822,Valtteri,Bottas,3,Williams,3.0,3.0,122.0,6.0,0.0,187.0,3.0,0.0,0
914,2014,15,Japanese Grand Prix,13,Felipe,Massa,3,Williams,4.0,4.0,65.0,9.0,0.0,187.0,3.0,0.0,0
914,2014,15,Japanese Grand Prix,807,Nico,Hülkenberg,10,Force India,13.0,14.0,72.0,8.0,0.0,117.0,5.0,0.0,0
914,2014,15,Japanese Grand Prix,818,Jean-Éric,Vergne,5,Toro Rosso,20.0,11.0,19.0,13.0,0.0,27.0,7.0,0.0,0
914,2014,15,Japanese Grand Prix,815,Sergio,Pérez,10,Force India,11.0,12.0,45.0,10.0,0.0,117.0,5.0,0.0,0
914,2014,15,Japanese Grand Prix,826,Daniil,Kvyat,5,Toro Rosso,12.0,13.0,8.0,15.0,0.0,27.0,7.0,0.0,0
914,2014,15,Japanese Grand Prix,8,Kimi,Räikkönen,6,Ferrari,10.0,10.0,45.0,11.0,0.0,178.0,4.0,0.0,0
914,2014,15,Japanese Grand Prix,821,Esteban,Gutiérrez,15,Sauber,15.0,16.0,0.0,20.0,0.0,0.0,10.0,0.0,0
914,2014,15,Japanese Grand Prix,825,Kevin,Magnussen,1,McLaren,7.0,7.0,39.0,12.0,0.0,111.0,6.0,0.0,0
914,2014,15,Japanese Grand Prix,154,Romain,Grosjean,208,Lotus F1,16.0,18.0,8.0,14.0,0.0,8.0,8.0,0.0,0
914,2014,15,Japanese Grand Prix,813,Pastor,Maldonado,208,Lotus F1,22.0,17.0,0.0,19.0,0.0,8.0,8.0,0.0,0
914,2014,15,Japanese Grand Prix,828,Marcus,Ericsson,207,Caterham,17.0,19.0,0.0,18.0,0.0,0.0,11.0,0.0,0
914,2014,15,Japanese Grand Prix,820,Max,Chilton,206,Marussia,21.0,22.0,0.0,21.0,0.0,2.0,9.0,0.0,0
914,2014,15,Japanese Grand Prix,155,Kamui,Kobayashi,207,Caterham,19.0,21.0,0.0,22.0,0.0,0.0,11.0,0.0,0
914,2014,15,Japanese Grand Prix,824,Jules,Bianchi,206,Marussia,18.0,20.0,2.0,16.0,0.0,2.0,9.0,0.0,0
914,2014,15,Japanese Grand Prix,16,Adrian,Sutil,15,Sauber,14.0,15.0,0.0,17.0,0.0,0.0,10.0,0.0,0
914,2014,15,Japanese Grand Prix,4,Fernando,Alonso,6,Ferrari,5.0,5.0,133.0,4.0,0.0,178.0,4.0,0.0,0
915,2014,16,Russian Grand Prix,1,Lewis,Hamilton,131,Mercedes,1.0,1.0,266.0,1.0,8.0,522.0,1.0,12.0,1
915,2014,16,Russian Grand Prix,3,Nico,Rosberg,131,Mercedes,2.0,2.0,256.0,2.0,4.0,522.0,1.0,12.0,1
915,2014,16,Russian Grand Prix,822,Valtteri,Bottas,3,Williams,3.0,3.0,130.0,6.0,0.0,201.0,3.0,0.0,1
915,2014,16,Russian Grand Prix,18,Jenson,Button,1,McLaren,4.0,4.0,82.0,7.0,0.0,121.0,6.0,0.0,0
915,2014,16,Russian Grand Prix,825,Kevin,Magnussen,1,McLaren,11.0,6.0,39.0,12.0,0.0,121.0,6.0,0.0,0
915,2014,16,Russian Grand Prix,4,Fernando,Alonso,6,Ferrari,7.0,8.0,133.0,5.0,0.0,178.0,4.0,0.0,0
915,2014,16,Russian Grand Prix,817,Daniel,Ricciardo,9,Red Bull,6.0,7.0,193.0,3.0,3.0,332.0,2.0,3.0,0
915,2014,16,Russian Grand Prix,20,Sebastian,Vettel,9,Red Bull,10.0,11.0,139.0,4.0,0.0,332.0,2.0,3.0,0
915,2014,16,Russian Grand Prix,8,Kimi,Räikkönen,6,Ferrari,8.0,9.0,45.0,11.0,0.0,178.0,4.0,0.0,0
915,2014,16,Russian Grand Prix,815,Sergio,Pérez,10,Force India,12.0,13.0,46.0,10.0,0.0,122.0,5.0,0.0,0
915,2014,16,Russian Grand Prix,13,Felipe,Massa,3,Williams,18.0,18.0,71.0,9.0,0.0,201.0,3.0,0.0,0
915,2014,16,Russian Grand Prix,807,Nico,Hülkenberg,10,Force India,17.0,12.0,76.0,8.0,0.0,122.0,5.0,0.0,0
915,2014,16,Russian Grand Prix,818,Jean-Éric,Vergne,5,Toro Rosso,9.0,10.0,21.0,13.0,0.0,29.0,7.0,0.0,0
915,2014,16,Russian Grand Prix,826,Daniil,Kvyat,5,Toro Rosso,5.0,5.0,8.0,15.0,0.0,29.0,7.0,0.0,0
915,2014,16,Russian Grand Prix,821,Esteban,Gutiérrez,15,Sauber,13.0,14.0,0.0,20.0,0.0,0.0,10.0,0.0,0
915,2014,16,Russian Grand Prix,16,Adrian,Sutil,15,Sauber,14.0,15.0,0.0,17.0,0.0,0.0,10.0,0.0,0
915,2014,16,Russian Grand Prix,154,Romain,Grosjean,208,Lotus F1,15.0,16.0,8.0,14.0,0.0,8.0,8.0,0.0,0
915,2014,16,Russian Grand Prix,813,Pastor,Maldonado,208,Lotus F1,21.0,20.0,0.0,19.0,0.0,8.0,8.0,0.0,0
915,2014,16,Russian Grand Prix,828,Marcus,Ericsson,207,Caterham,16.0,17.0,0.0,18.0,0.0,0.0,11.0,0.0,0
915,2014,16,Russian Grand Prix,155,Kamui,Kobayashi,207,Caterham,19.0,19.0,0.0,22.0,0.0,0.0,11.0,0.0,0
915,2014,16,Russian Grand Prix,820,Max,Chilton,206,Marussia,20.0,21.0,0.0,21.0,0.0,2.0,9.0,0.0,0
916,2014,17,United States Grand Prix,1,Lewis,Hamilton,131,Mercedes,2.0,2.0,291.0,1.0,9.0,565.0,1.0,13.0,1
916,2014,17,United States Grand Prix,3,Nico,Rosberg,131,Mercedes,1.0,1.0,274.0,2.0,4.0,565.0,1.0,13.0,1
916,2014,17,United States Grand Prix,817,Daniel,Ricciardo,9,Red Bull,5.0,5.0,199.0,3.0,3.0,342.0,2.0,3.0,1
916,2014,17,United States Grand Prix,13,Felipe,Massa,3,Williams,4.0,4.0,71.0,9.0,0.0,216.0,3.0,0.0,0
916,2014,17,United States Grand Prix,822,Valtteri,Bottas,3,Williams,3.0,3.0,145.0,4.0,0.0,216.0,3.0,0.0,0
916,2014,17,United States Grand Prix,4,Fernando,Alonso,6,Ferrari,6.0,6.0,141.0,6.0,0.0,188.0,4.0,0.0,0
916,2014,17,United States Grand Prix,20,Sebastian,Vettel,9,Red Bull,18.0,17.0,143.0,5.0,0.0,342.0,2.0,3.0,0
916,2014,17,United States Grand Prix,825,Kevin,Magnussen,1,McLaren,7.0,8.0,49.0,10.0,0.0,143.0,5.0,0.0,0
916,2014,17,United States Grand Prix,818,Jean-Éric,Vergne,5,Toro Rosso,14.0,15.0,21.0,13.0,0.0,29.0,7.0,0.0,0
916,2014,17,United States Grand Prix,813,Pastor,Maldonado,208,Lotus F1,10.0,11.0,0.0,19.0,0.0,8.0,8.0,0.0,0
916,2014,17,United States Grand Prix,154,Romain,Grosjean,208,Lotus F1,16.0,18.0,8.0,14.0,0.0,8.0,8.0,0.0,0
916,2014,17,United States Grand Prix,18,Jenson,Button,1,McLaren,12.0,7.0,94.0,7.0,0.0,143.0,5.0,0.0,0
916,2014,17,United States Grand Prix,8,Kimi,Räikkönen,6,Ferrari,8.0,9.0,47.0,12.0,0.0,188.0,4.0,0.0,0
916,2014,17,United States Grand Prix,821,Esteban,Gutiérrez,15,Sauber,15.0,16.0,0.0,20.0,0.0,0.0,10.0,0.0,0
916,2014,17,United States Grand Prix,826,Daniil,Kvyat,5,Toro Rosso,17.0,14.0,8.0,15.0,0.0,29.0,7.0,0.0,0
916,2014,17,United States Grand Prix,807,Nico,Hülkenberg,10,Force India,13.0,13.0,76.0,8.0,0.0,123.0,6.0,0.0,0
916,2014,17,United States Grand Prix,815,Sergio,Pérez,10,Force India,11.0,12.0,47.0,11.0,0.0,123.0,6.0,0.0,0
916,2014,17,United States Grand Prix,16,Adrian,Sutil,15,Sauber,9.0,10.0,0.0,17.0,0.0,0.0,10.0,0.0,0
917,2014,18,Brazilian Grand Prix,3,Nico,Rosberg,131,Mercedes,1.0,1.0,292.0,2.0,4.0,608.0,1.0,14.0,1
917,2014,18,Brazilian Grand Prix,1,Lewis,Hamilton,131,Mercedes,2.0,2.0,316.0,1.0,10.0,608.0,1.0,14.0,1
917,2014,18,Brazilian Grand Prix,13,Felipe,Massa,3,Williams,3.0,3.0,83.0,8.0,0.0,238.0,3.0,0.0,1
917,2014,18,Brazilian Grand Prix,18,Jenson,Button,1,McLaren,5.0,5.0,94.0,7.0,0.0,147.0,5.0,0.0,0
917,2014,18,Brazilian Grand Prix,20,Sebastian,Vettel,9,Red Bull,6.0,6.0,149.0,5.0,0.0,363.0,2.0,3.0,0
917,2014,18,Brazilian Grand Prix,4,Fernando,Alonso,6,Ferrari,8.0,8.0,149.0,6.0,0.0,196.0,4.0,0.0,0
917,2014,18,Brazilian Grand Prix,8,Kimi,Räikkönen,6,Ferrari,10.0,10.0,47.0,12.0,0.0,196.0,4.0,0.0,0
917,2014,18,Brazilian Grand Prix,807,Nico,Hülkenberg,10,Force India,12.0,12.0,76.0,9.0,0.0,123.0,6.0,0.0,0
917,2014,18,Brazilian Grand Prix,825,Kevin,Magnussen,1,McLaren,7.0,7.0,53.0,10.0,0.0,147.0,5.0,0.0,0
917,2014,18,Brazilian Grand Prix,822,Valtteri,Bottas,3,Williams,4.0,4.0,155.0,4.0,0.0,238.0,3.0,0.0,0
917,2014,18,Brazilian Grand Prix,826,Daniil,Kvyat,5,Toro Rosso,17.0,14.0,8.0,15.0,0.0,30.0,7.0,0.0,0
917,2014,18,Brazilian Grand Prix,813,Pastor,Maldonado,208,Lotus F1,16.0,18.0,2.0,16.0,0.0,10.0,8.0,0.0,0
917,2014,18,Brazilian Grand Prix,818,Jean-Éric,Vergne,5,Toro Rosso,15.0,16.0,22.0,13.0,0.0,30.0,7.0,0.0,0
917,2014,18,Brazilian Grand Prix,821,Esteban,Gutiérrez,15,Sauber,11.0,11.0,0.0,20.0,0.0,0.0,10.0,0.0,0
917,2014,18,Brazilian Grand Prix,815,Sergio,Pérez,10,Force India,18.0,17.0,47.0,11.0,0.0,123.0,6.0,0.0,0
917,2014,18,Brazilian Grand Prix,16,Adrian,Sutil,15,Sauber,13.0,13.0,0.0,18.0,0.0,0.0,10.0,0.0,0
917,2014,18,Brazilian Grand Prix,154,Romain,Grosjean,208,Lotus F1,14.0,15.0,8.0,14.0,0.0,10.0,8.0,0.0,0
917,2014,18,Brazilian Grand Prix,817,Daniel,Ricciardo,9,Red Bull,9.0,9.0,214.0,3.0,3.0,363.0,2.0,3.0,0
918,2014,19,Abu Dhabi Grand Prix,1,Lewis,Hamilton,131,Mercedes,2.0,2.0,334.0,1.0,10.0,651.0,1.0,15.0,1
918,2014,19,Abu Dhabi Grand Prix,13,Felipe,Massa,3,Williams,4.0,4.0,98.0,8.0,0.0,254.0,3.0,0.0,1
918,2014,19,Abu Dhabi Grand Prix,822,Valtteri,Bottas,3,Williams,3.0,3.0,156.0,6.0,0.0,254.0,3.0,0.0,1
918,2014,19,Abu Dhabi Grand Prix,817,Daniel,Ricciardo,9,Red Bull,20.0,25.0,214.0,3.0,3.0,373.0,2.0,3.0,0
918,2014,19,Abu Dhabi Grand Prix,18,Jenson,Button,1,McLaren,6.0,6.0,106.0,7.0,0.0,161.0,5.0,0.0,0
918,2014,19,Abu Dhabi Grand Prix,807,Nico,Hülkenberg,10,Force India,12.0,12.0,80.0,9.0,0.0,127.0,6.0,0.0,0
918,2014,19,Abu Dhabi Grand Prix,815,Sergio,Pérez,10,Force India,11.0,11.0,47.0,12.0,0.0,127.0,6.0,0.0,0
918,2014,19,Abu Dhabi Grand Prix,20,Sebastian,Vettel,9,Red Bull,19.0,25.0,159.0,4.0,0.0,373.0,2.0,3.0,0
918,2014,19,Abu Dhabi Grand Prix,4,Fernando,Alonso,6,Ferrari,8.0,8.0,157.0,5.0,0.0,210.0,4.0,0.0,0
918,2014,19,Abu Dhabi Grand Prix,8,Kimi,Räikkönen,6,Ferrari,7.0,7.0,53.0,11.0,0.0,210.0,4.0,0.0,0
918,2014,19,Abu Dhabi Grand Prix,825,Kevin,Magnussen,1,McLaren,9.0,9.0,55.0,10.0,0.0,161.0,5.0,0.0,0
918,2014,19,Abu Dhabi Grand Prix,818,Jean-Éric,Vergne,5,Toro Rosso,10.0,10.0,22.0,13.0,0.0,30.0,7.0,0.0,0
918,2014,19,Abu Dhabi Grand Prix,154,Romain,Grosjean,208,Lotus F1,18.0,14.0,8.0,14.0,0.0,10.0,8.0,0.0,0
918,2014,19,Abu Dhabi Grand Prix,3,Nico,Rosberg,131,Mercedes,1.0,1.0,317.0,2.0,5.0,651.0,1.0,15.0,0
918,2014,19,Abu Dhabi Grand Prix,821,Esteban,Gutiérrez,15,Sauber,14.0,15.0,0.0,20.0,0.0,0.0,10.0,0.0,0
918,2014,19,Abu Dhabi Grand Prix,16,Adrian,Sutil,15,Sauber,13.0,13.0,0.0,18.0,0.0,0.0,10.0,0.0,0
918,2014,19,Abu Dhabi Grand Prix,829,Will,Stevens,207,Caterham,17.0,18.0,0.0,28.0,0.0,0.0,11.0,0.0,0
918,2014,19,Abu Dhabi Grand Prix,155,Kamui,Kobayashi,207,Caterham,16.0,17.0,0.0,22.0,0.0,0.0,11.0,0.0,0
918,2014,19,Abu Dhabi Grand Prix,813,Pastor,Maldonado,208,Lotus F1,15.0,16.0,2.0,16.0,0.0,10.0,8.0,0.0,0
918,2014,19,Abu Dhabi Grand Prix,826,Daniil,Kvyat,5,Toro Rosso,5.0,5.0,8.0,15.0,0.0,30.0,7.0,0.0,0
926,2015,1,Australian Grand Prix,1,Lewis,Hamilton,131,Mercedes,1.0,1.0,384.0,1.0,11.0,701.0,1.0,16.0,1
926,2015,1,Australian Grand Prix,3,Nico,Rosberg,131,Mercedes,2.0,2.0,317.0,2.0,5.0,701.0,1.0,16.0,1
926,2015,1,Australian Grand Prix,20,Sebastian,Vettel,6,Ferrari,4.0,4.0,167.0,5.0,0.0,216.0,4.0,0.0,1
926,2015,1,Australian Grand Prix,13,Felipe,Massa,3,Williams,3.0,3.0,134.0,7.0,0.0,320.0,3.0,0.0,0
926,2015,1,Australian Grand Prix,831,Felipe,Nasr,15,Sauber,10.0,11.0,0.0,28.0,0.0,0.0,10.0,0.0,0
926,2015,1,Australian Grand Prix,817,Daniel,Ricciardo,9,Red Bull,6.0,7.0,238.0,3.0,3.0,405.0,2.0,3.0,0
926,2015,1,Australian Grand Prix,807,Nico,Hülkenberg,10,Force India,13.0,14.0,96.0,9.0,0.0,155.0,6.0,0.0,0
926,2015,1,Australian Grand Prix,828,Marcus,Ericsson,15,Sauber,15.0,16.0,0.0,19.0,0.0,0.0,10.0,0.0,0
926,2015,1,Australian Grand Prix,832,Carlos,Sainz,5,Toro Rosso,7.0,8.0,0.0,28.0,0.0,30.0,7.0,0.0,0
926,2015,1,Australian Grand Prix,815,Sergio,Pérez,10,Force India,14.0,15.0,59.0,10.0,0.0,155.0,6.0,0.0,0
926,2015,1,Australian Grand Prix,18,Jenson,Button,1,McLaren,16.0,17.0,126.0,8.0,0.0,181.0,5.0,0.0,0
926,2015,1,Australian Grand Prix,8,Kimi,Räikkönen,6,Ferrari,5.0,5.0,55.0,12.0,0.0,216.0,4.0,0.0,0
926,2015,1,Australian Grand Prix,830,Max,Verstappen,5,Toro Rosso,11.0,12.0,0.0,28.0,0.0,30.0,7.0,0.0,0
926,2015,1,Australian Grand Prix,154,Romain,Grosjean,208,Lotus F1,8.0,9.0,8.0,14.0,0.0,10.0,8.0,0.0,0
926,2015,1,Australian Grand Prix,813,Pastor,Maldonado,208,Lotus F1,9.0,10.0,2.0,16.0,0.0,10.0,8.0,0.0,0
926,2015,1,Australian Grand Prix,826,Daniil,Kvyat,9,Red Bull,12.0,13.0,8.0,15.0,0.0,405.0,2.0,3.0,0
926,2015,1,Australian Grand Prix,825,Kevin,Magnussen,1,McLaren,17.0,18.0,55.0,11.0,0.0,181.0,5.0,0.0,0
926,2015,1,Australian Grand Prix,822,Valtteri,Bottas,3,Williams,0.0,6.0,186.0,4.0,0.0,320.0,3.0,0.0,0
927,2015,2,Malaysian Grand Prix,20,Sebastian,Vettel,6,Ferrari,2.0,2.0,15.0,3.0,0.0,15.0,2.0,0.0,1
927,2015,2,Malaysian Grand Prix,1,Lewis,Hamilton,131,Mercedes,1.0,1.0,25.0,1.0,1.0,43.0,1.0,1.0,1
927,2015,2,Malaysian Grand Prix,3,Nico,Rosberg,131,Mercedes,3.0,3.0,18.0,2.0,0.0,43.0,1.0,1.0,1
927,2015,2,Malaysian Grand Prix,8,Kimi,Räikkönen,6,Ferrari,11.0,11.0,0.0,12.0,0.0,15.0,2.0,0.0,0
927,2015,2,Malaysian Grand Prix,822,Valtteri,Bottas,3,Williams,8.0,9.0,0.0,18.0,0.0,12.0,4.0,0.0,0
927,2015,2,Malaysian Grand Prix,13,Felipe,Massa,3,Williams,7.0,7.0,12.0,4.0,0.0,12.0,4.0,0.0,0
927,2015,2,Malaysian Grand Prix,830,Max,Verstappen,5,Toro Rosso,6.0,6.0,0.0,13.0,0.0,2.0,7.0,0.0,0
927,2015,2,Malaysian Grand Prix,832,Carlos,Sainz,5,Toro Rosso,15.0,15.0,2.0,9.0,0.0,2.0,7.0,0.0,0
927,2015,2,Malaysian Grand Prix,826,Daniil,Kvyat,9,Red Bull,5.0,5.0,0.0,16.0,0.0,8.0,5.0,0.0,0
927,2015,2,Malaysian Grand Prix,817,Daniel,Ricciardo,9,Red Bull,4.0,4.0,8.0,6.0,0.0,8.0,5.0,0.0,0
927,2015,2,Malaysian Grand Prix,154,Romain,Grosjean,208,Lotus F1,10.0,8.0,0.0,14.0,0.0,0.0,9.0,0.0,0
927,2015,2,Malaysian Grand Prix,831,Felipe,Nasr,15,Sauber,16.0,16.0,10.0,5.0,0.0,14.0,3.0,0.0,0
927,2015,2,Malaysian Grand Prix,815,Sergio,Pérez,10,Force India,14.0,14.0,1.0,10.0,0.0,7.0,6.0,0.0,0
927,2015,2,Malaysian Grand Prix,807,Nico,Hülkenberg,10,Force India,13.0,13.0,6.0,7.0,0.0,7.0,6.0,0.0,0
927,2015,2,Malaysian Grand Prix,833,Roberto,Merhi,209,Manor Marussia,19.0,19.0,0.0,28.0,0.0,0.0,13.0,0.0,0
927,2015,2,Malaysian Grand Prix,813,Pastor,Maldonado,208,Lotus F1,12.0,12.0,0.0,15.0,0.0,0.0,9.0,0.0,0
927,2015,2,Malaysian Grand Prix,18,Jenson,Button,1,McLaren,17.0,17.0,0.0,11.0,0.0,0.0,8.0,0.0,0
927,2015,2,Malaysian Grand Prix,4,Fernando,Alonso,1,McLaren,18.0,18.0,161.0,6.0,0.0,0.0,8.0,0.0,0
927,2015,2,Malaysian Grand Prix,828,Marcus,Ericsson,15,Sauber,9.0,10.0,4.0,8.0,0.0,14.0,3.0,0.0,0
927,2015,2,Malaysian Grand Prix,829,Will,Stevens,209,Manor Marussia,0.0,25.0,0.0,23.0,0.0,0.0,13.0,0.0,0
928,2015,3,Chinese Grand Prix,1,Lewis,Hamilton,131,Mercedes,1.0,1.0,43.0,1.0,1.0,76.0,1.0,1.0,1
928,2015,3,Chinese Grand Prix,3,Nico,Rosberg,131,Mercedes,2.0,2.0,33.0,3.0,0.0,76.0,1.0,1.0,1
928,2015,3,Chinese Grand Prix,20,Sebastian,Vettel,6,Ferrari,3.0,3.0,40.0,2.0,1.0,52.0,2.0,1.0,1
928,2015,3,Chinese Grand Prix,8,Kimi,Räikkönen,6,Ferrari,6.0,6.0,12.0,5.0,0.0,52.0,2.0,1.0,0
928,2015,3,Chinese Grand Prix,13,Felipe,Massa,3,Williams,4.0,4.0,20.0,4.0,0.0,30.0,3.0,0.0,0
928,2015,3,Chinese Grand Prix,822,Valtteri,Bottas,3,Williams,5.0,5.0,10.0,7.0,0.0,30.0,3.0,0.0,0
928,2015,3,Chinese Grand Prix,154,Romain,Grosjean,208,Lotus F1,8.0,8.0,0.0,15.0,0.0,0.0,8.0,0.0,0
928,2015,3,Chinese Grand Prix,831,Felipe,Nasr,15,Sauber,9.0,9.0,10.0,6.0,0.0,14.0,4.0,0.0,0
928,2015,3,Chinese Grand Prix,817,Daniel,Ricciardo,9,Red Bull,7.0,7.0,9.0,8.0,0.0,11.0,6.0,0.0,0
928,2015,3,Chinese Grand Prix,828,Marcus,Ericsson,15,Sauber,10.0,10.0,4.0,12.0,0.0,14.0,4.0,0.0,0
928,2015,3,Chinese Grand Prix,815,Sergio,Pérez,10,Force India,15.0,15.0,1.0,14.0,0.0,7.0,7.0,0.0,0
928,2015,3,Chinese Grand Prix,4,Fernando,Alonso,1,McLaren,18.0,18.0,0.0,20.0,0.0,0.0,9.0,0.0,0
928,2015,3,Chinese Grand Prix,832,Carlos,Sainz,5,Toro Rosso,14.0,14.0,6.0,11.0,0.0,12.0,5.0,0.0,0
928,2015,3,Chinese Grand Prix,18,Jenson,Button,1,McLaren,17.0,17.0,0.0,16.0,0.0,0.0,9.0,0.0,0
928,2015,3,Chinese Grand Prix,829,Will,Stevens,209,Manor Marussia,19.0,19.0,0.0,21.0,0.0,0.0,10.0,0.0,0
928,2015,3,Chinese Grand Prix,833,Roberto,Merhi,209,Manor Marussia,20.0,20.0,0.0,17.0,0.0,0.0,10.0,0.0,0
928,2015,3,Chinese Grand Prix,830,Max,Verstappen,5,Toro Rosso,13.0,13.0,6.0,10.0,0.0,12.0,5.0,0.0,0
928,2015,3,Chinese Grand Prix,813,Pastor,Maldonado,208,Lotus F1,11.0,11.0,0.0,18.0,0.0,0.0,8.0,0.0,0
928,2015,3,Chinese Grand Prix,826,Daniil,Kvyat,9,Red Bull,12.0,12.0,2.0,13.0,0.0,11.0,6.0,0.0,0
928,2015,3,Chinese Grand Prix,807,Nico,Hülkenberg,10,Force India,16.0,16.0,6.0,9.0,0.0,7.0,7.0,0.0,0
929,2015,4,Bahrain Grand Prix,1,Lewis,Hamilton,131,Mercedes,1.0,1.0,68.0,1.0,2.0,119.0,1.0,2.0,1
929,2015,4,Bahrain Grand Prix,8,Kimi,Räikkönen,6,Ferrari,4.0,4.0,24.0,5.0,0.0,79.0,2.0,1.0,1
929,2015,4,Bahrain Grand Prix,3,Nico,Rosberg,131,Mercedes,3.0,3.0,51.0,3.0,0.0,119.0,1.0,2.0,1
929,2015,4,Bahrain Grand Prix,822,Valtteri,Bottas,3,Williams,5.0,5.0,18.0,6.0,0.0,48.0,3.0,0.0,0
929,2015,4,Bahrain Grand Prix,20,Sebastian,Vettel,6,Ferrari,2.0,2.0,55.0,2.0,1.0,79.0,2.0,1.0,0
929,2015,4,Bahrain Grand Prix,817,Daniel,Ricciardo,9,Red Bull,7.0,7.0,11.0,8.0,0.0,13.0,5.0,0.0,0
929,2015,4,Bahrain Grand Prix,154,Romain,Grosjean,208,Lotus F1,10.0,10.0,6.0,9.0,0.0,6.0,8.0,0.0,0
929,2015,4,Bahrain Grand Prix,815,Sergio,Pérez,10,Force India,11.0,11.0,1.0,15.0,0.0,7.0,7.0,0.0,0
929,2015,4,Bahrain Grand Prix,826,Daniil,Kvyat,9,Red Bull,17.0,17.0,2.0,14.0,0.0,13.0,5.0,0.0,0
929,2015,4,Bahrain Grand Prix,13,Felipe,Massa,3,Williams,6.0,6.0,30.0,4.0,0.0,48.0,3.0,0.0,0
929,2015,4,Bahrain Grand Prix,4,Fernando,Alonso,1,McLaren,14.0,14.0,0.0,17.0,0.0,0.0,9.0,0.0,0
929,2015,4,Bahrain Grand Prix,831,Felipe,Nasr,15,Sauber,12.0,12.0,14.0,7.0,0.0,19.0,4.0,0.0,0
929,2015,4,Bahrain Grand Prix,807,Nico,Hülkenberg,10,Force India,8.0,8.0,6.0,10.0,0.0,7.0,7.0,0.0,0
929,2015,4,Bahrain Grand Prix,828,Marcus,Ericsson,15,Sauber,13.0,13.0,5.0,13.0,0.0,19.0,4.0,0.0,0
929,2015,4,Bahrain Grand Prix,813,Pastor,Maldonado,208,Lotus F1,16.0,16.0,0.0,20.0,0.0,6.0,8.0,0.0,0
929,2015,4,Bahrain Grand Prix,829,Will,Stevens,209,Manor Marussia,18.0,18.0,0.0,19.0,0.0,0.0,10.0,0.0,0
929,2015,4,Bahrain Grand Prix,833,Roberto,Merhi,209,Manor Marussia,19.0,19.0,0.0,18.0,0.0,0.0,10.0,0.0,0
929,2015,4,Bahrain Grand Prix,830,Max,Verstappen,5,Toro Rosso,15.0,15.0,6.0,11.0,0.0,12.0,6.0,0.0,0
929,2015,4,Bahrain Grand Prix,832,Carlos,Sainz,5,Toro Rosso,9.0,9.0,6.0,12.0,0.0,12.0,6.0,0.0,0
929,2015,4,Bahrain Grand Prix,18,Jenson,Button,1,McLaren,20.0,25.0,0.0,16.0,0.0,0.0,9.0,0.0,0
930,2015,5,Spanish Grand Prix,3,Nico,Rosberg,131,Mercedes,1.0,1.0,66.0,2.0,0.0,159.0,1.0,3.0,1
930,2015,5,Spanish Grand Prix,1,Lewis,Hamilton,131,Mercedes,2.0,2.0,93.0,1.0,3.0,159.0,1.0,3.0,1
930,2015,5,Spanish Grand Prix,20,Sebastian,Vettel,6,Ferrari,3.0,3.0,65.0,3.0,1.0,107.0,2.0,1.0,1
930,2015,5,Spanish Grand Prix,822,Valtteri,Bottas,3,Williams,4.0,4.0,30.0,6.0,0.0,61.0,3.0,0.0,0
930,2015,5,Spanish Grand Prix,8,Kimi,Räikkönen,6,Ferrari,7.0,7.0,42.0,4.0,0.0,107.0,2.0,1.0,0
930,2015,5,Spanish Grand Prix,13,Felipe,Massa,3,Williams,9.0,9.0,31.0,5.0,0.0,61.0,3.0,0.0,0
930,2015,5,Spanish Grand Prix,817,Daniel,Ricciardo,9,Red Bull,10.0,10.0,19.0,7.0,0.0,23.0,4.0,0.0,0
930,2015,5,Spanish Grand Prix,154,Romain,Grosjean,208,Lotus F1,11.0,11.0,12.0,9.0,0.0,12.0,6.0,0.0,0
930,2015,5,Spanish Grand Prix,832,Carlos,Sainz,5,Toro Rosso,5.0,5.0,6.0,12.0,0.0,12.0,7.0,0.0,0
930,2015,5,Spanish Grand Prix,826,Daniil,Kvyat,9,Red Bull,8.0,8.0,4.0,15.0,0.0,23.0,4.0,0.0,0
930,2015,5,Spanish Grand Prix,830,Max,Verstappen,5,Toro Rosso,6.0,6.0,6.0,11.0,0.0,12.0,7.0,0.0,0
930,2015,5,Spanish Grand Prix,831,Felipe,Nasr,15,Sauber,15.0,15.0,14.0,8.0,0.0,19.0,5.0,0.0,0
930,2015,5,Spanish Grand Prix,815,Sergio,Pérez,10,Force India,18.0,18.0,5.0,13.0,0.0,11.0,8.0,0.0,0
930,2015,5,Spanish Grand Prix,828,Marcus,Ericsson,15,Sauber,16.0,16.0,5.0,14.0,0.0,19.0,5.0,0.0,0
930,2015,5,Spanish Grand Prix,807,Nico,Hülkenberg,10,Force India,17.0,17.0,6.0,10.0,0.0,11.0,8.0,0.0,0
930,2015,5,Spanish Grand Prix,18,Jenson,Button,1,McLaren,14.0,14.0,0.0,17.0,0.0,0.0,9.0,0.0,0
930,2015,5,Spanish Grand Prix,829,Will,Stevens,209,Manor Marussia,19.0,19.0,0.0,19.0,0.0,0.0,10.0,0.0,0
930,2015,5,Spanish Grand Prix,833,Roberto,Merhi,209,Manor Marussia,20.0,20.0,0.0,18.0,0.0,0.0,10.0,0.0,0
930,2015,5,Spanish Grand Prix,813,Pastor,Maldonado,208,Lotus F1,12.0,12.0,0.0,20.0,0.0,12.0,6.0,0.0,0
930,2015,5,Spanish Grand Prix,4,Fernando,Alonso,1,McLaren,13.0,13.0,0.0,16.0,0.0,0.0,9.0,0.0,0
931,2015,6,Monaco Grand Prix,3,Nico,Rosberg,131,Mercedes,2.0,2.0,91.0,2.0,1.0,202.0,1.0,4.0,1
931,2015,6,Monaco Grand Prix,20,Sebastian,Vettel,6,Ferrari,3.0,3.0,80.0,3.0,1.0,132.0,2.0,1.0,1
931,2015,6,Monaco Grand Prix,1,Lewis,Hamilton,131,Mercedes,1.0,1.0,111.0,1.0,3.0,202.0,1.0,4.0,1
931,2015,6,Monaco Grand Prix,826,Daniil,Kvyat,9,Red Bull,5.0,5.0,5.0,15.0,0.0,30.0,4.0,0.0,0
931,2015,6,Monaco Grand Prix,817,Daniel,Ricciardo,9,Red Bull,4.0,4.0,25.0,7.0,0.0,30.0,4.0,0.0,0
931,2015,6,Monaco Grand Prix,8,Kimi,Räikkönen,6,Ferrari,6.0,6.0,52.0,4.0,0.0,132.0,2.0,1.0,0
931,2015,6,Monaco Grand Prix,815,Sergio,Pérez,10,Force India,7.0,7.0,5.0,13.0,0.0,11.0,8.0,0.0,0
931,2015,6,Monaco Grand Prix,18,Jenson,Button,1,McLaren,10.0,12.0,0.0,17.0,0.0,0.0,9.0,0.0,0
931,2015,6,Monaco Grand Prix,831,Felipe,Nasr,15,Sauber,14.0,16.0,14.0,9.0,0.0,19.0,5.0,0.0,0
931,2015,6,Monaco Grand Prix,832,Carlos,Sainz,5,Toro Rosso,0.0,8.0,8.0,10.0,0.0,14.0,7.0,0.0,0
931,2015,6,Monaco Grand Prix,807,Nico,Hülkenberg,10,Force India,11.0,13.0,6.0,12.0,0.0,11.0,8.0,0.0,0
931,2015,6,Monaco Grand Prix,154,Romain,Grosjean,208,Lotus F1,15.0,11.0,16.0,8.0,0.0,16.0,6.0,0.0,0
931,2015,6,Monaco Grand Prix,828,Marcus,Ericsson,15,Sauber,17.0,18.0,5.0,14.0,0.0,19.0,5.0,0.0,0
931,2015,6,Monaco Grand Prix,822,Valtteri,Bottas,3,Williams,16.0,17.0,42.0,5.0,0.0,81.0,3.0,0.0,0
931,2015,6,Monaco Grand Prix,13,Felipe,Massa,3,Williams,12.0,14.0,39.0,6.0,0.0,81.0,3.0,0.0,0
931,2015,6,Monaco Grand Prix,833,Roberto,Merhi,209,Manor Marussia,19.0,20.0,0.0,18.0,0.0,0.0,10.0,0.0,0
931,2015,6,Monaco Grand Prix,829,Will,Stevens,209,Manor Marussia,18.0,19.0,0.0,19.0,0.0,0.0,10.0,0.0,0
931,2015,6,Monaco Grand Prix,830,Max,Verstappen,5,Toro Rosso,9.0,10.0,6.0,11.0,0.0,14.0,7.0,0.0,0
931,2015,6,Monaco Grand Prix,4,Fernando,Alonso,1,McLaren,13.0,15.0,0.0,16.0,0.0,0.0,9.0,0.0,0
931,2015,6,Monaco Grand Prix,813,Pastor,Maldonado,208,Lotus F1,8.0,9.0,0.0,20.0,0.0,16.0,6.0,0.0,0
932,2015,7,Canadian Grand Prix,1,Lewis,Hamilton,131,Mercedes,1.0,1.0,126.0,1.0,3.0,242.0,1.0,5.0,1
932,2015,7,Canadian Grand Prix,3,Nico,Rosberg,131,Mercedes,2.0,2.0,116.0,2.0,2.0,242.0,1.0,5.0,1
932,2015,7,Canadian Grand Prix,822,Valtteri,Bottas,3,Williams,4.0,4.0,42.0,5.0,0.0,81.0,3.0,0.0,1
932,2015,7,Canadian Grand Prix,8,Kimi,Räikkönen,6,Ferrari,3.0,3.0,60.0,4.0,0.0,158.0,2.0,1.0,0
932,2015,7,Canadian Grand Prix,20,Sebastian,Vettel,6,Ferrari,18.0,16.0,98.0,3.0,1.0,158.0,2.0,1.0,0
932,2015,7,Canadian Grand Prix,13,Felipe,Massa,3,Williams,15.0,17.0,39.0,6.0,0.0,81.0,3.0,0.0,0
932,2015,7,Canadian Grand Prix,813,Pastor,Maldonado,208,Lotus F1,6.0,6.0,0.0,20.0,0.0,16.0,7.0,0.0,0
932,2015,7,Canadian Grand Prix,807,Nico,Hülkenberg,10,Force India,7.0,7.0,6.0,13.0,0.0,17.0,6.0,0.0,0
932,2015,7,Canadian Grand Prix,826,Daniil,Kvyat,9,Red Bull,8.0,8.0,17.0,8.0,0.0,52.0,4.0,0.0,0
932,2015,7,Canadian Grand Prix,154,Romain,Grosjean,208,Lotus F1,5.0,5.0,16.0,10.0,0.0,16.0,7.0,0.0,0
932,2015,7,Canadian Grand Prix,815,Sergio,Pérez,10,Force India,10.0,10.0,11.0,11.0,0.0,17.0,6.0,0.0,0
932,2015,7,Canadian Grand Prix,832,Carlos,Sainz,5,Toro Rosso,11.0,11.0,9.0,12.0,0.0,15.0,8.0,0.0,0
932,2015,7,Canadian Grand Prix,817,Daniel,Ricciardo,9,Red Bull,9.0,9.0,35.0,7.0,0.0,52.0,4.0,0.0,0
932,2015,7,Canadian Grand Prix,828,Marcus,Ericsson,15,Sauber,12.0,13.0,5.0,15.0,0.0,21.0,5.0,0.0,0
932,2015,7,Canadian Grand Prix,830,Max,Verstappen,5,Toro Rosso,19.0,12.0,6.0,14.0,0.0,15.0,8.0,0.0,0
932,2015,7,Canadian Grand Prix,831,Felipe,Nasr,15,Sauber,14.0,15.0,16.0,9.0,0.0,21.0,5.0,0.0,0
932,2015,7,Canadian Grand Prix,829,Will,Stevens,209,Manor Marussia,17.0,19.0,0.0,19.0,0.0,0.0,10.0,0.0,0
932,2015,7,Canadian Grand Prix,833,Roberto,Merhi,209,Manor Marussia,16.0,18.0,0.0,18.0,0.0,0.0,10.0,0.0,0
932,2015,7,Canadian Grand Prix,18,Jenson,Button,1,McLaren,20.0,25.0,4.0,16.0,0.0,4.0,9.0,0.0,0
932,2015,7,Canadian Grand Prix,4,Fernando,Alonso,1,McLaren,13.0,14.0,0.0,17.0,0.0,4.0,9.0,0.0,0
933,2015,8,Austrian Grand Prix,3,Nico,Rosberg,131,Mercedes,2.0,2.0,134.0,2.0,2.0,285.0,1.0,6.0,1
933,2015,8,Austrian Grand Prix,1,Lewis,Hamilton,131,Mercedes,1.0,1.0,151.0,1.0,4.0,285.0,1.0,6.0,1
933,2015,8,Austrian Grand Prix,13,Felipe,Massa,3,Williams,4.0,4.0,47.0,6.0,0.0,104.0,3.0,0.0,1
933,2015,8,Austrian Grand Prix,20,Sebastian,Vettel,6,Ferrari,3.0,3.0,108.0,3.0,1.0,180.0,2.0,1.0,0
933,2015,8,Austrian Grand Prix,822,Valtteri,Bottas,3,Williams,6.0,6.0,57.0,5.0,0.0,104.0,3.0,0.0,0
933,2015,8,Austrian Grand Prix,807,Nico,Hülkenberg,10,Force India,5.0,5.0,10.0,12.0,0.0,21.0,7.0,0.0,0
933,2015,8,Austrian Grand Prix,813,Pastor,Maldonado,208,Lotus F1,10.0,11.0,6.0,15.0,0.0,23.0,5.0,0.0,0
933,2015,8,Austrian Grand Prix,830,Max,Verstappen,5,Toro Rosso,7.0,7.0,6.0,14.0,0.0,15.0,8.0,0.0,0
933,2015,8,Austrian Grand Prix,815,Sergio,Pérez,10,Force India,13.0,16.0,11.0,11.0,0.0,21.0,7.0,0.0,0
933,2015,8,Austrian Grand Prix,817,Daniel,Ricciardo,9,Red Bull,18.0,14.0,35.0,7.0,0.0,54.0,4.0,0.0,0
933,2015,8,Austrian Grand Prix,831,Felipe,Nasr,15,Sauber,8.0,9.0,16.0,10.0,0.0,21.0,6.0,0.0,0
933,2015,8,Austrian Grand Prix,826,Daniil,Kvyat,9,Red Bull,15.0,8.0,19.0,8.0,0.0,54.0,4.0,0.0,0
933,2015,8,Austrian Grand Prix,828,Marcus,Ericsson,15,Sauber,11.0,12.0,5.0,16.0,0.0,21.0,6.0,0.0,0
933,2015,8,Austrian Grand Prix,833,Roberto,Merhi,209,Manor Marussia,16.0,19.0,0.0,19.0,0.0,0.0,10.0,0.0,0
933,2015,8,Austrian Grand Prix,154,Romain,Grosjean,208,Lotus F1,9.0,10.0,17.0,9.0,0.0,23.0,5.0,0.0,0
933,2015,8,Austrian Grand Prix,832,Carlos,Sainz,5,Toro Rosso,12.0,13.0,9.0,13.0,0.0,15.0,8.0,0.0,0
933,2015,8,Austrian Grand Prix,18,Jenson,Button,1,McLaren,20.0,17.0,4.0,17.0,0.0,4.0,9.0,0.0,0
933,2015,8,Austrian Grand Prix,829,Will,Stevens,209,Manor Marussia,17.0,20.0,0.0,20.0,0.0,0.0,10.0,0.0,0
933,2015,8,Austrian Grand Prix,8,Kimi,Räikkönen,6,Ferrari,14.0,18.0,72.0,4.0,0.0,180.0,2.0,1.0,0
933,2015,8,Austrian Grand Prix,4,Fernando,Alonso,1,McLaren,19.0,15.0,0.0,18.0,0.0,4.0,9.0,0.0,0
934,2015,9,British Grand Prix,1,Lewis,Hamilton,131,Mercedes,1.0,1.0,169.0,1.0,4.0,328.0,1.0,7.0,1
934,2015,9,British Grand Prix,3,Nico,Rosberg,131,Mercedes,2.0,2.0,159.0,2.0,3.0,328.0,1.0,7.0,1
934,2015,9,British Grand Prix,20,Sebastian,Vettel,6,Ferrari,6.0,6.0,120.0,3.0,1.0,192.0,2.0,1.0,1
934,2015,9,British Grand Prix,13,Felipe,Massa,3,Williams,3.0,3.0,62.0,6.0,0.0,129.0,3.0,0.0,0
934,2015,9,British Grand Prix,822,Valtteri,Bottas,3,Williams,4.0,4.0,67.0,5.0,0.0,129.0,3.0,0.0,0
934,2015,9,British Grand Prix,826,Daniil,Kvyat,9,Red Bull,7.0,7.0,19.0,8.0,0.0,55.0,4.0,0.0,0
934,2015,9,British Grand Prix,807,Nico,Hülkenberg,10,Force India,9.0,9.0,18.0,9.0,0.0,31.0,5.0,0.0,0
934,2015,9,British Grand Prix,8,Kimi,Räikkönen,6,Ferrari,5.0,5.0,72.0,4.0,0.0,192.0,2.0,1.0,0
934,2015,9,British Grand Prix,815,Sergio,Pérez,10,Force India,11.0,11.0,13.0,12.0,0.0,31.0,5.0,0.0,0
934,2015,9,British Grand Prix,4,Fernando,Alonso,1,McLaren,17.0,17.0,0.0,18.0,0.0,4.0,9.0,0.0,0
934,2015,9,British Grand Prix,828,Marcus,Ericsson,15,Sauber,15.0,15.0,5.0,16.0,0.0,21.0,7.0,0.0,0
934,2015,9,British Grand Prix,833,Roberto,Merhi,209,Manor Marussia,20.0,20.0,0.0,19.0,0.0,0.0,10.0,0.0,0
934,2015,9,British Grand Prix,829,Will,Stevens,209,Manor Marussia,19.0,19.0,0.0,20.0,0.0,0.0,10.0,0.0,0
934,2015,9,British Grand Prix,832,Carlos,Sainz,5,Toro Rosso,8.0,8.0,9.0,15.0,0.0,19.0,8.0,0.0,0
934,2015,9,British Grand Prix,817,Daniel,Ricciardo,9,Red Bull,10.0,10.0,36.0,7.0,0.0,55.0,4.0,0.0,0
934,2015,9,British Grand Prix,830,Max,Verstappen,5,Toro Rosso,13.0,13.0,10.0,14.0,0.0,19.0,8.0,0.0,0
934,2015,9,British Grand Prix,813,Pastor,Maldonado,208,Lotus F1,14.0,14.0,12.0,13.0,0.0,29.0,6.0,0.0,0
934,2015,9,British Grand Prix,18,Jenson,Button,1,McLaren,18.0,18.0,4.0,17.0,0.0,4.0,9.0,0.0,0
934,2015,9,British Grand Prix,154,Romain,Grosjean,208,Lotus F1,12.0,12.0,17.0,10.0,0.0,29.0,6.0,0.0,0
934,2015,9,British Grand Prix,831,Felipe,Nasr,15,Sauber,16.0,16.0,16.0,11.0,0.0,21.0,7.0,0.0,0
936,2015,10,Hungarian Grand Prix,20,Sebastian,Vettel,6,Ferrari,3.0,3.0,135.0,3.0,1.0,211.0,2.0,1.0,1
936,2015,10,Hungarian Grand Prix,826,Daniil,Kvyat,9,Red Bull,7.0,7.0,27.0,8.0,0.0,63.0,4.0,0.0,1
936,2015,10,Hungarian Grand Prix,817,Daniel,Ricciardo,9,Red Bull,4.0,4.0,36.0,7.0,0.0,63.0,4.0,0.0,1
936,2015,10,Hungarian Grand Prix,830,Max,Verstappen,5,Toro Rosso,9.0,9.0,10.0,14.0,0.0,19.0,8.0,0.0,0
936,2015,10,Hungarian Grand Prix,4,Fernando,Alonso,1,McLaren,15.0,15.0,1.0,18.0,0.0,5.0,9.0,0.0,0
936,2015,10,Hungarian Grand Prix,1,Lewis,Hamilton,131,Mercedes,1.0,1.0,194.0,1.0,5.0,371.0,1.0,8.0,0
936,2015,10,Hungarian Grand Prix,154,Romain,Grosjean,208,Lotus F1,10.0,10.0,17.0,10.0,0.0,29.0,6.0,0.0,0
936,2015,10,Hungarian Grand Prix,3,Nico,Rosberg,131,Mercedes,2.0,2.0,177.0,2.0,3.0,371.0,1.0,8.0,0
936,2015,10,Hungarian Grand Prix,18,Jenson,Button,1,McLaren,16.0,16.0,4.0,17.0,0.0,5.0,9.0,0.0,0
936,2015,10,Hungarian Grand Prix,828,Marcus,Ericsson,15,Sauber,17.0,17.0,5.0,16.0,0.0,21.0,7.0,0.0,0
936,2015,10,Hungarian Grand Prix,831,Felipe,Nasr,15,Sauber,18.0,18.0,16.0,11.0,0.0,21.0,7.0,0.0,0
936,2015,10,Hungarian Grand Prix,13,Felipe,Massa,3,Williams,8.0,8.0,74.0,6.0,0.0,151.0,3.0,0.0,0
936,2015,10,Hungarian Grand Prix,822,Valtteri,Bottas,3,Williams,6.0,6.0,77.0,4.0,0.0,151.0,3.0,0.0,0
936,2015,10,Hungarian Grand Prix,813,Pastor,Maldonado,208,Lotus F1,14.0,14.0,12.0,13.0,0.0,29.0,6.0,0.0,0
936,2015,10,Hungarian Grand Prix,833,Roberto,Merhi,209,Manor Marussia,19.0,19.0,0.0,19.0,0.0,0.0,10.0,0.0,0
936,2015,10,Hungarian Grand Prix,829,Will,Stevens,209,Manor Marussia,20.0,20.0,0.0,20.0,0.0,0.0,10.0,0.0,0
936,2015,10,Hungarian Grand Prix,832,Carlos,Sainz,5,Toro Rosso,12.0,12.0,9.0,15.0,0.0,19.0,8.0,0.0,0
936,2015,10,Hungarian Grand Prix,8,Kimi,Räikkönen,6,Ferrari,5.0,5.0,76.0,5.0,0.0,211.0,2.0,1.0,0
936,2015,10,Hungarian Grand Prix,815,Sergio,Pérez,10,Force India,13.0,13.0,15.0,12.0,0.0,39.0,5.0,0.0,0
936,2015,10,Hungarian Grand Prix,807,Nico,Hülkenberg,10,Force India,11.0,11.0,24.0,9.0,0.0,39.0,5.0,0.0,0
937,2015,11,Belgian Grand Prix,1,Lewis,Hamilton,131,Mercedes,1.0,1.0,202.0,1.0,5.0,383.0,1.0,8.0,1
937,2015,11,Belgian Grand Prix,3,Nico,Rosberg,131,Mercedes,2.0,2.0,181.0,2.0,3.0,383.0,1.0,8.0,1
937,2015,11,Belgian Grand Prix,154,Romain,Grosjean,208,Lotus F1,9.0,4.0,23.0,10.0,0.0,35.0,6.0,0.0,1
937,2015,11,Belgian Grand Prix,826,Daniil,Kvyat,9,Red Bull,12.0,12.0,45.0,8.0,0.0,96.0,4.0,0.0,0
937,2015,11,Belgian Grand Prix,815,Sergio,Pérez,10,Force India,4.0,5.0,15.0,13.0,0.0,39.0,5.0,0.0,0
937,2015,11,Belgian Grand Prix,13,Felipe,Massa,3,Williams,6.0,7.0,74.0,6.0,0.0,151.0,3.0,0.0,0
937,2015,11,Belgian Grand Prix,8,Kimi,Räikkönen,6,Ferrari,16.0,14.0,76.0,5.0,0.0,236.0,2.0,2.0,0
937,2015,11,Belgian Grand Prix,830,Max,Verstappen,5,Toro Rosso,18.0,15.0,22.0,11.0,0.0,31.0,7.0,0.0,0
937,2015,11,Belgian Grand Prix,822,Valtteri,Bottas,3,Williams,3.0,3.0,77.0,4.0,0.0,151.0,3.0,0.0,0
937,2015,11,Belgian Grand Prix,828,Marcus,Ericsson,15,Sauber,13.0,13.0,6.0,18.0,0.0,22.0,8.0,0.0,0
937,2015,11,Belgian Grand Prix,831,Felipe,Nasr,15,Sauber,14.0,16.0,16.0,12.0,0.0,22.0,8.0,0.0,0
937,2015,11,Belgian Grand Prix,20,Sebastian,Vettel,6,Ferrari,8.0,9.0,160.0,3.0,2.0,236.0,2.0,2.0,0
937,2015,11,Belgian Grand Prix,4,Fernando,Alonso,1,McLaren,20.0,18.0,11.0,15.0,0.0,17.0,9.0,0.0,0
937,2015,11,Belgian Grand Prix,18,Jenson,Button,1,McLaren,19.0,17.0,6.0,17.0,0.0,17.0,9.0,0.0,0
937,2015,11,Belgian Grand Prix,833,Roberto,Merhi,209,Manor Marussia,17.0,20.0,0.0,19.0,0.0,0.0,10.0,0.0,0
937,2015,11,Belgian Grand Prix,829,Will,Stevens,209,Manor Marussia,15.0,19.0,0.0,20.0,0.0,0.0,10.0,0.0,0
937,2015,11,Belgian Grand Prix,832,Carlos,Sainz,5,Toro Rosso,10.0,10.0,9.0,16.0,0.0,31.0,7.0,0.0,0
937,2015,11,Belgian Grand Prix,817,Daniel,Ricciardo,9,Red Bull,5.0,6.0,51.0,7.0,0.0,96.0,4.0,0.0,0
937,2015,11,Belgian Grand Prix,813,Pastor,Maldonado,208,Lotus F1,7.0,8.0,12.0,14.0,0.0,35.0,6.0,0.0,0
937,2015,11,Belgian Grand Prix,807,Nico,Hülkenberg,10,Force India,11.0,11.0,24.0,9.0,0.0,39.0,5.0,0.0,0
938,2015,12,Italian Grand Prix,1,Lewis,Hamilton,131,Mercedes,1.0,1.0,227.0,1.0,6.0,426.0,1.0,9.0,1
938,2015,12,Italian Grand Prix,20,Sebastian,Vettel,6,Ferrari,3.0,3.0,160.0,3.0,2.0,242.0,2.0,2.0,1
938,2015,12,Italian Grand Prix,13,Felipe,Massa,3,Williams,5.0,5.0,82.0,5.0,0.0,161.0,3.0,0.0,1
938,2015,12,Italian Grand Prix,822,Valtteri,Bottas,3,Williams,6.0,6.0,79.0,6.0,0.0,161.0,3.0,0.0,0
938,2015,12,Italian Grand Prix,8,Kimi,Räikkönen,6,Ferrari,2.0,2.0,82.0,4.0,0.0,242.0,2.0,2.0,0
938,2015,12,Italian Grand Prix,815,Sergio,Pérez,10,Force India,7.0,7.0,25.0,11.0,0.0,49.0,6.0,0.0,0
938,2015,12,Italian Grand Prix,807,Nico,Hülkenberg,10,Force India,9.0,9.0,24.0,12.0,0.0,49.0,6.0,0.0,0
938,2015,12,Italian Grand Prix,817,Daniel,Ricciardo,9,Red Bull,19.0,15.0,51.0,8.0,0.0,108.0,4.0,0.0,0
938,2015,12,Italian Grand Prix,828,Marcus,Ericsson,15,Sauber,12.0,10.0,7.0,17.0,0.0,23.0,8.0,0.0,0
938,2015,12,Italian Grand Prix,826,Daniil,Kvyat,9,Red Bull,18.0,14.0,57.0,7.0,0.0,108.0,4.0,0.0,0
938,2015,12,Italian Grand Prix,832,Carlos,Sainz,5,Toro Rosso,17.0,13.0,9.0,16.0,0.0,35.0,7.0,0.0,0
938,2015,12,Italian Grand Prix,830,Max,Verstappen,5,Toro Rosso,20.0,20.0,26.0,10.0,0.0,35.0,7.0,0.0,0
938,2015,12,Italian Grand Prix,831,Felipe,Nasr,15,Sauber,17.0,12.0,16.0,13.0,0.0,23.0,8.0,0.0,0
938,2015,12,Italian Grand Prix,18,Jenson,Button,1,McLaren,15.0,16.0,6.0,18.0,0.0,17.0,9.0,0.0,0
938,2015,12,Italian Grand Prix,829,Will,Stevens,209,Manor Marussia,13.0,18.0,0.0,20.0,0.0,0.0,10.0,0.0,0
938,2015,12,Italian Grand Prix,833,Roberto,Merhi,209,Manor Marussia,14.0,19.0,0.0,19.0,0.0,0.0,10.0,0.0,0
938,2015,12,Italian Grand Prix,3,Nico,Rosberg,131,Mercedes,4.0,4.0,199.0,2.0,3.0,426.0,1.0,9.0,0
938,2015,12,Italian Grand Prix,4,Fernando,Alonso,1,McLaren,16.0,17.0,11.0,15.0,0.0,17.0,9.0,0.0,0
938,2015,12,Italian Grand Prix,154,Romain,Grosjean,208,Lotus F1,8.0,8.0,38.0,9.0,0.0,50.0,5.0,0.0,0
938,2015,12,Italian Grand Prix,813,Pastor,Maldonado,208,Lotus F1,10.0,11.0,12.0,14.0,0.0,50.0,5.0,0.0,0
939,2015,13,Singapore Grand Prix,20,Sebastian,Vettel,6,Ferrari,1.0,1.0,178.0,3.0,2.0,270.0,2.0,2.0,1
939,2015,13,Singapore Grand Prix,817,Daniel,Ricciardo,9,Red Bull,2.0,2.0,55.0,8.0,0.0,113.0,4.0,0.0,1
939,2015,13,Singapore Grand Prix,8,Kimi,Räikkönen,6,Ferrari,3.0,3.0,92.0,5.0,0.0,270.0,2.0,2.0,1
939,2015,13,Singapore Grand Prix,3,Nico,Rosberg,131,Mercedes,6.0,6.0,199.0,2.0,3.0,451.0,1.0,10.0,0
939,2015,13,Singapore Grand Prix,822,Valtteri,Bottas,3,Williams,7.0,7.0,91.0,6.0,0.0,188.0,3.0,0.0,0
939,2015,13,Singapore Grand Prix,826,Daniil,Kvyat,9,Red Bull,4.0,4.0,58.0,7.0,0.0,113.0,4.0,0.0,0
939,2015,13,Singapore Grand Prix,815,Sergio,Pérez,10,Force India,13.0,13.0,33.0,10.0,0.0,63.0,5.0,0.0,0
939,2015,13,Singapore Grand Prix,830,Max,Verstappen,5,Toro Rosso,8.0,8.0,26.0,12.0,0.0,35.0,7.0,0.0,0
939,2015,13,Singapore Grand Prix,832,Carlos,Sainz,5,Toro Rosso,14.0,14.0,9.0,16.0,0.0,35.0,7.0,0.0,0
939,2015,13,Singapore Grand Prix,831,Felipe,Nasr,15,Sauber,16.0,16.0,16.0,13.0,0.0,25.0,8.0,0.0,0
939,2015,13,Singapore Grand Prix,828,Marcus,Ericsson,15,Sauber,17.0,17.0,9.0,17.0,0.0,25.0,8.0,0.0,0
939,2015,13,Singapore Grand Prix,813,Pastor,Maldonado,208,Lotus F1,18.0,18.0,12.0,14.0,0.0,50.0,6.0,0.0,0
939,2015,13,Singapore Grand Prix,154,Romain,Grosjean,208,Lotus F1,10.0,10.0,38.0,9.0,0.0,50.0,6.0,0.0,0
939,2015,13,Singapore Grand Prix,834,Alexander,Rossi,209,Manor Marussia,20.0,20.0,0.0,28.0,0.0,0.0,10.0,0.0,0
939,2015,13,Singapore Grand Prix,829,Will,Stevens,209,Manor Marussia,19.0,19.0,0.0,20.0,0.0,0.0,10.0,0.0,0
939,2015,13,Singapore Grand Prix,18,Jenson,Button,1,McLaren,15.0,15.0,6.0,18.0,0.0,17.0,9.0,0.0,0
939,2015,13,Singapore Grand Prix,4,Fernando,Alonso,1,McLaren,12.0,12.0,11.0,15.0,0.0,17.0,9.0,0.0,0
939,2015,13,Singapore Grand Prix,1,Lewis,Hamilton,131,Mercedes,5.0,5.0,252.0,1.0,7.0,451.0,1.0,10.0,0
939,2015,13,Singapore Grand Prix,13,Felipe,Massa,3,Williams,9.0,9.0,97.0,4.0,0.0,188.0,3.0,0.0,0
939,2015,13,Singapore Grand Prix,807,Nico,Hülkenberg,10,Force India,11.0,11.0,30.0,11.0,0.0,63.0,5.0,0.0,0
940,2015,14,Japanese Grand Prix,1,Lewis,Hamilton,131,Mercedes,2.0,2.0,252.0,1.0,7.0,463.0,1.0,10.0,1
940,2015,14,Japanese Grand Prix,3,Nico,Rosberg,131,Mercedes,1.0,1.0,211.0,2.0,3.0,463.0,1.0,10.0,1
940,2015,14,Japanese Grand Prix,20,Sebastian,Vettel,6,Ferrari,4.0,4.0,203.0,3.0,3.0,310.0,2.0,3.0,1
940,2015,14,Japanese Grand Prix,8,Kimi,Räikkönen,6,Ferrari,6.0,6.0,107.0,4.0,0.0,310.0,2.0,3.0,0
940,2015,14,Japanese Grand Prix,822,Valtteri,Bottas,3,Williams,3.0,3.0,101.0,5.0,0.0,198.0,3.0,0.0,0
940,2015,14,Japanese Grand Prix,807,Nico,Hülkenberg,10,Force India,13.0,11.0,30.0,12.0,0.0,69.0,5.0,0.0,0
940,2015,14,Japanese Grand Prix,154,Romain,Grosjean,208,Lotus F1,8.0,8.0,38.0,10.0,0.0,50.0,6.0,0.0,0
940,2015,14,Japanese Grand Prix,813,Pastor,Maldonado,208,Lotus F1,11.0,13.0,12.0,14.0,0.0,50.0,6.0,0.0,0
940,2015,14,Japanese Grand Prix,830,Max,Verstappen,5,Toro Rosso,17.0,15.0,30.0,11.0,0.0,41.0,7.0,0.0,0
940,2015,14,Japanese Grand Prix,832,Carlos,Sainz,5,Toro Rosso,10.0,12.0,11.0,16.0,0.0,41.0,7.0,0.0,0
940,2015,14,Japanese Grand Prix,4,Fernando,Alonso,1,McLaren,12.0,14.0,11.0,15.0,0.0,17.0,9.0,0.0,0
940,2015,14,Japanese Grand Prix,815,Sergio,Pérez,10,Force India,9.0,9.0,39.0,9.0,0.0,69.0,5.0,0.0,0
940,2015,14,Japanese Grand Prix,826,Daniil,Kvyat,9,Red Bull,20.0,10.0,66.0,8.0,0.0,139.0,4.0,0.0,0
940,2015,14,Japanese Grand Prix,828,Marcus,Ericsson,15,Sauber,15.0,17.0,9.0,17.0,0.0,26.0,8.0,0.0,0
940,2015,14,Japanese Grand Prix,817,Daniel,Ricciardo,9,Red Bull,7.0,7.0,73.0,7.0,0.0,139.0,4.0,0.0,0
940,2015,14,Japanese Grand Prix,18,Jenson,Button,1,McLaren,14.0,16.0,6.0,18.0,0.0,17.0,9.0,0.0,0
940,2015,14,Japanese Grand Prix,13,Felipe,Massa,3,Williams,5.0,5.0,97.0,6.0,0.0,198.0,3.0,0.0,0
940,2015,14,Japanese Grand Prix,834,Alexander,Rossi,209,Manor Marussia,19.0,20.0,0.0,21.0,0.0,0.0,10.0,0.0,0
940,2015,14,Japanese Grand Prix,829,Will,Stevens,209,Manor Marussia,18.0,19.0,0.0,20.0,0.0,0.0,10.0,0.0,0
940,2015,14,Japanese Grand Prix,831,Felipe,Nasr,15,Sauber,16.0,18.0,17.0,13.0,0.0,26.0,8.0,0.0,0
941,2015,15,Russian Grand Prix,1,Lewis,Hamilton,131,Mercedes,2.0,2.0,277.0,1.0,8.0,506.0,1.0,11.0,1
941,2015,15,Russian Grand Prix,20,Sebastian,Vettel,6,Ferrari,4.0,4.0,218.0,3.0,3.0,337.0,2.0,3.0,1
941,2015,15,Russian Grand Prix,815,Sergio,Pérez,10,Force India,7.0,7.0,39.0,10.0,0.0,77.0,5.0,0.0,1
941,2015,15,Russian Grand Prix,13,Felipe,Massa,3,Williams,15.0,15.0,97.0,6.0,0.0,208.0,3.0,0.0,0
941,2015,15,Russian Grand Prix,8,Kimi,Räikkönen,6,Ferrari,5.0,5.0,119.0,4.0,0.0,337.0,2.0,3.0,0
941,2015,15,Russian Grand Prix,831,Felipe,Nasr,15,Sauber,12.0,12.0,17.0,13.0,0.0,26.0,8.0,0.0,0
941,2015,15,Russian Grand Prix,813,Pastor,Maldonado,208,Lotus F1,14.0,14.0,16.0,14.0,0.0,60.0,6.0,0.0,0
941,2015,15,Russian Grand Prix,18,Jenson,Button,1,McLaren,13.0,13.0,6.0,18.0,0.0,17.0,9.0,0.0,0
941,2015,15,Russian Grand Prix,830,Max,Verstappen,5,Toro Rosso,9.0,9.0,32.0,12.0,0.0,44.0,7.0,0.0,0
941,2015,15,Russian Grand Prix,4,Fernando,Alonso,1,McLaren,19.0,16.0,11.0,16.0,0.0,17.0,9.0,0.0,0
941,2015,15,Russian Grand Prix,822,Valtteri,Bottas,3,Williams,3.0,3.0,111.0,5.0,0.0,208.0,3.0,0.0,0
941,2015,15,Russian Grand Prix,833,Roberto,Merhi,209,Manor Marussia,18.0,19.0,0.0,19.0,0.0,0.0,10.0,0.0,0
941,2015,15,Russian Grand Prix,829,Will,Stevens,209,Manor Marussia,17.0,18.0,0.0,20.0,0.0,0.0,10.0,0.0,0
941,2015,15,Russian Grand Prix,817,Daniel,Ricciardo,9,Red Bull,10.0,10.0,73.0,7.0,0.0,139.0,4.0,0.0,0
941,2015,15,Russian Grand Prix,832,Carlos,Sainz,5,Toro Rosso,20.0,25.0,12.0,15.0,0.0,44.0,7.0,0.0,0
941,2015,15,Russian Grand Prix,154,Romain,Grosjean,208,Lotus F1,8.0,8.0,44.0,9.0,0.0,60.0,6.0,0.0,0
941,2015,15,Russian Grand Prix,3,Nico,Rosberg,131,Mercedes,1.0,1.0,229.0,2.0,3.0,506.0,1.0,11.0,0
941,2015,15,Russian Grand Prix,807,Nico,Hülkenberg,10,Force India,6.0,6.0,38.0,11.0,0.0,77.0,5.0,0.0,0
941,2015,15,Russian Grand Prix,828,Marcus,Ericsson,15,Sauber,17.0,17.0,9.0,17.0,0.0,26.0,8.0,0.0,0
942,2015,16,United States Grand Prix,1,Lewis,Hamilton,131,Mercedes,2.0,2.0,302.0,1.0,9.0,531.0,1.0,12.0,1
941,2015,15,Russian Grand Prix,826,Daniil,Kvyat,9,Red Bull,11.0,11.0,66.0,8.0,0.0,139.0,4.0,0.0,0
942,2015,16,United States Grand Prix,3,Nico,Rosberg,131,Mercedes,1.0,1.0,229.0,3.0,3.0,531.0,1.0,12.0,1
942,2015,16,United States Grand Prix,20,Sebastian,Vettel,6,Ferrari,13.0,5.0,236.0,2.0,3.0,359.0,2.0,3.0,1
942,2015,16,United States Grand Prix,830,Max,Verstappen,5,Toro Rosso,8.0,10.0,33.0,12.0,0.0,45.0,7.0,0.0,0
942,2015,16,United States Grand Prix,815,Sergio,Pérez,10,Force India,5.0,6.0,54.0,9.0,0.0,92.0,5.0,0.0,0
942,2015,16,United States Grand Prix,18,Jenson,Button,1,McLaren,11.0,14.0,8.0,18.0,0.0,19.0,9.0,0.0,0
942,2015,16,United States Grand Prix,832,Carlos,Sainz,5,Toro Rosso,20.0,20.0,12.0,15.0,0.0,45.0,7.0,0.0,0
942,2015,16,United States Grand Prix,813,Pastor,Maldonado,208,Lotus F1,12.0,15.0,22.0,14.0,0.0,66.0,6.0,0.0,0
942,2015,16,United States Grand Prix,831,Felipe,Nasr,15,Sauber,15.0,17.0,25.0,13.0,0.0,34.0,8.0,0.0,0
942,2015,16,United States Grand Prix,817,Daniel,Ricciardo,9,Red Bull,3.0,3.0,73.0,8.0,0.0,149.0,4.0,0.0,0
942,2015,16,United States Grand Prix,4,Fernando,Alonso,1,McLaren,9.0,11.0,11.0,16.0,0.0,19.0,9.0,0.0,0
942,2015,16,United States Grand Prix,834,Alexander,Rossi,209,Manor Marussia,17.0,18.0,0.0,21.0,0.0,0.0,10.0,0.0,0
942,2015,16,United States Grand Prix,826,Daniil,Kvyat,9,Red Bull,4.0,4.0,76.0,7.0,0.0,149.0,4.0,0.0,0
942,2015,16,United States Grand Prix,807,Nico,Hülkenberg,10,Force India,6.0,7.0,38.0,11.0,0.0,92.0,5.0,0.0,0
942,2015,16,United States Grand Prix,828,Marcus,Ericsson,15,Sauber,14.0,16.0,9.0,17.0,0.0,34.0,8.0,0.0,0
942,2015,16,United States Grand Prix,8,Kimi,Räikkönen,6,Ferrari,18.0,8.0,123.0,4.0,0.0,359.0,2.0,3.0,0
942,2015,16,United States Grand Prix,13,Felipe,Massa,3,Williams,7.0,9.0,109.0,6.0,0.0,220.0,3.0,0.0,0
942,2015,16,United States Grand Prix,154,Romain,Grosjean,208,Lotus F1,10.0,13.0,44.0,10.0,0.0,66.0,6.0,0.0,0
942,2015,16,United States Grand Prix,822,Valtteri,Bottas,3,Williams,16.0,12.0,111.0,5.0,0.0,220.0,3.0,0.0,0
942,2015,16,United States Grand Prix,829,Will,Stevens,209,Manor Marussia,19.0,19.0,0.0,20.0,0.0,0.0,10.0,0.0,0
943,2015,17,Mexican Grand Prix,3,Nico,Rosberg,131,Mercedes,1.0,1.0,247.0,3.0,3.0,574.0,1.0,13.0,1
943,2015,17,Mexican Grand Prix,1,Lewis,Hamilton,131,Mercedes,2.0,2.0,327.0,1.0,10.0,574.0,1.0,13.0,1
943,2015,17,Mexican Grand Prix,822,Valtteri,Bottas,3,Williams,6.0,6.0,111.0,5.0,0.0,220.0,3.0,0.0,1
943,2015,17,Mexican Grand Prix,826,Daniil,Kvyat,9,Red Bull,4.0,4.0,76.0,7.0,0.0,150.0,4.0,0.0,0
943,2015,17,Mexican Grand Prix,817,Daniel,Ricciardo,9,Red Bull,5.0,5.0,74.0,8.0,0.0,150.0,4.0,0.0,0
943,2015,17,Mexican Grand Prix,13,Felipe,Massa,3,Williams,7.0,7.0,109.0,6.0,0.0,220.0,3.0,0.0,0
943,2015,17,Mexican Grand Prix,807,Nico,Hülkenberg,10,Force India,10.0,10.0,38.0,12.0,0.0,102.0,5.0,0.0,0
943,2015,17,Mexican Grand Prix,815,Sergio,Pérez,10,Force India,9.0,9.0,64.0,9.0,0.0,102.0,5.0,0.0,0
943,2015,17,Mexican Grand Prix,830,Max,Verstappen,5,Toro Rosso,8.0,8.0,45.0,10.0,0.0,63.0,7.0,0.0,0
943,2015,17,Mexican Grand Prix,154,Romain,Grosjean,208,Lotus F1,12.0,12.0,44.0,11.0,0.0,70.0,6.0,0.0,0
943,2015,17,Mexican Grand Prix,813,Pastor,Maldonado,208,Lotus F1,13.0,13.0,26.0,14.0,0.0,70.0,6.0,0.0,0
943,2015,17,Mexican Grand Prix,828,Marcus,Ericsson,15,Sauber,14.0,14.0,9.0,18.0,0.0,36.0,8.0,0.0,0
943,2015,17,Mexican Grand Prix,832,Carlos,Sainz,5,Toro Rosso,11.0,11.0,18.0,15.0,0.0,63.0,7.0,0.0,0
943,2015,17,Mexican Grand Prix,18,Jenson,Button,1,McLaren,20.0,20.0,16.0,16.0,0.0,27.0,9.0,0.0,0
943,2015,17,Mexican Grand Prix,834,Alexander,Rossi,209,Manor Marussia,16.0,18.0,0.0,20.0,0.0,0.0,10.0,0.0,0
943,2015,17,Mexican Grand Prix,829,Will,Stevens,209,Manor Marussia,17.0,19.0,0.0,21.0,0.0,0.0,10.0,0.0,0
943,2015,17,Mexican Grand Prix,831,Felipe,Nasr,15,Sauber,15.0,17.0,27.0,13.0,0.0,36.0,8.0,0.0,0
943,2015,17,Mexican Grand Prix,20,Sebastian,Vettel,6,Ferrari,3.0,3.0,251.0,2.0,3.0,374.0,2.0,3.0,0
943,2015,17,Mexican Grand Prix,8,Kimi,Räikkönen,6,Ferrari,19.0,15.0,123.0,4.0,0.0,374.0,2.0,3.0,0
943,2015,17,Mexican Grand Prix,4,Fernando,Alonso,1,McLaren,18.0,16.0,11.0,17.0,0.0,27.0,9.0,0.0,0
944,2015,18,Brazilian Grand Prix,3,Nico,Rosberg,131,Mercedes,1.0,1.0,272.0,2.0,4.0,617.0,1.0,14.0,1
944,2015,18,Brazilian Grand Prix,1,Lewis,Hamilton,131,Mercedes,2.0,2.0,345.0,1.0,10.0,617.0,1.0,14.0,1
944,2015,18,Brazilian Grand Prix,20,Sebastian,Vettel,6,Ferrari,3.0,3.0,251.0,3.0,3.0,374.0,2.0,3.0,1
944,2015,18,Brazilian Grand Prix,8,Kimi,Räikkönen,6,Ferrari,4.0,5.0,123.0,5.0,0.0,374.0,2.0,3.0,0
944,2015,18,Brazilian Grand Prix,822,Valtteri,Bottas,3,Williams,7.0,4.0,126.0,4.0,0.0,243.0,3.0,0.0,0
944,2015,18,Brazilian Grand Prix,807,Nico,Hülkenberg,10,Force India,5.0,6.0,44.0,12.0,0.0,112.0,5.0,0.0,0
944,2015,18,Brazilian Grand Prix,826,Daniil,Kvyat,9,Red Bull,6.0,7.0,88.0,7.0,0.0,172.0,4.0,0.0,0
944,2015,18,Brazilian Grand Prix,154,Romain,Grosjean,208,Lotus F1,14.0,15.0,45.0,11.0,0.0,71.0,6.0,0.0,0
944,2015,18,Brazilian Grand Prix,830,Max,Verstappen,5,Toro Rosso,9.0,10.0,47.0,10.0,0.0,65.0,7.0,0.0,0
944,2015,18,Brazilian Grand Prix,813,Pastor,Maldonado,208,Lotus F1,15.0,16.0,26.0,14.0,0.0,71.0,6.0,0.0,0
944,2015,18,Brazilian Grand Prix,817,Daniel,Ricciardo,9,Red Bull,19.0,9.0,84.0,8.0,0.0,172.0,4.0,0.0,0
944,2015,18,Brazilian Grand Prix,815,Sergio,Pérez,10,Force India,11.0,13.0,68.0,9.0,0.0,112.0,5.0,0.0,0
944,2015,18,Brazilian Grand Prix,831,Felipe,Nasr,15,Sauber,13.0,11.0,27.0,13.0,0.0,36.0,8.0,0.0,0
944,2015,18,Brazilian Grand Prix,18,Jenson,Button,1,McLaren,16.0,17.0,16.0,16.0,0.0,27.0,9.0,0.0,0
944,2015,18,Brazilian Grand Prix,4,Fernando,Alonso,1,McLaren,20.0,20.0,11.0,17.0,0.0,27.0,9.0,0.0,0
944,2015,18,Brazilian Grand Prix,828,Marcus,Ericsson,15,Sauber,12.0,14.0,9.0,18.0,0.0,36.0,8.0,0.0,0
944,2015,18,Brazilian Grand Prix,829,Will,Stevens,209,Manor Marussia,18.0,19.0,0.0,21.0,0.0,0.0,10.0,0.0,0
944,2015,18,Brazilian Grand Prix,834,Alexander,Rossi,209,Manor Marussia,17.0,18.0,0.0,20.0,0.0,0.0,10.0,0.0,0
944,2015,18,Brazilian Grand Prix,832,Carlos,Sainz,5,Toro Rosso,10.0,12.0,18.0,15.0,0.0,65.0,7.0,0.0,0
944,2015,18,Brazilian Grand Prix,13,Felipe,Massa,3,Williams,8.0,8.0,117.0,6.0,0.0,243.0,3.0,0.0,0
945,2015,19,Abu Dhabi Grand Prix,3,Nico,Rosberg,131,Mercedes,1.0,1.0,297.0,2.0,5.0,660.0,1.0,15.0,1
945,2015,19,Abu Dhabi Grand Prix,1,Lewis,Hamilton,131,Mercedes,2.0,2.0,363.0,1.0,10.0,660.0,1.0,15.0,1
945,2015,19,Abu Dhabi Grand Prix,8,Kimi,Räikkönen,6,Ferrari,3.0,3.0,135.0,5.0,0.0,401.0,2.0,3.0,1
945,2015,19,Abu Dhabi Grand Prix,20,Sebastian,Vettel,6,Ferrari,15.0,16.0,266.0,3.0,3.0,401.0,2.0,3.0,0
945,2015,19,Abu Dhabi Grand Prix,815,Sergio,Pérez,10,Force India,4.0,4.0,68.0,9.0,0.0,120.0,5.0,0.0,0
945,2015,19,Abu Dhabi Grand Prix,817,Daniel,Ricciardo,9,Red Bull,5.0,5.0,84.0,8.0,0.0,178.0,4.0,0.0,0
945,2015,19,Abu Dhabi Grand Prix,807,Nico,Hülkenberg,10,Force India,7.0,7.0,52.0,10.0,0.0,120.0,5.0,0.0,0
945,2015,19,Abu Dhabi Grand Prix,13,Felipe,Massa,3,Williams,8.0,8.0,117.0,6.0,0.0,253.0,3.0,0.0,0
945,2015,19,Abu Dhabi Grand Prix,154,Romain,Grosjean,208,Lotus F1,18.0,15.0,49.0,11.0,0.0,76.0,6.0,0.0,0
945,2015,19,Abu Dhabi Grand Prix,826,Daniil,Kvyat,9,Red Bull,9.0,9.0,94.0,7.0,0.0,178.0,4.0,0.0,0
945,2015,19,Abu Dhabi Grand Prix,832,Carlos,Sainz,5,Toro Rosso,10.0,10.0,18.0,15.0,0.0,67.0,7.0,0.0,0
945,2015,19,Abu Dhabi Grand Prix,18,Jenson,Button,1,McLaren,12.0,12.0,16.0,16.0,0.0,27.0,9.0,0.0,0
945,2015,19,Abu Dhabi Grand Prix,822,Valtteri,Bottas,3,Williams,6.0,6.0,136.0,4.0,0.0,253.0,3.0,0.0,0
945,2015,19,Abu Dhabi Grand Prix,828,Marcus,Ericsson,15,Sauber,17.0,18.0,9.0,18.0,0.0,36.0,8.0,0.0,0
945,2015,19,Abu Dhabi Grand Prix,831,Felipe,Nasr,15,Sauber,14.0,14.0,27.0,13.0,0.0,36.0,8.0,0.0,0
945,2015,19,Abu Dhabi Grand Prix,830,Max,Verstappen,5,Toro Rosso,11.0,11.0,49.0,12.0,0.0,67.0,7.0,0.0,0
945,2015,19,Abu Dhabi Grand Prix,4,Fernando,Alonso,1,McLaren,16.0,17.0,11.0,17.0,0.0,27.0,9.0,0.0,0
945,2015,19,Abu Dhabi Grand Prix,829,Will,Stevens,209,Manor Marussia,19.0,19.0,0.0,21.0,0.0,0.0,10.0,0.0,0
945,2015,19,Abu Dhabi Grand Prix,833,Roberto,Merhi,209,Manor Marussia,20.0,20.0,0.0,19.0,0.0,0.0,10.0,0.0,0
945,2015,19,Abu Dhabi Grand Prix,813,Pastor,Maldonado,208,Lotus F1,13.0,13.0,27.0,14.0,0.0,76.0,6.0,0.0,0
948,2016,1,Australian Grand Prix,3,Nico,Rosberg,131,Mercedes,2.0,2.0,322.0,2.0,6.0,703.0,1.0,16.0,1
948,2016,1,Australian Grand Prix,1,Lewis,Hamilton,131,Mercedes,1.0,1.0,381.0,1.0,10.0,703.0,1.0,16.0,1
948,2016,1,Australian Grand Prix,20,Sebastian,Vettel,6,Ferrari,3.0,3.0,278.0,3.0,3.0,428.0,2.0,3.0,1
948,2016,1,Australian Grand Prix,817,Daniel,Ricciardo,9,Red Bull,8.0,8.0,92.0,8.0,0.0,187.0,4.0,0.0,0
948,2016,1,Australian Grand Prix,13,Felipe,Massa,3,Williams,6.0,6.0,121.0,6.0,0.0,257.0,3.0,0.0,0
948,2016,1,Australian Grand Prix,154,Romain,Grosjean,210,Haas F1 Team,19.0,19.0,51.0,11.0,0.0,0.0,13.0,0.0,0
948,2016,1,Australian Grand Prix,807,Nico,Hülkenberg,10,Force India,10.0,10.0,58.0,10.0,0.0,136.0,5.0,0.0,0
948,2016,1,Australian Grand Prix,822,Valtteri,Bottas,3,Williams,16.0,11.0,136.0,5.0,0.0,257.0,3.0,0.0,0
948,2016,1,Australian Grand Prix,832,Carlos,Sainz,5,Toro Rosso,7.0,7.0,18.0,15.0,0.0,67.0,7.0,0.0,0
948,2016,1,Australian Grand Prix,830,Max,Verstappen,5,Toro Rosso,5.0,5.0,49.0,12.0,0.0,67.0,7.0,0.0,0
948,2016,1,Australian Grand Prix,835,Jolyon,Palmer,4,Renault,13.0,14.0,0.0,28.0,0.0,73.0,5.0,0.0,0
948,2016,1,Australian Grand Prix,825,Kevin,Magnussen,4,Renault,14.0,15.0,0.0,22.0,0.0,73.0,5.0,0.0,0
948,2016,1,Australian Grand Prix,815,Sergio,Pérez,10,Force India,9.0,9.0,78.0,9.0,0.0,136.0,5.0,0.0,0
948,2016,1,Australian Grand Prix,18,Jenson,Button,1,McLaren,12.0,13.0,16.0,16.0,0.0,27.0,9.0,0.0,0
948,2016,1,Australian Grand Prix,831,Felipe,Nasr,15,Sauber,17.0,17.0,27.0,13.0,0.0,36.0,8.0,0.0,0
948,2016,1,Australian Grand Prix,836,Pascal,Wehrlein,209,Manor Marussia,21.0,22.0,0.0,28.0,0.0,0.0,10.0,0.0,0
948,2016,1,Australian Grand Prix,828,Marcus,Ericsson,15,Sauber,15.0,16.0,9.0,18.0,0.0,36.0,8.0,0.0,0
948,2016,1,Australian Grand Prix,8,Kimi,Räikkönen,6,Ferrari,4.0,4.0,150.0,4.0,0.0,428.0,2.0,3.0,0
948,2016,1,Australian Grand Prix,837,Rio,Haryanto,209,Manor Marussia,22.0,21.0,0.0,28.0,0.0,0.0,10.0,0.0,0
948,2016,1,Australian Grand Prix,821,Esteban,Gutiérrez,210,Haas F1 Team,20.0,20.0,0.0,20.0,0.0,0.0,13.0,0.0,0
948,2016,1,Australian Grand Prix,4,Fernando,Alonso,1,McLaren,11.0,12.0,11.0,17.0,0.0,27.0,9.0,0.0,0
948,2016,1,Australian Grand Prix,826,Daniil,Kvyat,9,Red Bull,18.0,18.0,95.0,7.0,0.0,187.0,4.0,0.0,0
949,2016,2,Bahrain Grand Prix,3,Nico,Rosberg,131,Mercedes,2.0,2.0,25.0,1.0,1.0,43.0,1.0,1.0,1
949,2016,2,Bahrain Grand Prix,8,Kimi,Räikkönen,6,Ferrari,4.0,4.0,0.0,18.0,0.0,15.0,2.0,0.0,1
949,2016,2,Bahrain Grand Prix,1,Lewis,Hamilton,131,Mercedes,1.0,1.0,18.0,2.0,0.0,43.0,1.0,1.0,1
949,2016,2,Bahrain Grand Prix,817,Daniel,Ricciardo,9,Red Bull,5.0,5.0,12.0,4.0,0.0,12.0,4.0,0.0,0
949,2016,2,Bahrain Grand Prix,154,Romain,Grosjean,210,Haas F1 Team,9.0,9.0,8.0,6.0,0.0,8.0,5.0,0.0,0
949,2016,2,Bahrain Grand Prix,830,Max,Verstappen,5,Toro Rosso,10.0,10.0,1.0,10.0,0.0,3.0,7.0,0.0,0
949,2016,2,Bahrain Grand Prix,826,Daniil,Kvyat,9,Red Bull,15.0,15.0,0.0,22.0,0.0,12.0,4.0,0.0,0
949,2016,2,Bahrain Grand Prix,13,Felipe,Massa,3,Williams,7.0,7.0,10.0,5.0,0.0,14.0,3.0,0.0,0
949,2016,2,Bahrain Grand Prix,822,Valtteri,Bottas,3,Williams,6.0,6.0,4.0,8.0,0.0,14.0,3.0,0.0,0
949,2016,2,Bahrain Grand Prix,838,Stoffel,Vandoorne,1,McLaren,12.0,12.0,0.0,28.0,0.0,0.0,9.0,0.0,0
949,2016,2,Bahrain Grand Prix,825,Kevin,Magnussen,4,Renault,22.0,19.0,0.0,12.0,0.0,0.0,8.0,0.0,0
949,2016,2,Bahrain Grand Prix,828,Marcus,Ericsson,15,Sauber,17.0,17.0,0.0,17.0,0.0,0.0,10.0,0.0,0
949,2016,2,Bahrain Grand Prix,836,Pascal,Wehrlein,209,Manor Marussia,16.0,16.0,0.0,16.0,0.0,0.0,11.0,0.0,0
949,2016,2,Bahrain Grand Prix,831,Felipe,Nasr,15,Sauber,21.0,22.0,0.0,15.0,0.0,0.0,10.0,0.0,0
949,2016,2,Bahrain Grand Prix,807,Nico,Hülkenberg,10,Force India,8.0,8.0,6.0,7.0,0.0,6.0,6.0,0.0,0
949,2016,2,Bahrain Grand Prix,815,Sergio,Pérez,10,Force India,18.0,18.0,0.0,13.0,0.0,6.0,6.0,0.0,0
949,2016,2,Bahrain Grand Prix,837,Rio,Haryanto,209,Manor Marussia,20.0,21.0,0.0,19.0,0.0,0.0,11.0,0.0,0
949,2016,2,Bahrain Grand Prix,832,Carlos,Sainz,5,Toro Rosso,11.0,11.0,2.0,9.0,0.0,3.0,7.0,0.0,0
949,2016,2,Bahrain Grand Prix,821,Esteban,Gutiérrez,210,Haas F1 Team,13.0,13.0,0.0,20.0,0.0,8.0,5.0,0.0,0
949,2016,2,Bahrain Grand Prix,18,Jenson,Button,1,McLaren,14.0,14.0,0.0,14.0,0.0,0.0,9.0,0.0,0
949,2016,2,Bahrain Grand Prix,20,Sebastian,Vettel,6,Ferrari,3.0,3.0,15.0,3.0,0.0,15.0,2.0,0.0,0
949,2016,2,Bahrain Grand Prix,835,Jolyon,Palmer,4,Renault,19.0,20.0,0.0,11.0,0.0,0.0,8.0,0.0,0
950,2016,3,Chinese Grand Prix,3,Nico,Rosberg,131,Mercedes,1.0,1.0,50.0,1.0,2.0,83.0,1.0,2.0,1
950,2016,3,Chinese Grand Prix,20,Sebastian,Vettel,6,Ferrari,4.0,4.0,15.0,6.0,0.0,33.0,2.0,0.0,1
950,2016,3,Chinese Grand Prix,826,Daniil,Kvyat,9,Red Bull,6.0,6.0,6.0,10.0,0.0,30.0,3.0,0.0,1
950,2016,3,Chinese Grand Prix,817,Daniel,Ricciardo,9,Red Bull,2.0,2.0,24.0,3.0,0.0,30.0,3.0,0.0,0
950,2016,3,Chinese Grand Prix,8,Kimi,Räikkönen,6,Ferrari,3.0,3.0,18.0,4.0,0.0,33.0,2.0,0.0,0
950,2016,3,Chinese Grand Prix,13,Felipe,Massa,3,Williams,10.0,11.0,14.0,7.0,0.0,20.0,4.0,0.0,0
950,2016,3,Chinese Grand Prix,1,Lewis,Hamilton,131,Mercedes,22.0,22.0,33.0,2.0,0.0,83.0,1.0,2.0,0
950,2016,3,Chinese Grand Prix,830,Max,Verstappen,5,Toro Rosso,9.0,9.0,9.0,8.0,0.0,11.0,6.0,0.0,0
950,2016,3,Chinese Grand Prix,832,Carlos,Sainz,5,Toro Rosso,8.0,8.0,2.0,12.0,0.0,11.0,6.0,0.0,0
950,2016,3,Chinese Grand Prix,822,Valtteri,Bottas,3,Williams,5.0,5.0,6.0,11.0,0.0,20.0,4.0,0.0,0
950,2016,3,Chinese Grand Prix,815,Sergio,Pérez,10,Force India,7.0,7.0,0.0,17.0,0.0,6.0,7.0,0.0,0
950,2016,3,Chinese Grand Prix,4,Fernando,Alonso,1,McLaren,11.0,12.0,0.0,23.0,0.0,1.0,8.0,0.0,0
950,2016,3,Chinese Grand Prix,18,Jenson,Button,1,McLaren,12.0,13.0,0.0,20.0,0.0,1.0,8.0,0.0,0
950,2016,3,Chinese Grand Prix,821,Esteban,Gutiérrez,210,Haas F1 Team,18.0,18.0,0.0,22.0,0.0,18.0,5.0,0.0,0
950,2016,3,Chinese Grand Prix,807,Nico,Hülkenberg,10,Force India,13.0,10.0,6.0,9.0,0.0,6.0,7.0,0.0,0
950,2016,3,Chinese Grand Prix,828,Marcus,Ericsson,15,Sauber,15.0,15.0,0.0,16.0,0.0,0.0,10.0,0.0,0
950,2016,3,Chinese Grand Prix,825,Kevin,Magnussen,4,Renault,17.0,17.0,0.0,14.0,0.0,0.0,9.0,0.0,0
950,2016,3,Chinese Grand Prix,836,Pascal,Wehrlein,209,Manor Marussia,21.0,21.0,0.0,18.0,0.0,0.0,11.0,0.0,0
950,2016,3,Chinese Grand Prix,154,Romain,Grosjean,210,Haas F1 Team,14.0,14.0,18.0,5.0,0.0,18.0,5.0,0.0,0
950,2016,3,Chinese Grand Prix,831,Felipe,Nasr,15,Sauber,16.0,16.0,0.0,19.0,0.0,0.0,10.0,0.0,0
950,2016,3,Chinese Grand Prix,837,Rio,Haryanto,209,Manor Marussia,20.0,20.0,0.0,21.0,0.0,0.0,11.0,0.0,0
950,2016,3,Chinese Grand Prix,835,Jolyon,Palmer,4,Renault,19.0,19.0,0.0,15.0,0.0,0.0,9.0,0.0,0
951,2016,4,Russian Grand Prix,3,Nico,Rosberg,131,Mercedes,1.0,1.0,75.0,1.0,3.0,114.0,1.0,3.0,1
951,2016,4,Russian Grand Prix,1,Lewis,Hamilton,131,Mercedes,10.0,10.0,39.0,2.0,0.0,114.0,1.0,3.0,1
951,2016,4,Russian Grand Prix,8,Kimi,Räikkönen,6,Ferrari,3.0,4.0,28.0,5.0,0.0,61.0,2.0,0.0,1
951,2016,4,Russian Grand Prix,822,Valtteri,Bottas,3,Williams,2.0,3.0,7.0,10.0,0.0,29.0,4.0,0.0,0
951,2016,4,Russian Grand Prix,13,Felipe,Massa,3,Williams,4.0,5.0,22.0,6.0,0.0,29.0,4.0,0.0,0
951,2016,4,Russian Grand Prix,4,Fernando,Alonso,1,McLaren,14.0,14.0,0.0,18.0,0.0,1.0,8.0,0.0,0
951,2016,4,Russian Grand Prix,825,Kevin,Magnussen,4,Renault,17.0,17.0,0.0,14.0,0.0,0.0,9.0,0.0,0
951,2016,4,Russian Grand Prix,154,Romain,Grosjean,210,Haas F1 Team,15.0,15.0,18.0,8.0,0.0,18.0,5.0,0.0,0
951,2016,4,Russian Grand Prix,815,Sergio,Pérez,10,Force India,6.0,7.0,0.0,15.0,0.0,6.0,7.0,0.0,0
951,2016,4,Russian Grand Prix,18,Jenson,Button,1,McLaren,12.0,12.0,0.0,19.0,0.0,1.0,8.0,0.0,0
951,2016,4,Russian Grand Prix,817,Daniel,Ricciardo,9,Red Bull,5.0,6.0,36.0,3.0,0.0,57.0,3.0,0.0,0
951,2016,4,Russian Grand Prix,832,Carlos,Sainz,5,Toro Rosso,11.0,11.0,4.0,12.0,0.0,17.0,6.0,0.0,0
951,2016,4,Russian Grand Prix,835,Jolyon,Palmer,4,Renault,18.0,18.0,0.0,16.0,0.0,0.0,9.0,0.0,0
951,2016,4,Russian Grand Prix,828,Marcus,Ericsson,15,Sauber,22.0,22.0,0.0,17.0,0.0,0.0,10.0,0.0,0
951,2016,4,Russian Grand Prix,826,Daniil,Kvyat,9,Red Bull,8.0,8.0,21.0,7.0,0.0,57.0,3.0,0.0,0
951,2016,4,Russian Grand Prix,831,Felipe,Nasr,15,Sauber,19.0,19.0,0.0,21.0,0.0,0.0,10.0,0.0,0
951,2016,4,Russian Grand Prix,821,Esteban,Gutiérrez,210,Haas F1 Team,16.0,16.0,0.0,22.0,0.0,18.0,5.0,0.0,0
951,2016,4,Russian Grand Prix,836,Pascal,Wehrlein,209,Manor Marussia,20.0,20.0,0.0,20.0,0.0,0.0,11.0,0.0,0
951,2016,4,Russian Grand Prix,830,Max,Verstappen,5,Toro Rosso,9.0,9.0,13.0,9.0,0.0,17.0,6.0,0.0,0
951,2016,4,Russian Grand Prix,20,Sebastian,Vettel,6,Ferrari,7.0,2.0,33.0,4.0,0.0,61.0,2.0,0.0,0
951,2016,4,Russian Grand Prix,807,Nico,Hülkenberg,10,Force India,13.0,13.0,6.0,11.0,0.0,6.0,7.0,0.0,0
951,2016,4,Russian Grand Prix,837,Rio,Haryanto,209,Manor Marussia,21.0,21.0,0.0,23.0,0.0,0.0,11.0,0.0,0
952,2016,5,Spanish Grand Prix,830,Max,Verstappen,9,Red Bull,4.0,4.0,13.0,10.0,0.0,57.0,3.0,0.0,1
952,2016,5,Spanish Grand Prix,8,Kimi,Räikkönen,6,Ferrari,5.0,5.0,43.0,3.0,0.0,76.0,2.0,0.0,1
952,2016,5,Spanish Grand Prix,20,Sebastian,Vettel,6,Ferrari,6.0,6.0,33.0,5.0,0.0,76.0,2.0,0.0,1
952,2016,5,Spanish Grand Prix,817,Daniel,Ricciardo,9,Red Bull,3.0,3.0,36.0,4.0,0.0,57.0,3.0,0.0,0
952,2016,5,Spanish Grand Prix,822,Valtteri,Bottas,3,Williams,7.0,7.0,19.0,9.0,0.0,51.0,4.0,0.0,0
952,2016,5,Spanish Grand Prix,832,Carlos,Sainz,5,Toro Rosso,8.0,8.0,4.0,14.0,0.0,17.0,6.0,0.0,0
952,2016,5,Spanish Grand Prix,815,Sergio,Pérez,10,Force India,9.0,9.0,2.0,15.0,0.0,8.0,8.0,0.0,0
952,2016,5,Spanish Grand Prix,13,Felipe,Massa,3,Williams,18.0,18.0,32.0,6.0,0.0,51.0,4.0,0.0,0
952,2016,5,Spanish Grand Prix,18,Jenson,Button,1,McLaren,12.0,12.0,1.0,16.0,0.0,10.0,7.0,0.0,0
952,2016,5,Spanish Grand Prix,826,Daniil,Kvyat,5,Toro Rosso,13.0,13.0,21.0,8.0,0.0,17.0,6.0,0.0,0
952,2016,5,Spanish Grand Prix,821,Esteban,Gutiérrez,210,Haas F1 Team,16.0,16.0,0.0,22.0,0.0,22.0,5.0,0.0,0
952,2016,5,Spanish Grand Prix,828,Marcus,Ericsson,15,Sauber,19.0,19.0,0.0,19.0,0.0,0.0,10.0,0.0,0
952,2016,5,Spanish Grand Prix,835,Jolyon,Palmer,4,Renault,17.0,17.0,0.0,18.0,0.0,6.0,9.0,0.0,0
952,2016,5,Spanish Grand Prix,825,Kevin,Magnussen,4,Renault,15.0,15.0,6.0,12.0,0.0,6.0,9.0,0.0,0
952,2016,5,Spanish Grand Prix,831,Felipe,Nasr,15,Sauber,20.0,20.0,0.0,21.0,0.0,0.0,10.0,0.0,0
952,2016,5,Spanish Grand Prix,836,Pascal,Wehrlein,209,Manor Marussia,21.0,21.0,0.0,20.0,0.0,0.0,11.0,0.0,0
952,2016,5,Spanish Grand Prix,837,Rio,Haryanto,209,Manor Marussia,22.0,22.0,0.0,23.0,0.0,0.0,11.0,0.0,0
952,2016,5,Spanish Grand Prix,154,Romain,Grosjean,210,Haas F1 Team,14.0,14.0,22.0,7.0,0.0,22.0,5.0,0.0,0
952,2016,5,Spanish Grand Prix,4,Fernando,Alonso,1,McLaren,10.0,10.0,8.0,11.0,0.0,10.0,7.0,0.0,0
952,2016,5,Spanish Grand Prix,807,Nico,Hülkenberg,10,Force India,11.0,11.0,6.0,13.0,0.0,8.0,8.0,0.0,0
952,2016,5,Spanish Grand Prix,1,Lewis,Hamilton,131,Mercedes,1.0,1.0,57.0,2.0,0.0,157.0,1.0,4.0,0
952,2016,5,Spanish Grand Prix,3,Nico,Rosberg,131,Mercedes,2.0,2.0,100.0,1.0,4.0,157.0,1.0,4.0,0
953,2016,6,Monaco Grand Prix,1,Lewis,Hamilton,131,Mercedes,3.0,3.0,57.0,3.0,0.0,157.0,1.0,4.0,1
953,2016,6,Monaco Grand Prix,817,Daniel,Ricciardo,9,Red Bull,1.0,1.0,48.0,5.0,0.0,94.0,3.0,1.0,1
953,2016,6,Monaco Grand Prix,815,Sergio,Pérez,10,Force India,7.0,8.0,8.0,13.0,0.0,14.0,7.0,0.0,1
953,2016,6,Monaco Grand Prix,20,Sebastian,Vettel,6,Ferrari,4.0,4.0,48.0,4.0,0.0,109.0,2.0,0.0,0
953,2016,6,Monaco Grand Prix,4,Fernando,Alonso,1,McLaren,9.0,10.0,8.0,12.0,0.0,12.0,8.0,0.0,0
953,2016,6,Monaco Grand Prix,807,Nico,Hülkenberg,10,Force India,5.0,5.0,6.0,15.0,0.0,14.0,7.0,0.0,0
953,2016,6,Monaco Grand Prix,3,Nico,Rosberg,131,Mercedes,2.0,2.0,100.0,1.0,4.0,157.0,1.0,4.0,0
953,2016,6,Monaco Grand Prix,832,Carlos,Sainz,5,Toro Rosso,6.0,7.0,12.0,11.0,0.0,26.0,5.0,0.0,0
953,2016,6,Monaco Grand Prix,18,Jenson,Button,1,McLaren,13.0,13.0,3.0,16.0,0.0,12.0,8.0,0.0,0
953,2016,6,Monaco Grand Prix,13,Felipe,Massa,3,Williams,14.0,14.0,36.0,7.0,0.0,65.0,4.0,0.0,0
953,2016,6,Monaco Grand Prix,821,Esteban,Gutiérrez,210,Haas F1 Team,12.0,12.0,0.0,19.0,0.0,22.0,6.0,0.0,0
953,2016,6,Monaco Grand Prix,822,Valtteri,Bottas,3,Williams,10.0,11.0,29.0,8.0,0.0,65.0,4.0,0.0,0
953,2016,6,Monaco Grand Prix,154,Romain,Grosjean,210,Haas F1 Team,15.0,15.0,22.0,10.0,0.0,22.0,6.0,0.0,0
953,2016,6,Monaco Grand Prix,836,Pascal,Wehrlein,209,Manor Marussia,20.0,20.0,0.0,21.0,0.0,0.0,11.0,0.0,0
953,2016,6,Monaco Grand Prix,837,Rio,Haryanto,209,Manor Marussia,19.0,19.0,0.0,23.0,0.0,0.0,11.0,0.0,0
953,2016,6,Monaco Grand Prix,828,Marcus,Ericsson,15,Sauber,17.0,17.0,0.0,20.0,0.0,0.0,10.0,0.0,0
953,2016,6,Monaco Grand Prix,831,Felipe,Nasr,15,Sauber,0.0,22.0,0.0,22.0,0.0,0.0,10.0,0.0,0
953,2016,6,Monaco Grand Prix,830,Max,Verstappen,9,Red Bull,0.0,21.0,38.0,6.0,1.0,94.0,3.0,1.0,0
953,2016,6,Monaco Grand Prix,825,Kevin,Magnussen,4,Renault,16.0,16.0,6.0,14.0,0.0,6.0,9.0,0.0,0
953,2016,6,Monaco Grand Prix,826,Daniil,Kvyat,5,Toro Rosso,8.0,9.0,22.0,9.0,0.0,26.0,5.0,0.0,0
953,2016,6,Monaco Grand Prix,8,Kimi,Räikkönen,6,Ferrari,11.0,6.0,61.0,2.0,0.0,109.0,2.0,0.0,0
953,2016,6,Monaco Grand Prix,835,Jolyon,Palmer,4,Renault,18.0,18.0,0.0,18.0,0.0,6.0,9.0,0.0,0
954,2016,7,Canadian Grand Prix,1,Lewis,Hamilton,131,Mercedes,1.0,1.0,82.0,2.0,1.0,188.0,1.0,5.0,1
954,2016,7,Canadian Grand Prix,20,Sebastian,Vettel,6,Ferrari,3.0,3.0,60.0,5.0,0.0,121.0,2.0,0.0,1
954,2016,7,Canadian Grand Prix,822,Valtteri,Bottas,3,Williams,7.0,7.0,29.0,8.0,0.0,66.0,4.0,0.0,1
954,2016,7,Canadian Grand Prix,830,Max,Verstappen,9,Red Bull,5.0,5.0,38.0,6.0,1.0,112.0,3.0,1.0,0
954,2016,7,Canadian Grand Prix,3,Nico,Rosberg,131,Mercedes,2.0,2.0,106.0,1.0,4.0,188.0,1.0,5.0,0
954,2016,7,Canadian Grand Prix,8,Kimi,Räikkönen,6,Ferrari,6.0,6.0,61.0,4.0,0.0,121.0,2.0,0.0,0
954,2016,7,Canadian Grand Prix,817,Daniel,Ricciardo,9,Red Bull,4.0,4.0,66.0,3.0,0.0,112.0,3.0,1.0,0
954,2016,7,Canadian Grand Prix,807,Nico,Hülkenberg,10,Force India,9.0,9.0,14.0,14.0,0.0,37.0,5.0,0.0,0
954,2016,7,Canadian Grand Prix,832,Carlos,Sainz,5,Toro Rosso,20.0,16.0,16.0,13.0,0.0,30.0,6.0,0.0,0
954,2016,7,Canadian Grand Prix,815,Sergio,Pérez,10,Force India,11.0,11.0,23.0,9.0,0.0,37.0,5.0,0.0,0
954,2016,7,Canadian Grand Prix,4,Fernando,Alonso,1,McLaren,10.0,10.0,18.0,12.0,0.0,24.0,7.0,0.0,0
954,2016,7,Canadian Grand Prix,826,Daniil,Kvyat,5,Toro Rosso,15.0,13.0,22.0,10.0,0.0,30.0,6.0,0.0,0
954,2016,7,Canadian Grand Prix,821,Esteban,Gutiérrez,210,Haas F1 Team,13.0,14.0,0.0,18.0,0.0,22.0,8.0,0.0,0
954,2016,7,Canadian Grand Prix,154,Romain,Grosjean,210,Haas F1 Team,14.0,15.0,22.0,11.0,0.0,22.0,8.0,0.0,0
954,2016,7,Canadian Grand Prix,828,Marcus,Ericsson,15,Sauber,21.0,19.0,0.0,20.0,0.0,0.0,10.0,0.0,0
954,2016,7,Canadian Grand Prix,825,Kevin,Magnussen,4,Renault,22.0,25.0,6.0,15.0,0.0,6.0,9.0,0.0,0
954,2016,7,Canadian Grand Prix,836,Pascal,Wehrlein,209,Manor Marussia,17.0,18.0,0.0,21.0,0.0,0.0,11.0,0.0,0
954,2016,7,Canadian Grand Prix,831,Felipe,Nasr,15,Sauber,18.0,20.0,0.0,22.0,0.0,0.0,10.0,0.0,0
954,2016,7,Canadian Grand Prix,837,Rio,Haryanto,209,Manor Marussia,19.0,21.0,0.0,23.0,0.0,0.0,11.0,0.0,0
954,2016,7,Canadian Grand Prix,13,Felipe,Massa,3,Williams,8.0,8.0,37.0,7.0,0.0,66.0,4.0,0.0,0
954,2016,7,Canadian Grand Prix,835,Jolyon,Palmer,4,Renault,16.0,17.0,0.0,19.0,0.0,6.0,9.0,0.0,0
954,2016,7,Canadian Grand Prix,18,Jenson,Button,1,McLaren,12.0,12.0,5.0,16.0,0.0,24.0,7.0,0.0,0
955,2016,8,European Grand Prix,3,Nico,Rosberg,131,Mercedes,1.0,1.0,116.0,1.0,4.0,223.0,1.0,6.0,1
955,2016,8,European Grand Prix,20,Sebastian,Vettel,6,Ferrari,3.0,4.0,78.0,3.0,0.0,147.0,2.0,0.0,1
955,2016,8,European Grand Prix,815,Sergio,Pérez,10,Force India,7.0,2.0,24.0,9.0,0.0,42.0,5.0,0.0,1
955,2016,8,European Grand Prix,8,Kimi,Räikkönen,6,Ferrari,4.0,5.0,69.0,5.0,0.0,147.0,2.0,0.0,0
955,2016,8,European Grand Prix,1,Lewis,Hamilton,131,Mercedes,10.0,10.0,107.0,2.0,2.0,223.0,1.0,6.0,0
955,2016,8,European Grand Prix,822,Valtteri,Bottas,3,Williams,8.0,8.0,44.0,7.0,0.0,81.0,4.0,0.0,0
955,2016,8,European Grand Prix,817,Daniel,Ricciardo,9,Red Bull,2.0,3.0,72.0,4.0,0.0,130.0,3.0,1.0,0
955,2016,8,European Grand Prix,830,Max,Verstappen,9,Red Bull,9.0,9.0,50.0,6.0,1.0,130.0,3.0,1.0,0
955,2016,8,European Grand Prix,807,Nico,Hülkenberg,10,Force India,12.0,12.0,18.0,13.0,0.0,42.0,5.0,0.0,0
955,2016,8,European Grand Prix,13,Felipe,Massa,3,Williams,5.0,6.0,37.0,8.0,0.0,81.0,4.0,0.0,0
955,2016,8,European Grand Prix,18,Jenson,Button,1,McLaren,19.0,19.0,5.0,16.0,0.0,24.0,7.0,0.0,0
955,2016,8,European Grand Prix,831,Felipe,Nasr,15,Sauber,15.0,16.0,0.0,22.0,0.0,0.0,10.0,0.0,0
955,2016,8,European Grand Prix,154,Romain,Grosjean,210,Haas F1 Team,11.0,11.0,22.0,11.0,0.0,22.0,8.0,0.0,0
955,2016,8,European Grand Prix,825,Kevin,Magnussen,4,Renault,22.0,21.0,6.0,15.0,0.0,6.0,9.0,0.0,0
955,2016,8,European Grand Prix,835,Jolyon,Palmer,4,Renault,21.0,22.0,0.0,19.0,0.0,6.0,9.0,0.0,0
955,2016,8,European Grand Prix,821,Esteban,Gutiérrez,210,Haas F1 Team,14.0,15.0,0.0,18.0,0.0,22.0,8.0,0.0,0
955,2016,8,European Grand Prix,828,Marcus,Ericsson,15,Sauber,20.0,20.0,0.0,20.0,0.0,0.0,10.0,0.0,0
955,2016,8,European Grand Prix,837,Rio,Haryanto,209,Manor Marussia,16.0,17.0,0.0,23.0,0.0,0.0,11.0,0.0,0
955,2016,8,European Grand Prix,4,Fernando,Alonso,1,McLaren,13.0,14.0,18.0,12.0,0.0,24.0,7.0,0.0,0
955,2016,8,European Grand Prix,836,Pascal,Wehrlein,209,Manor Marussia,17.0,18.0,0.0,21.0,0.0,0.0,11.0,0.0,0
955,2016,8,European Grand Prix,832,Carlos,Sainz,5,Toro Rosso,18.0,13.0,18.0,14.0,0.0,32.0,6.0,0.0,0
955,2016,8,European Grand Prix,826,Daniil,Kvyat,5,Toro Rosso,6.0,7.0,22.0,10.0,0.0,32.0,6.0,0.0,0
956,2016,9,Austrian Grand Prix,1,Lewis,Hamilton,131,Mercedes,1.0,1.0,117.0,2.0,2.0,258.0,1.0,7.0,1
956,2016,9,Austrian Grand Prix,830,Max,Verstappen,9,Red Bull,8.0,9.0,54.0,6.0,1.0,140.0,3.0,1.0,1
956,2016,9,Austrian Grand Prix,8,Kimi,Räikkönen,6,Ferrari,4.0,6.0,81.0,4.0,0.0,177.0,2.0,0.0,1
956,2016,9,Austrian Grand Prix,3,Nico,Rosberg,131,Mercedes,6.0,2.0,141.0,1.0,5.0,258.0,1.0,7.0,0
956,2016,9,Austrian Grand Prix,817,Daniel,Ricciardo,9,Red Bull,5.0,7.0,78.0,5.0,0.0,140.0,3.0,1.0,0
956,2016,9,Austrian Grand Prix,18,Jenson,Button,1,McLaren,3.0,5.0,5.0,16.0,0.0,24.0,7.0,0.0,0
956,2016,9,Austrian Grand Prix,154,Romain,Grosjean,210,Haas F1 Team,13.0,13.0,22.0,11.0,0.0,22.0,8.0,0.0,0
956,2016,9,Austrian Grand Prix,832,Carlos,Sainz,5,Toro Rosso,15.0,15.0,18.0,14.0,0.0,32.0,6.0,0.0,0
956,2016,9,Austrian Grand Prix,822,Valtteri,Bottas,3,Williams,7.0,8.0,52.0,7.0,0.0,90.0,4.0,0.0,0
956,2016,9,Austrian Grand Prix,836,Pascal,Wehrlein,209,Manor Marussia,12.0,12.0,0.0,22.0,0.0,0.0,11.0,0.0,0
956,2016,9,Austrian Grand Prix,821,Esteban,Gutiérrez,210,Haas F1 Team,11.0,11.0,0.0,18.0,0.0,22.0,8.0,0.0,0
956,2016,9,Austrian Grand Prix,835,Jolyon,Palmer,4,Renault,19.0,18.0,0.0,19.0,0.0,6.0,9.0,0.0,0
956,2016,9,Austrian Grand Prix,831,Felipe,Nasr,15,Sauber,21.0,22.0,0.0,21.0,0.0,0.0,10.0,0.0,0
956,2016,9,Austrian Grand Prix,825,Kevin,Magnussen,4,Renault,17.0,17.0,6.0,15.0,0.0,6.0,9.0,0.0,0
956,2016,9,Austrian Grand Prix,828,Marcus,Ericsson,15,Sauber,18.0,21.0,0.0,20.0,0.0,0.0,10.0,0.0,0
956,2016,9,Austrian Grand Prix,837,Rio,Haryanto,209,Manor Marussia,20.0,19.0,0.0,23.0,0.0,0.0,11.0,0.0,0
956,2016,9,Austrian Grand Prix,815,Sergio,Pérez,10,Force India,16.0,16.0,39.0,8.0,0.0,59.0,5.0,0.0,0
956,2016,9,Austrian Grand Prix,4,Fernando,Alonso,1,McLaren,14.0,14.0,18.0,13.0,0.0,24.0,7.0,0.0,0
956,2016,9,Austrian Grand Prix,807,Nico,Hülkenberg,10,Force India,2.0,3.0,20.0,12.0,0.0,59.0,5.0,0.0,0
956,2016,9,Austrian Grand Prix,13,Felipe,Massa,3,Williams,0.0,10.0,38.0,9.0,0.0,90.0,4.0,0.0,0
956,2016,9,Austrian Grand Prix,20,Sebastian,Vettel,6,Ferrari,9.0,4.0,96.0,3.0,0.0,177.0,2.0,0.0,0
956,2016,9,Austrian Grand Prix,826,Daniil,Kvyat,5,Toro Rosso,0.0,20.0,22.0,10.0,0.0,32.0,6.0,0.0,0
957,2016,10,British Grand Prix,1,Lewis,Hamilton,131,Mercedes,1.0,1.0,142.0,2.0,3.0,295.0,1.0,8.0,1
957,2016,10,British Grand Prix,830,Max,Verstappen,9,Red Bull,3.0,3.0,72.0,6.0,1.0,168.0,3.0,1.0,1
957,2016,10,British Grand Prix,3,Nico,Rosberg,131,Mercedes,2.0,2.0,153.0,1.0,5.0,295.0,1.0,8.0,1
957,2016,10,British Grand Prix,817,Daniel,Ricciardo,9,Red Bull,4.0,4.0,88.0,5.0,0.0,168.0,3.0,1.0,0
957,2016,10,British Grand Prix,8,Kimi,Räikkönen,6,Ferrari,5.0,5.0,96.0,4.0,0.0,192.0,2.0,0.0,0
957,2016,10,British Grand Prix,815,Sergio,Pérez,10,Force India,10.0,11.0,39.0,8.0,0.0,59.0,5.0,0.0,0
957,2016,10,British Grand Prix,807,Nico,Hülkenberg,10,Force India,8.0,9.0,20.0,13.0,0.0,59.0,5.0,0.0,0
957,2016,10,British Grand Prix,832,Carlos,Sainz,5,Toro Rosso,7.0,8.0,22.0,12.0,0.0,36.0,6.0,0.0,0
957,2016,10,British Grand Prix,20,Sebastian,Vettel,6,Ferrari,11.0,6.0,96.0,3.0,0.0,192.0,2.0,0.0,0
957,2016,10,British Grand Prix,826,Daniil,Kvyat,5,Toro Rosso,15.0,15.0,22.0,11.0,0.0,36.0,6.0,0.0,0
957,2016,10,British Grand Prix,13,Felipe,Massa,3,Williams,12.0,12.0,38.0,9.0,0.0,92.0,4.0,0.0,0
957,2016,10,British Grand Prix,18,Jenson,Button,1,McLaren,17.0,17.0,13.0,15.0,0.0,32.0,7.0,0.0,0
957,2016,10,British Grand Prix,4,Fernando,Alonso,1,McLaren,9.0,10.0,18.0,14.0,0.0,32.0,7.0,0.0,0
957,2016,10,British Grand Prix,822,Valtteri,Bottas,3,Williams,6.0,7.0,54.0,7.0,0.0,92.0,4.0,0.0,0
957,2016,10,British Grand Prix,831,Felipe,Nasr,15,Sauber,21.0,21.0,0.0,22.0,0.0,0.0,11.0,0.0,0
957,2016,10,British Grand Prix,821,Esteban,Gutiérrez,210,Haas F1 Team,14.0,14.0,0.0,19.0,0.0,28.0,8.0,0.0,0
957,2016,10,British Grand Prix,825,Kevin,Magnussen,4,Renault,16.0,16.0,6.0,16.0,0.0,6.0,9.0,0.0,0
957,2016,10,British Grand Prix,835,Jolyon,Palmer,4,Renault,18.0,18.0,0.0,20.0,0.0,6.0,9.0,0.0,0
957,2016,10,British Grand Prix,837,Rio,Haryanto,209,Manor Marussia,19.0,19.0,0.0,23.0,0.0,1.0,10.0,0.0,0
957,2016,10,British Grand Prix,154,Romain,Grosjean,210,Haas F1 Team,13.0,13.0,28.0,10.0,0.0,28.0,8.0,0.0,0
957,2016,10,British Grand Prix,828,Marcus,Ericsson,15,Sauber,22.0,25.0,0.0,21.0,0.0,0.0,11.0,0.0,0
957,2016,10,British Grand Prix,836,Pascal,Wehrlein,209,Manor Marussia,20.0,20.0,1.0,17.0,0.0,1.0,10.0,0.0,0
958,2016,11,Hungarian Grand Prix,1,Lewis,Hamilton,131,Mercedes,2.0,2.0,167.0,2.0,4.0,335.0,1.0,9.0,1
958,2016,11,Hungarian Grand Prix,3,Nico,Rosberg,131,Mercedes,1.0,1.0,168.0,1.0,5.0,335.0,1.0,9.0,1
958,2016,11,Hungarian Grand Prix,817,Daniel,Ricciardo,9,Red Bull,3.0,3.0,100.0,4.0,0.0,198.0,3.0,1.0,1
958,2016,11,Hungarian Grand Prix,20,Sebastian,Vettel,6,Ferrari,5.0,5.0,98.0,5.0,0.0,204.0,2.0,0.0,0
958,2016,11,Hungarian Grand Prix,830,Max,Verstappen,9,Red Bull,4.0,4.0,90.0,6.0,1.0,198.0,3.0,1.0,0
958,2016,11,Hungarian Grand Prix,8,Kimi,Räikkönen,6,Ferrari,14.0,14.0,106.0,3.0,0.0,204.0,2.0,0.0,0
958,2016,11,Hungarian Grand Prix,4,Fernando,Alonso,1,McLaren,7.0,7.0,18.0,14.0,0.0,32.0,7.0,0.0,0
958,2016,11,Hungarian Grand Prix,832,Carlos,Sainz,5,Toro Rosso,6.0,6.0,26.0,12.0,0.0,41.0,6.0,0.0,0
958,2016,11,Hungarian Grand Prix,822,Valtteri,Bottas,3,Williams,10.0,10.0,54.0,7.0,0.0,92.0,4.0,0.0,0
958,2016,11,Hungarian Grand Prix,807,Nico,Hülkenberg,10,Force India,9.0,9.0,26.0,11.0,0.0,73.0,5.0,0.0,0
958,2016,11,Hungarian Grand Prix,815,Sergio,Pérez,10,Force India,13.0,13.0,47.0,8.0,0.0,73.0,5.0,0.0,0
958,2016,11,Hungarian Grand Prix,835,Jolyon,Palmer,4,Renault,17.0,17.0,0.0,20.0,0.0,6.0,9.0,0.0,0
958,2016,11,Hungarian Grand Prix,821,Esteban,Gutiérrez,210,Haas F1 Team,15.0,15.0,0.0,19.0,0.0,28.0,8.0,0.0,0
958,2016,11,Hungarian Grand Prix,154,Romain,Grosjean,210,Haas F1 Team,11.0,11.0,28.0,10.0,0.0,28.0,8.0,0.0,0
958,2016,11,Hungarian Grand Prix,825,Kevin,Magnussen,4,Renault,19.0,19.0,6.0,16.0,0.0,6.0,9.0,0.0,0
958,2016,11,Hungarian Grand Prix,826,Daniil,Kvyat,5,Toro Rosso,12.0,12.0,23.0,13.0,0.0,41.0,6.0,0.0,0
958,2016,11,Hungarian Grand Prix,831,Felipe,Nasr,15,Sauber,16.0,16.0,0.0,22.0,0.0,0.0,11.0,0.0,0
958,2016,11,Hungarian Grand Prix,13,Felipe,Massa,3,Williams,18.0,18.0,38.0,9.0,0.0,92.0,4.0,0.0,0
958,2016,11,Hungarian Grand Prix,836,Pascal,Wehrlein,209,Manor Marussia,20.0,21.0,1.0,17.0,0.0,1.0,10.0,0.0,0
958,2016,11,Hungarian Grand Prix,828,Marcus,Ericsson,15,Sauber,22.0,20.0,0.0,21.0,0.0,0.0,11.0,0.0,0
958,2016,11,Hungarian Grand Prix,837,Rio,Haryanto,209,Manor Marussia,21.0,22.0,0.0,23.0,0.0,1.0,10.0,0.0,0
958,2016,11,Hungarian Grand Prix,18,Jenson,Button,1,McLaren,8.0,8.0,13.0,15.0,0.0,32.0,7.0,0.0,0
959,2016,12,German Grand Prix,1,Lewis,Hamilton,131,Mercedes,2.0,2.0,192.0,1.0,5.0,378.0,1.0,10.0,1
959,2016,12,German Grand Prix,817,Daniel,Ricciardo,9,Red Bull,3.0,3.0,115.0,3.0,0.0,223.0,3.0,1.0,1
959,2016,12,German Grand Prix,830,Max,Verstappen,9,Red Bull,4.0,4.0,100.0,6.0,1.0,223.0,3.0,1.0,1
959,2016,12,German Grand Prix,3,Nico,Rosberg,131,Mercedes,1.0,1.0,186.0,2.0,5.0,378.0,1.0,10.0,0
959,2016,12,German Grand Prix,20,Sebastian,Vettel,6,Ferrari,6.0,6.0,110.0,5.0,0.0,224.0,2.0,0.0,0
959,2016,12,German Grand Prix,8,Kimi,Räikkönen,6,Ferrari,5.0,5.0,114.0,4.0,0.0,224.0,2.0,0.0,0
959,2016,12,German Grand Prix,807,Nico,Hülkenberg,10,Force India,8.0,7.0,27.0,12.0,0.0,74.0,5.0,0.0,0
959,2016,12,German Grand Prix,18,Jenson,Button,1,McLaren,12.0,12.0,13.0,15.0,0.0,38.0,7.0,0.0,0
959,2016,12,German Grand Prix,822,Valtteri,Bottas,3,Williams,7.0,8.0,56.0,7.0,0.0,94.0,4.0,0.0,0
959,2016,12,German Grand Prix,815,Sergio,Pérez,10,Force India,9.0,9.0,47.0,8.0,0.0,74.0,5.0,0.0,0
959,2016,12,German Grand Prix,821,Esteban,Gutiérrez,210,Haas F1 Team,11.0,11.0,0.0,19.0,0.0,28.0,8.0,0.0,0
959,2016,12,German Grand Prix,4,Fernando,Alonso,1,McLaren,13.0,14.0,24.0,13.0,0.0,38.0,7.0,0.0,0
959,2016,12,German Grand Prix,154,Romain,Grosjean,210,Haas F1 Team,20.0,15.0,28.0,11.0,0.0,28.0,8.0,0.0,0
959,2016,12,German Grand Prix,832,Carlos,Sainz,5,Toro Rosso,15.0,13.0,30.0,10.0,0.0,45.0,6.0,0.0,0
959,2016,12,German Grand Prix,826,Daniil,Kvyat,5,Toro Rosso,18.0,19.0,23.0,14.0,0.0,45.0,6.0,0.0,0
959,2016,12,German Grand Prix,825,Kevin,Magnussen,4,Renault,16.0,17.0,6.0,16.0,0.0,6.0,9.0,0.0,0
959,2016,12,German Grand Prix,836,Pascal,Wehrlein,209,Manor Marussia,17.0,18.0,1.0,17.0,0.0,1.0,10.0,0.0,0
959,2016,12,German Grand Prix,828,Marcus,Ericsson,15,Sauber,22.0,22.0,0.0,21.0,0.0,0.0,11.0,0.0,0
959,2016,12,German Grand Prix,835,Jolyon,Palmer,4,Renault,14.0,16.0,0.0,20.0,0.0,6.0,9.0,0.0,0
959,2016,12,German Grand Prix,837,Rio,Haryanto,209,Manor Marussia,19.0,20.0,0.0,23.0,0.0,1.0,10.0,0.0,0
959,2016,12,German Grand Prix,831,Felipe,Nasr,15,Sauber,21.0,21.0,0.0,22.0,0.0,0.0,11.0,0.0,0
959,2016,12,German Grand Prix,13,Felipe,Massa,3,Williams,10.0,10.0,38.0,9.0,0.0,94.0,4.0,0.0,0
960,2016,13,Belgian Grand Prix,3,Nico,Rosberg,131,Mercedes,1.0,1.0,198.0,2.0,5.0,415.0,1.0,11.0,1
960,2016,13,Belgian Grand Prix,817,Daniel,Ricciardo,9,Red Bull,5.0,5.0,133.0,3.0,0.0,256.0,2.0,1.0,1
960,2016,13,Belgian Grand Prix,1,Lewis,Hamilton,131,Mercedes,21.0,21.0,217.0,1.0,6.0,415.0,1.0,11.0,1
960,2016,13,Belgian Grand Prix,807,Nico,Hülkenberg,10,Force India,7.0,7.0,33.0,10.0,0.0,81.0,5.0,0.0,0
960,2016,13,Belgian Grand Prix,815,Sergio,Pérez,10,Force India,6.0,6.0,48.0,8.0,0.0,81.0,5.0,0.0,0
960,2016,13,Belgian Grand Prix,20,Sebastian,Vettel,6,Ferrari,4.0,4.0,120.0,5.0,0.0,242.0,3.0,0.0,0
960,2016,13,Belgian Grand Prix,4,Fernando,Alonso,1,McLaren,22.0,25.0,24.0,13.0,0.0,42.0,7.0,0.0,0
960,2016,13,Belgian Grand Prix,822,Valtteri,Bottas,3,Williams,8.0,8.0,58.0,7.0,0.0,96.0,4.0,0.0,0
960,2016,13,Belgian Grand Prix,8,Kimi,Räikkönen,6,Ferrari,3.0,3.0,122.0,4.0,0.0,242.0,3.0,0.0,0
960,2016,13,Belgian Grand Prix,13,Felipe,Massa,3,Williams,10.0,10.0,38.0,9.0,0.0,96.0,4.0,0.0,0
960,2016,13,Belgian Grand Prix,830,Max,Verstappen,9,Red Bull,2.0,2.0,115.0,6.0,1.0,256.0,2.0,1.0,0
960,2016,13,Belgian Grand Prix,821,Esteban,Gutiérrez,210,Haas F1 Team,18.0,13.0,0.0,19.0,0.0,28.0,8.0,0.0,0
960,2016,13,Belgian Grand Prix,154,Romain,Grosjean,210,Haas F1 Team,11.0,11.0,28.0,12.0,0.0,28.0,8.0,0.0,0
960,2016,13,Belgian Grand Prix,826,Daniil,Kvyat,5,Toro Rosso,19.0,19.0,23.0,14.0,0.0,45.0,6.0,0.0,0
960,2016,13,Belgian Grand Prix,835,Jolyon,Palmer,4,Renault,13.0,14.0,0.0,20.0,0.0,6.0,9.0,0.0,0
960,2016,13,Belgian Grand Prix,839,Esteban,Ocon,209,Manor Marussia,17.0,18.0,0.0,28.0,0.0,1.0,10.0,0.0,0
960,2016,13,Belgian Grand Prix,831,Felipe,Nasr,15,Sauber,16.0,17.0,0.0,22.0,0.0,0.0,11.0,0.0,0
960,2016,13,Belgian Grand Prix,825,Kevin,Magnussen,4,Renault,12.0,12.0,6.0,16.0,0.0,6.0,9.0,0.0,0
960,2016,13,Belgian Grand Prix,828,Marcus,Ericsson,15,Sauber,20.0,20.0,0.0,21.0,0.0,0.0,11.0,0.0,0
960,2016,13,Belgian Grand Prix,832,Carlos,Sainz,5,Toro Rosso,14.0,15.0,30.0,11.0,0.0,45.0,6.0,0.0,0
960,2016,13,Belgian Grand Prix,18,Jenson,Button,1,McLaren,9.0,9.0,17.0,15.0,0.0,42.0,7.0,0.0,0
960,2016,13,Belgian Grand Prix,836,Pascal,Wehrlein,209,Manor Marussia,15.0,16.0,1.0,17.0,0.0,1.0,10.0,0.0,0
961,2016,14,Italian Grand Prix,3,Nico,Rosberg,131,Mercedes,2.0,2.0,223.0,2.0,6.0,455.0,1.0,12.0,1
961,2016,14,Italian Grand Prix,1,Lewis,Hamilton,131,Mercedes,1.0,1.0,232.0,1.0,6.0,455.0,1.0,12.0,1
961,2016,14,Italian Grand Prix,20,Sebastian,Vettel,6,Ferrari,3.0,3.0,128.0,4.0,0.0,252.0,3.0,0.0,1
961,2016,14,Italian Grand Prix,8,Kimi,Räikkönen,6,Ferrari,4.0,4.0,124.0,5.0,0.0,252.0,3.0,0.0,0
961,2016,14,Italian Grand Prix,817,Daniel,Ricciardo,9,Red Bull,6.0,6.0,151.0,3.0,0.0,274.0,2.0,1.0,0
961,2016,14,Italian Grand Prix,822,Valtteri,Bottas,3,Williams,5.0,5.0,62.0,7.0,0.0,101.0,5.0,0.0,0
961,2016,14,Italian Grand Prix,830,Max,Verstappen,9,Red Bull,7.0,7.0,115.0,6.0,1.0,274.0,2.0,1.0,0
961,2016,14,Italian Grand Prix,815,Sergio,Pérez,10,Force India,8.0,8.0,58.0,8.0,0.0,103.0,4.0,0.0,0
961,2016,14,Italian Grand Prix,13,Felipe,Massa,3,Williams,11.0,11.0,39.0,10.0,0.0,101.0,5.0,0.0,0
961,2016,14,Italian Grand Prix,807,Nico,Hülkenberg,10,Force India,9.0,9.0,45.0,9.0,0.0,103.0,4.0,0.0,0
961,2016,14,Italian Grand Prix,154,Romain,Grosjean,210,Haas F1 Team,17.0,12.0,28.0,13.0,0.0,28.0,8.0,0.0,0
961,2016,14,Italian Grand Prix,18,Jenson,Button,1,McLaren,14.0,15.0,17.0,15.0,0.0,48.0,6.0,0.0,0
961,2016,14,Italian Grand Prix,821,Esteban,Gutiérrez,210,Haas F1 Team,10.0,10.0,0.0,19.0,0.0,28.0,8.0,0.0,0
961,2016,14,Italian Grand Prix,4,Fernando,Alonso,1,McLaren,12.0,13.0,30.0,11.0,0.0,48.0,6.0,0.0,0
961,2016,14,Italian Grand Prix,832,Carlos,Sainz,5,Toro Rosso,15.0,16.0,30.0,12.0,0.0,45.0,7.0,0.0,0
961,2016,14,Italian Grand Prix,828,Marcus,Ericsson,15,Sauber,19.0,19.0,0.0,21.0,0.0,0.0,11.0,0.0,0
961,2016,14,Italian Grand Prix,825,Kevin,Magnussen,4,Renault,21.0,21.0,6.0,16.0,0.0,6.0,9.0,0.0,0
961,2016,14,Italian Grand Prix,839,Esteban,Ocon,209,Manor Marussia,22.0,25.0,0.0,24.0,0.0,1.0,10.0,0.0,0
961,2016,14,Italian Grand Prix,826,Daniil,Kvyat,5,Toro Rosso,16.0,17.0,23.0,14.0,0.0,45.0,7.0,0.0,0
961,2016,14,Italian Grand Prix,836,Pascal,Wehrlein,209,Manor Marussia,13.0,14.0,1.0,17.0,0.0,1.0,10.0,0.0,0
961,2016,14,Italian Grand Prix,835,Jolyon,Palmer,4,Renault,20.0,20.0,0.0,20.0,0.0,6.0,9.0,0.0,0
961,2016,14,Italian Grand Prix,831,Felipe,Nasr,15,Sauber,18.0,18.0,0.0,22.0,0.0,0.0,11.0,0.0,0
962,2016,15,Singapore Grand Prix,3,Nico,Rosberg,131,Mercedes,1.0,1.0,248.0,2.0,7.0,498.0,1.0,13.0,1
962,2016,15,Singapore Grand Prix,817,Daniel,Ricciardo,9,Red Bull,2.0,2.0,161.0,3.0,0.0,290.0,2.0,1.0,1
962,2016,15,Singapore Grand Prix,1,Lewis,Hamilton,131,Mercedes,3.0,3.0,250.0,1.0,6.0,498.0,1.0,13.0,1
962,2016,15,Singapore Grand Prix,8,Kimi,Räikkönen,6,Ferrari,5.0,5.0,136.0,5.0,0.0,279.0,3.0,0.0,0
962,2016,15,Singapore Grand Prix,20,Sebastian,Vettel,6,Ferrari,22.0,22.0,143.0,4.0,0.0,279.0,3.0,0.0,0
962,2016,15,Singapore Grand Prix,830,Max,Verstappen,9,Red Bull,4.0,4.0,121.0,6.0,1.0,290.0,2.0,1.0,0
962,2016,15,Singapore Grand Prix,4,Fernando,Alonso,1,McLaren,9.0,9.0,30.0,11.0,0.0,48.0,6.0,0.0,0
962,2016,15,Singapore Grand Prix,815,Sergio,Pérez,10,Force India,17.0,10.0,62.0,8.0,0.0,108.0,5.0,0.0,0
962,2016,15,Singapore Grand Prix,826,Daniil,Kvyat,5,Toro Rosso,7.0,7.0,23.0,14.0,0.0,45.0,7.0,0.0,0
962,2016,15,Singapore Grand Prix,825,Kevin,Magnussen,4,Renault,15.0,17.0,6.0,16.0,0.0,6.0,9.0,0.0,0
962,2016,15,Singapore Grand Prix,821,Esteban,Gutiérrez,210,Haas F1 Team,13.0,14.0,0.0,19.0,0.0,28.0,8.0,0.0,0
962,2016,15,Singapore Grand Prix,13,Felipe,Massa,3,Williams,11.0,12.0,41.0,10.0,0.0,111.0,4.0,0.0,0
962,2016,15,Singapore Grand Prix,831,Felipe,Nasr,15,Sauber,16.0,18.0,0.0,22.0,0.0,0.0,11.0,0.0,0
962,2016,15,Singapore Grand Prix,832,Carlos,Sainz,5,Toro Rosso,6.0,6.0,30.0,12.0,0.0,45.0,7.0,0.0,0
962,2016,15,Singapore Grand Prix,835,Jolyon,Palmer,4,Renault,18.0,19.0,0.0,20.0,0.0,6.0,9.0,0.0,0
962,2016,15,Singapore Grand Prix,836,Pascal,Wehrlein,209,Manor Marussia,19.0,20.0,1.0,17.0,0.0,1.0,10.0,0.0,0
962,2016,15,Singapore Grand Prix,828,Marcus,Ericsson,15,Sauber,14.0,16.0,0.0,21.0,0.0,0.0,11.0,0.0,0
962,2016,15,Singapore Grand Prix,839,Esteban,Ocon,209,Manor Marussia,21.0,21.0,0.0,24.0,0.0,1.0,10.0,0.0,0
962,2016,15,Singapore Grand Prix,18,Jenson,Button,1,McLaren,12.0,13.0,17.0,15.0,0.0,48.0,6.0,0.0,0
962,2016,15,Singapore Grand Prix,822,Valtteri,Bottas,3,Williams,10.0,11.0,70.0,7.0,0.0,111.0,4.0,0.0,0
962,2016,15,Singapore Grand Prix,807,Nico,Hülkenberg,10,Force India,8.0,8.0,46.0,9.0,0.0,108.0,5.0,0.0,0
962,2016,15,Singapore Grand Prix,154,Romain,Grosjean,210,Haas F1 Team,20.0,15.0,28.0,13.0,0.0,28.0,8.0,0.0,0
963,2016,16,Malaysian Grand Prix,817,Daniel,Ricciardo,9,Red Bull,4.0,4.0,179.0,3.0,0.0,316.0,2.0,1.0,1
963,2016,16,Malaysian Grand Prix,830,Max,Verstappen,9,Red Bull,3.0,3.0,129.0,6.0,1.0,316.0,2.0,1.0,1
963,2016,16,Malaysian Grand Prix,3,Nico,Rosberg,131,Mercedes,2.0,2.0,273.0,1.0,8.0,538.0,1.0,14.0,1
963,2016,16,Malaysian Grand Prix,8,Kimi,Räikkönen,6,Ferrari,6.0,6.0,148.0,5.0,0.0,301.0,3.0,0.0,0
963,2016,16,Malaysian Grand Prix,822,Valtteri,Bottas,3,Williams,11.0,11.0,70.0,7.0,0.0,111.0,5.0,0.0,0
963,2016,16,Malaysian Grand Prix,815,Sergio,Pérez,10,Force India,7.0,7.0,66.0,8.0,0.0,112.0,4.0,0.0,0
963,2016,16,Malaysian Grand Prix,4,Fernando,Alonso,1,McLaren,22.0,22.0,36.0,11.0,0.0,54.0,6.0,0.0,0
963,2016,16,Malaysian Grand Prix,807,Nico,Hülkenberg,10,Force India,8.0,8.0,46.0,9.0,0.0,112.0,4.0,0.0,0
963,2016,16,Malaysian Grand Prix,18,Jenson,Button,1,McLaren,9.0,9.0,17.0,15.0,0.0,54.0,6.0,0.0,0
963,2016,16,Malaysian Grand Prix,835,Jolyon,Palmer,4,Renault,19.0,19.0,0.0,20.0,0.0,7.0,9.0,0.0,0
963,2016,16,Malaysian Grand Prix,832,Carlos,Sainz,5,Toro Rosso,16.0,16.0,30.0,12.0,0.0,47.0,7.0,0.0,0
963,2016,16,Malaysian Grand Prix,828,Marcus,Ericsson,15,Sauber,17.0,17.0,0.0,21.0,0.0,0.0,11.0,0.0,0
963,2016,16,Malaysian Grand Prix,13,Felipe,Massa,3,Williams,10.0,10.0,41.0,10.0,0.0,111.0,5.0,0.0,0
963,2016,16,Malaysian Grand Prix,826,Daniil,Kvyat,5,Toro Rosso,15.0,15.0,25.0,14.0,0.0,47.0,7.0,0.0,0
963,2016,16,Malaysian Grand Prix,836,Pascal,Wehrlein,209,Manor Marussia,21.0,21.0,1.0,17.0,0.0,1.0,10.0,0.0,0
963,2016,16,Malaysian Grand Prix,839,Esteban,Ocon,209,Manor Marussia,20.0,20.0,0.0,24.0,0.0,1.0,10.0,0.0,0
963,2016,16,Malaysian Grand Prix,831,Felipe,Nasr,15,Sauber,18.0,18.0,0.0,22.0,0.0,0.0,11.0,0.0,0
963,2016,16,Malaysian Grand Prix,1,Lewis,Hamilton,131,Mercedes,1.0,1.0,265.0,2.0,6.0,538.0,1.0,14.0,0
963,2016,16,Malaysian Grand Prix,821,Esteban,Gutiérrez,210,Haas F1 Team,13.0,13.0,0.0,19.0,0.0,28.0,8.0,0.0,0
963,2016,16,Malaysian Grand Prix,825,Kevin,Magnussen,4,Renault,14.0,14.0,7.0,16.0,0.0,7.0,9.0,0.0,0
963,2016,16,Malaysian Grand Prix,154,Romain,Grosjean,210,Haas F1 Team,12.0,12.0,28.0,13.0,0.0,28.0,8.0,0.0,0
963,2016,16,Malaysian Grand Prix,20,Sebastian,Vettel,6,Ferrari,5.0,5.0,153.0,4.0,0.0,301.0,3.0,0.0,0
964,2016,17,Japanese Grand Prix,3,Nico,Rosberg,131,Mercedes,1.0,1.0,288.0,1.0,8.0,553.0,1.0,14.0,1
964,2016,17,Japanese Grand Prix,830,Max,Verstappen,9,Red Bull,3.0,5.0,147.0,6.0,1.0,359.0,2.0,2.0,1
964,2016,17,Japanese Grand Prix,1,Lewis,Hamilton,131,Mercedes,2.0,2.0,265.0,2.0,6.0,553.0,1.0,14.0,1
964,2016,17,Japanese Grand Prix,20,Sebastian,Vettel,6,Ferrari,6.0,4.0,153.0,5.0,0.0,313.0,3.0,0.0,0
964,2016,17,Japanese Grand Prix,8,Kimi,Räikkönen,6,Ferrari,8.0,3.0,160.0,4.0,0.0,313.0,3.0,0.0,0
964,2016,17,Japanese Grand Prix,817,Daniel,Ricciardo,9,Red Bull,4.0,6.0,204.0,3.0,1.0,359.0,2.0,2.0,0
964,2016,17,Japanese Grand Prix,815,Sergio,Pérez,10,Force India,5.0,7.0,74.0,8.0,0.0,124.0,4.0,0.0,0
964,2016,17,Japanese Grand Prix,807,Nico,Hülkenberg,10,Force India,9.0,9.0,50.0,9.0,0.0,124.0,4.0,0.0,0
964,2016,17,Japanese Grand Prix,13,Felipe,Massa,3,Williams,12.0,12.0,41.0,11.0,0.0,121.0,5.0,0.0,0
964,2016,17,Japanese Grand Prix,822,Valtteri,Bottas,3,Williams,11.0,11.0,80.0,7.0,0.0,121.0,5.0,0.0,0
964,2016,17,Japanese Grand Prix,154,Romain,Grosjean,210,Haas F1 Team,7.0,8.0,28.0,13.0,0.0,28.0,8.0,0.0,0
964,2016,17,Japanese Grand Prix,835,Jolyon,Palmer,4,Renault,16.0,16.0,1.0,17.0,0.0,8.0,9.0,0.0,0
964,2016,17,Japanese Grand Prix,826,Daniil,Kvyat,5,Toro Rosso,13.0,13.0,25.0,14.0,0.0,47.0,7.0,0.0,0
964,2016,17,Japanese Grand Prix,825,Kevin,Magnussen,4,Renault,17.0,18.0,7.0,16.0,0.0,8.0,9.0,0.0,0
964,2016,17,Japanese Grand Prix,828,Marcus,Ericsson,15,Sauber,18.0,19.0,0.0,21.0,0.0,0.0,11.0,0.0,0
964,2016,17,Japanese Grand Prix,4,Fernando,Alonso,1,McLaren,15.0,15.0,42.0,10.0,0.0,62.0,6.0,0.0,0
964,2016,17,Japanese Grand Prix,832,Carlos,Sainz,5,Toro Rosso,14.0,14.0,30.0,12.0,0.0,47.0,7.0,0.0,0
964,2016,17,Japanese Grand Prix,18,Jenson,Button,1,McLaren,22.0,17.0,19.0,15.0,0.0,62.0,6.0,0.0,0
964,2016,17,Japanese Grand Prix,831,Felipe,Nasr,15,Sauber,19.0,20.0,0.0,22.0,0.0,0.0,11.0,0.0,0
964,2016,17,Japanese Grand Prix,821,Esteban,Gutiérrez,210,Haas F1 Team,10.0,10.0,0.0,20.0,0.0,28.0,8.0,0.0,0
964,2016,17,Japanese Grand Prix,839,Esteban,Ocon,209,Manor Marussia,20.0,21.0,0.0,24.0,0.0,1.0,10.0,0.0,0
964,2016,17,Japanese Grand Prix,836,Pascal,Wehrlein,209,Manor Marussia,21.0,22.0,1.0,18.0,0.0,1.0,10.0,0.0,0
965,2016,18,United States Grand Prix,1,Lewis,Hamilton,131,Mercedes,1.0,1.0,280.0,2.0,6.0,593.0,1.0,15.0,1
965,2016,18,United States Grand Prix,3,Nico,Rosberg,131,Mercedes,2.0,2.0,313.0,1.0,9.0,593.0,1.0,15.0,1
965,2016,18,United States Grand Prix,817,Daniel,Ricciardo,9,Red Bull,3.0,3.0,212.0,3.0,1.0,385.0,2.0,2.0,1
965,2016,18,United States Grand Prix,20,Sebastian,Vettel,6,Ferrari,6.0,6.0,165.0,6.0,0.0,335.0,3.0,0.0,0
965,2016,18,United States Grand Prix,4,Fernando,Alonso,1,McLaren,12.0,12.0,42.0,11.0,0.0,62.0,6.0,0.0,0
965,2016,18,United States Grand Prix,832,Carlos,Sainz,5,Toro Rosso,10.0,10.0,30.0,12.0,0.0,47.0,7.0,0.0,0
965,2016,18,United States Grand Prix,13,Felipe,Massa,3,Williams,9.0,9.0,43.0,10.0,0.0,124.0,5.0,0.0,0
965,2016,18,United States Grand Prix,815,Sergio,Pérez,10,Force India,11.0,11.0,80.0,8.0,0.0,134.0,4.0,0.0,0
965,2016,18,United States Grand Prix,18,Jenson,Button,1,McLaren,19.0,19.0,19.0,15.0,0.0,62.0,6.0,0.0,0
965,2016,18,United States Grand Prix,154,Romain,Grosjean,210,Haas F1 Team,17.0,17.0,28.0,13.0,0.0,28.0,8.0,0.0,0
965,2016,18,United States Grand Prix,826,Daniil,Kvyat,5,Toro Rosso,13.0,13.0,25.0,14.0,0.0,47.0,7.0,0.0,0
965,2016,18,United States Grand Prix,825,Kevin,Magnussen,4,Renault,18.0,18.0,7.0,16.0,0.0,8.0,9.0,0.0,0
965,2016,18,United States Grand Prix,835,Jolyon,Palmer,4,Renault,15.0,15.0,1.0,17.0,0.0,8.0,9.0,0.0,0
965,2016,18,United States Grand Prix,828,Marcus,Ericsson,15,Sauber,16.0,16.0,0.0,21.0,0.0,0.0,11.0,0.0,0
965,2016,18,United States Grand Prix,831,Felipe,Nasr,15,Sauber,21.0,21.0,0.0,22.0,0.0,0.0,11.0,0.0,0
965,2016,18,United States Grand Prix,822,Valtteri,Bottas,3,Williams,8.0,8.0,81.0,7.0,0.0,124.0,5.0,0.0,0
965,2016,18,United States Grand Prix,836,Pascal,Wehrlein,209,Manor Marussia,20.0,20.0,1.0,18.0,0.0,1.0,10.0,0.0,0
965,2016,18,United States Grand Prix,839,Esteban,Ocon,209,Manor Marussia,22.0,22.0,0.0,24.0,0.0,1.0,10.0,0.0,0
965,2016,18,United States Grand Prix,8,Kimi,Räikkönen,6,Ferrari,5.0,5.0,170.0,4.0,0.0,335.0,3.0,0.0,0
965,2016,18,United States Grand Prix,830,Max,Verstappen,9,Red Bull,4.0,4.0,165.0,5.0,1.0,385.0,2.0,2.0,0
965,2016,18,United States Grand Prix,821,Esteban,Gutiérrez,210,Haas F1 Team,14.0,14.0,0.0,20.0,0.0,28.0,8.0,0.0,0
965,2016,18,United States Grand Prix,807,Nico,Hülkenberg,10,Force India,7.0,7.0,54.0,9.0,0.0,134.0,4.0,0.0,0
966,2016,19,Mexican Grand Prix,1,Lewis,Hamilton,131,Mercedes,1.0,1.0,305.0,2.0,7.0,636.0,1.0,16.0,1
966,2016,19,Mexican Grand Prix,3,Nico,Rosberg,131,Mercedes,2.0,2.0,331.0,1.0,9.0,636.0,1.0,16.0,1
966,2016,19,Mexican Grand Prix,817,Daniel,Ricciardo,9,Red Bull,4.0,4.0,227.0,3.0,1.0,400.0,2.0,2.0,1
966,2016,19,Mexican Grand Prix,830,Max,Verstappen,9,Red Bull,3.0,3.0,165.0,6.0,1.0,400.0,2.0,2.0,0
966,2016,19,Mexican Grand Prix,20,Sebastian,Vettel,6,Ferrari,7.0,7.0,177.0,4.0,0.0,347.0,3.0,0.0,0
966,2016,19,Mexican Grand Prix,8,Kimi,Räikkönen,6,Ferrari,6.0,6.0,170.0,5.0,0.0,347.0,3.0,0.0,0
966,2016,19,Mexican Grand Prix,807,Nico,Hülkenberg,10,Force India,5.0,5.0,54.0,9.0,0.0,138.0,4.0,0.0,0
966,2016,19,Mexican Grand Prix,822,Valtteri,Bottas,3,Williams,8.0,8.0,81.0,8.0,0.0,130.0,5.0,0.0,0
966,2016,19,Mexican Grand Prix,13,Felipe,Massa,3,Williams,9.0,9.0,49.0,11.0,0.0,130.0,5.0,0.0,0
966,2016,19,Mexican Grand Prix,815,Sergio,Pérez,10,Force India,12.0,12.0,84.0,7.0,0.0,138.0,4.0,0.0,0
966,2016,19,Mexican Grand Prix,828,Marcus,Ericsson,15,Sauber,15.0,15.0,0.0,21.0,0.0,0.0,11.0,0.0,0
966,2016,19,Mexican Grand Prix,18,Jenson,Button,1,McLaren,13.0,13.0,21.0,15.0,0.0,74.0,6.0,0.0,0
966,2016,19,Mexican Grand Prix,4,Fernando,Alonso,1,McLaren,11.0,11.0,52.0,10.0,0.0,74.0,6.0,0.0,0
966,2016,19,Mexican Grand Prix,835,Jolyon,Palmer,4,Renault,21.0,25.0,1.0,17.0,0.0,8.0,9.0,0.0,0
966,2016,19,Mexican Grand Prix,831,Felipe,Nasr,15,Sauber,19.0,19.0,0.0,22.0,0.0,0.0,11.0,0.0,0
966,2016,19,Mexican Grand Prix,832,Carlos,Sainz,5,Toro Rosso,10.0,10.0,38.0,12.0,0.0,55.0,7.0,0.0,0
966,2016,19,Mexican Grand Prix,825,Kevin,Magnussen,4,Renault,14.0,14.0,7.0,16.0,0.0,8.0,9.0,0.0,0
966,2016,19,Mexican Grand Prix,826,Daniil,Kvyat,5,Toro Rosso,18.0,18.0,25.0,14.0,0.0,55.0,7.0,0.0,0
966,2016,19,Mexican Grand Prix,821,Esteban,Gutiérrez,210,Haas F1 Team,17.0,17.0,0.0,20.0,0.0,29.0,8.0,0.0,0
966,2016,19,Mexican Grand Prix,154,Romain,Grosjean,210,Haas F1 Team,22.0,21.0,29.0,13.0,0.0,29.0,8.0,0.0,0
966,2016,19,Mexican Grand Prix,839,Esteban,Ocon,209,Manor Marussia,20.0,20.0,0.0,24.0,0.0,1.0,10.0,0.0,0
966,2016,19,Mexican Grand Prix,836,Pascal,Wehrlein,209,Manor Marussia,16.0,16.0,1.0,18.0,0.0,1.0,10.0,0.0,0
967,2016,20,Brazilian Grand Prix,1,Lewis,Hamilton,131,Mercedes,1.0,1.0,330.0,2.0,8.0,679.0,1.0,17.0,1
967,2016,20,Brazilian Grand Prix,3,Nico,Rosberg,131,Mercedes,2.0,2.0,349.0,1.0,9.0,679.0,1.0,17.0,1
967,2016,20,Brazilian Grand Prix,830,Max,Verstappen,9,Red Bull,4.0,4.0,177.0,6.0,1.0,427.0,2.0,2.0,1
967,2016,20,Brazilian Grand Prix,815,Sergio,Pérez,10,Force India,9.0,9.0,85.0,7.0,0.0,145.0,4.0,0.0,0
967,2016,20,Brazilian Grand Prix,20,Sebastian,Vettel,6,Ferrari,5.0,5.0,187.0,4.0,0.0,365.0,3.0,0.0,0
967,2016,20,Brazilian Grand Prix,832,Carlos,Sainz,5,Toro Rosso,15.0,15.0,38.0,12.0,0.0,55.0,7.0,0.0,0
967,2016,20,Brazilian Grand Prix,807,Nico,Hülkenberg,10,Force India,8.0,8.0,60.0,9.0,0.0,145.0,4.0,0.0,0
967,2016,20,Brazilian Grand Prix,817,Daniel,Ricciardo,9,Red Bull,6.0,6.0,242.0,3.0,1.0,427.0,2.0,2.0,0
967,2016,20,Brazilian Grand Prix,831,Felipe,Nasr,15,Sauber,21.0,22.0,0.0,22.0,0.0,0.0,11.0,0.0,0
967,2016,20,Brazilian Grand Prix,4,Fernando,Alonso,1,McLaren,10.0,10.0,52.0,10.0,0.0,74.0,6.0,0.0,0
967,2016,20,Brazilian Grand Prix,822,Valtteri,Bottas,3,Williams,11.0,11.0,85.0,8.0,0.0,136.0,5.0,0.0,0
967,2016,20,Brazilian Grand Prix,839,Esteban,Ocon,209,Manor Marussia,22.0,20.0,0.0,24.0,0.0,1.0,10.0,0.0,0
967,2016,20,Brazilian Grand Prix,826,Daniil,Kvyat,5,Toro Rosso,14.0,14.0,25.0,14.0,0.0,55.0,7.0,0.0,0
967,2016,20,Brazilian Grand Prix,825,Kevin,Magnussen,4,Renault,18.0,18.0,7.0,16.0,0.0,8.0,9.0,0.0,0
967,2016,20,Brazilian Grand Prix,836,Pascal,Wehrlein,209,Manor Marussia,19.0,19.0,1.0,18.0,0.0,1.0,10.0,0.0,0
967,2016,20,Brazilian Grand Prix,18,Jenson,Button,1,McLaren,17.0,17.0,21.0,15.0,0.0,74.0,6.0,0.0,0
967,2016,20,Brazilian Grand Prix,821,Esteban,Gutiérrez,210,Haas F1 Team,12.0,12.0,0.0,20.0,0.0,29.0,8.0,0.0,0
967,2016,20,Brazilian Grand Prix,13,Felipe,Massa,3,Williams,13.0,13.0,51.0,11.0,0.0,136.0,5.0,0.0,0
967,2016,20,Brazilian Grand Prix,835,Jolyon,Palmer,4,Renault,16.0,16.0,1.0,17.0,0.0,8.0,9.0,0.0,0
967,2016,20,Brazilian Grand Prix,8,Kimi,Räikkönen,6,Ferrari,3.0,3.0,178.0,5.0,0.0,365.0,3.0,0.0,0
967,2016,20,Brazilian Grand Prix,828,Marcus,Ericsson,15,Sauber,20.0,21.0,0.0,21.0,0.0,0.0,11.0,0.0,0
967,2016,20,Brazilian Grand Prix,154,Romain,Grosjean,210,Haas F1 Team,7.0,7.0,29.0,13.0,0.0,29.0,8.0,0.0,0
968,2016,21,Abu Dhabi Grand Prix,1,Lewis,Hamilton,131,Mercedes,1.0,1.0,355.0,2.0,9.0,722.0,1.0,18.0,1
968,2016,21,Abu Dhabi Grand Prix,3,Nico,Rosberg,131,Mercedes,2.0,2.0,367.0,1.0,9.0,722.0,1.0,18.0,1
968,2016,21,Abu Dhabi Grand Prix,20,Sebastian,Vettel,6,Ferrari,5.0,5.0,197.0,4.0,0.0,375.0,3.0,0.0,1
968,2016,21,Abu Dhabi Grand Prix,830,Max,Verstappen,9,Red Bull,6.0,6.0,192.0,5.0,1.0,446.0,2.0,2.0,0
968,2016,21,Abu Dhabi Grand Prix,817,Daniel,Ricciardo,9,Red Bull,3.0,3.0,246.0,3.0,1.0,446.0,2.0,2.0,0
968,2016,21,Abu Dhabi Grand Prix,8,Kimi,Räikkönen,6,Ferrari,4.0,4.0,178.0,6.0,0.0,375.0,3.0,0.0,0
968,2016,21,Abu Dhabi Grand Prix,807,Nico,Hülkenberg,10,Force India,7.0,7.0,66.0,9.0,0.0,163.0,4.0,0.0,0
968,2016,21,Abu Dhabi Grand Prix,815,Sergio,Pérez,10,Force India,8.0,8.0,97.0,7.0,0.0,163.0,4.0,0.0,0
968,2016,21,Abu Dhabi Grand Prix,13,Felipe,Massa,3,Williams,10.0,10.0,51.0,11.0,0.0,136.0,5.0,0.0,0
968,2016,21,Abu Dhabi Grand Prix,4,Fernando,Alonso,1,McLaren,9.0,9.0,53.0,10.0,0.0,75.0,6.0,0.0,0
968,2016,21,Abu Dhabi Grand Prix,154,Romain,Grosjean,210,Haas F1 Team,14.0,14.0,29.0,13.0,0.0,29.0,8.0,0.0,0
968,2016,21,Abu Dhabi Grand Prix,821,Esteban,Gutiérrez,210,Haas F1 Team,13.0,13.0,0.0,21.0,0.0,29.0,8.0,0.0,0
968,2016,21,Abu Dhabi Grand Prix,839,Esteban,Ocon,209,Manor Marussia,20.0,20.0,0.0,23.0,0.0,1.0,11.0,0.0,0
968,2016,21,Abu Dhabi Grand Prix,836,Pascal,Wehrlein,209,Manor Marussia,16.0,16.0,1.0,19.0,0.0,1.0,11.0,0.0,0
968,2016,21,Abu Dhabi Grand Prix,828,Marcus,Ericsson,15,Sauber,22.0,22.0,0.0,22.0,0.0,2.0,10.0,0.0,0
968,2016,21,Abu Dhabi Grand Prix,831,Felipe,Nasr,15,Sauber,19.0,19.0,2.0,17.0,0.0,2.0,10.0,0.0,0
968,2016,21,Abu Dhabi Grand Prix,835,Jolyon,Palmer,4,Renault,15.0,15.0,1.0,18.0,0.0,8.0,9.0,0.0,0
968,2016,21,Abu Dhabi Grand Prix,832,Carlos,Sainz,5,Toro Rosso,21.0,21.0,46.0,12.0,0.0,63.0,7.0,0.0,0
968,2016,21,Abu Dhabi Grand Prix,826,Daniil,Kvyat,5,Toro Rosso,17.0,17.0,25.0,14.0,0.0,63.0,7.0,0.0,0
968,2016,21,Abu Dhabi Grand Prix,18,Jenson,Button,1,McLaren,12.0,12.0,21.0,15.0,0.0,75.0,6.0,0.0,0
968,2016,21,Abu Dhabi Grand Prix,822,Valtteri,Bottas,3,Williams,11.0,11.0,85.0,8.0,0.0,136.0,5.0,0.0,0
968,2016,21,Abu Dhabi Grand Prix,825,Kevin,Magnussen,4,Renault,18.0,18.0,7.0,16.0,0.0,8.0,9.0,0.0,0
969,2017,1,Australian Grand Prix,20,Sebastian,Vettel,6,Ferrari,2.0,2.0,212.0,4.0,0.0,398.0,3.0,0.0,1
969,2017,1,Australian Grand Prix,1,Lewis,Hamilton,131,Mercedes,1.0,1.0,380.0,2.0,10.0,765.0,1.0,19.0,1
969,2017,1,Australian Grand Prix,822,Valtteri,Bottas,131,Mercedes,3.0,3.0,85.0,8.0,0.0,765.0,1.0,19.0,1
969,2017,1,Australian Grand Prix,8,Kimi,Räikkönen,6,Ferrari,4.0,4.0,186.0,6.0,0.0,398.0,3.0,0.0,0
969,2017,1,Australian Grand Prix,830,Max,Verstappen,9,Red Bull,5.0,5.0,204.0,5.0,1.0,468.0,2.0,2.0,0
969,2017,1,Australian Grand Prix,13,Felipe,Massa,3,Williams,7.0,7.0,53.0,11.0,0.0,138.0,5.0,0.0,0
969,2017,1,Australian Grand Prix,815,Sergio,Pérez,10,Force India,10.0,11.0,101.0,7.0,0.0,173.0,4.0,0.0,0
969,2017,1,Australian Grand Prix,832,Carlos,Sainz,5,Toro Rosso,8.0,8.0,46.0,12.0,0.0,63.0,7.0,0.0,0
969,2017,1,Australian Grand Prix,826,Daniil,Kvyat,5,Toro Rosso,9.0,9.0,25.0,14.0,0.0,63.0,7.0,0.0,0
969,2017,1,Australian Grand Prix,839,Esteban,Ocon,10,Force India,13.0,14.0,0.0,23.0,0.0,173.0,4.0,0.0,0
969,2017,1,Australian Grand Prix,807,Nico,Hülkenberg,4,Renault,11.0,12.0,72.0,9.0,0.0,8.0,9.0,0.0,0
969,2017,1,Australian Grand Prix,841,Antonio,Giovinazzi,15,Sauber,16.0,16.0,0.0,28.0,0.0,2.0,10.0,0.0,0
969,2017,1,Australian Grand Prix,838,Stoffel,Vandoorne,1,McLaren,18.0,18.0,1.0,20.0,0.0,76.0,6.0,0.0,0
969,2017,1,Australian Grand Prix,4,Fernando,Alonso,1,McLaren,12.0,13.0,54.0,10.0,0.0,76.0,6.0,0.0,0
969,2017,1,Australian Grand Prix,825,Kevin,Magnussen,210,Haas F1 Team,17.0,17.0,7.0,16.0,0.0,29.0,8.0,0.0,0
969,2017,1,Australian Grand Prix,840,Lance,Stroll,3,Williams,20.0,19.0,0.0,28.0,0.0,138.0,5.0,0.0,0
969,2017,1,Australian Grand Prix,817,Daniel,Ricciardo,9,Red Bull,0.0,10.0,256.0,3.0,1.0,468.0,2.0,2.0,0
969,2017,1,Australian Grand Prix,828,Marcus,Ericsson,15,Sauber,14.0,15.0,0.0,22.0,0.0,2.0,10.0,0.0,0
969,2017,1,Australian Grand Prix,835,Jolyon,Palmer,4,Renault,19.0,20.0,1.0,18.0,0.0,8.0,9.0,0.0,0
969,2017,1,Australian Grand Prix,154,Romain,Grosjean,210,Haas F1 Team,6.0,6.0,29.0,13.0,0.0,29.0,8.0,0.0,0
970,2017,2,Chinese Grand Prix,1,Lewis,Hamilton,131,Mercedes,1.0,1.0,18.0,2.0,0.0,33.0,2.0,0.0,1
970,2017,2,Chinese Grand Prix,20,Sebastian,Vettel,6,Ferrari,2.0,2.0,25.0,1.0,1.0,37.0,1.0,1.0,1
970,2017,2,Chinese Grand Prix,830,Max,Verstappen,9,Red Bull,16.0,19.0,10.0,5.0,0.0,10.0,3.0,0.0,1
970,2017,2,Chinese Grand Prix,817,Daniel,Ricciardo,9,Red Bull,5.0,5.0,0.0,17.0,0.0,10.0,3.0,0.0,0
970,2017,2,Chinese Grand Prix,8,Kimi,Räikkönen,6,Ferrari,4.0,4.0,12.0,4.0,0.0,37.0,1.0,1.0,0
970,2017,2,Chinese Grand Prix,822,Valtteri,Bottas,131,Mercedes,3.0,3.0,15.0,3.0,0.0,33.0,2.0,0.0,0
970,2017,2,Chinese Grand Prix,832,Carlos,Sainz,5,Toro Rosso,11.0,11.0,4.0,8.0,0.0,6.0,6.0,0.0,0
970,2017,2,Chinese Grand Prix,825,Kevin,Magnussen,210,Haas F1 Team,12.0,12.0,0.0,15.0,0.0,0.0,10.0,0.0,0
970,2017,2,Chinese Grand Prix,815,Sergio,Pérez,10,Force India,8.0,8.0,6.0,7.0,0.0,7.0,5.0,0.0,0
970,2017,2,Chinese Grand Prix,839,Esteban,Ocon,10,Force India,17.0,20.0,1.0,10.0,0.0,7.0,5.0,0.0,0
970,2017,2,Chinese Grand Prix,154,Romain,Grosjean,210,Haas F1 Team,19.0,17.0,0.0,20.0,0.0,0.0,10.0,0.0,0
970,2017,2,Chinese Grand Prix,807,Nico,Hülkenberg,4,Renault,7.0,7.0,0.0,11.0,0.0,0.0,7.0,0.0,0
970,2017,2,Chinese Grand Prix,835,Jolyon,Palmer,4,Renault,20.0,18.0,0.0,19.0,0.0,0.0,7.0,0.0,0
970,2017,2,Chinese Grand Prix,13,Felipe,Massa,3,Williams,6.0,6.0,8.0,6.0,0.0,8.0,4.0,0.0,0
970,2017,2,Chinese Grand Prix,828,Marcus,Ericsson,15,Sauber,14.0,14.0,0.0,18.0,0.0,0.0,8.0,0.0,0
970,2017,2,Chinese Grand Prix,4,Fernando,Alonso,1,McLaren,13.0,13.0,0.0,14.0,0.0,0.0,9.0,0.0,0
970,2017,2,Chinese Grand Prix,826,Daniil,Kvyat,5,Toro Rosso,9.0,9.0,2.0,9.0,0.0,6.0,6.0,0.0,0
970,2017,2,Chinese Grand Prix,838,Stoffel,Vandoorne,1,McLaren,15.0,16.0,0.0,13.0,0.0,0.0,9.0,0.0,0
970,2017,2,Chinese Grand Prix,841,Antonio,Giovinazzi,15,Sauber,18.0,15.0,0.0,12.0,0.0,0.0,8.0,0.0,0
970,2017,2,Chinese Grand Prix,840,Lance,Stroll,3,Williams,10.0,10.0,0.0,16.0,0.0,8.0,4.0,0.0,0
971,2017,3,Bahrain Grand Prix,20,Sebastian,Vettel,6,Ferrari,3.0,3.0,43.0,1.0,1.0,65.0,2.0,1.0,1
971,2017,3,Bahrain Grand Prix,1,Lewis,Hamilton,131,Mercedes,2.0,2.0,43.0,2.0,1.0,66.0,1.0,1.0,1
971,2017,3,Bahrain Grand Prix,822,Valtteri,Bottas,131,Mercedes,1.0,1.0,23.0,4.0,0.0,66.0,1.0,1.0,1
971,2017,3,Bahrain Grand Prix,8,Kimi,Räikkönen,6,Ferrari,5.0,5.0,22.0,5.0,0.0,65.0,2.0,1.0,0
971,2017,3,Bahrain Grand Prix,817,Daniel,Ricciardo,9,Red Bull,4.0,4.0,12.0,6.0,0.0,37.0,3.0,0.0,0
971,2017,3,Bahrain Grand Prix,13,Felipe,Massa,3,Williams,8.0,8.0,8.0,8.0,0.0,8.0,6.0,0.0,0
971,2017,3,Bahrain Grand Prix,815,Sergio,Pérez,10,Force India,18.0,18.0,8.0,9.0,0.0,10.0,5.0,0.0,0
971,2017,3,Bahrain Grand Prix,154,Romain,Grosjean,210,Haas F1 Team,9.0,9.0,0.0,14.0,0.0,4.0,7.0,0.0,0
971,2017,3,Bahrain Grand Prix,807,Nico,Hülkenberg,4,Renault,7.0,7.0,0.0,13.0,0.0,0.0,8.0,0.0,0
971,2017,3,Bahrain Grand Prix,839,Esteban,Ocon,10,Force India,14.0,14.0,2.0,12.0,0.0,10.0,5.0,0.0,0
971,2017,3,Bahrain Grand Prix,836,Pascal,Wehrlein,15,Sauber,13.0,13.0,1.0,19.0,0.0,0.0,9.0,0.0,0
971,2017,3,Bahrain Grand Prix,826,Daniil,Kvyat,5,Toro Rosso,11.0,11.0,2.0,11.0,0.0,12.0,4.0,0.0,0
971,2017,3,Bahrain Grand Prix,835,Jolyon,Palmer,4,Renault,10.0,10.0,0.0,17.0,0.0,0.0,8.0,0.0,0
971,2017,3,Bahrain Grand Prix,4,Fernando,Alonso,1,McLaren,15.0,15.0,0.0,19.0,0.0,0.0,10.0,0.0,0
971,2017,3,Bahrain Grand Prix,828,Marcus,Ericsson,15,Sauber,19.0,19.0,0.0,18.0,0.0,0.0,9.0,0.0,0
971,2017,3,Bahrain Grand Prix,832,Carlos,Sainz,5,Toro Rosso,16.0,16.0,10.0,7.0,0.0,12.0,4.0,0.0,0
971,2017,3,Bahrain Grand Prix,840,Lance,Stroll,3,Williams,12.0,12.0,0.0,20.0,0.0,8.0,6.0,0.0,0
971,2017,3,Bahrain Grand Prix,830,Max,Verstappen,9,Red Bull,6.0,6.0,25.0,3.0,0.0,37.0,3.0,0.0,0
971,2017,3,Bahrain Grand Prix,825,Kevin,Magnussen,210,Haas F1 Team,20.0,20.0,4.0,10.0,0.0,4.0,7.0,0.0,0
971,2017,3,Bahrain Grand Prix,838,Stoffel,Vandoorne,1,McLaren,17.0,17.0,0.0,16.0,0.0,0.0,10.0,0.0,0
972,2017,4,Russian Grand Prix,822,Valtteri,Bottas,131,Mercedes,3.0,3.0,38.0,3.0,0.0,99.0,2.0,1.0,1
972,2017,4,Russian Grand Prix,20,Sebastian,Vettel,6,Ferrari,1.0,1.0,68.0,1.0,2.0,102.0,1.0,2.0,1
972,2017,4,Russian Grand Prix,8,Kimi,Räikkönen,6,Ferrari,2.0,2.0,34.0,4.0,0.0,102.0,1.0,2.0,1
972,2017,4,Russian Grand Prix,1,Lewis,Hamilton,131,Mercedes,4.0,4.0,61.0,2.0,1.0,99.0,2.0,1.0,0
972,2017,4,Russian Grand Prix,830,Max,Verstappen,9,Red Bull,7.0,7.0,25.0,5.0,0.0,47.0,3.0,0.0,0
972,2017,4,Russian Grand Prix,815,Sergio,Pérez,10,Force India,9.0,9.0,14.0,8.0,0.0,17.0,4.0,0.0,0
972,2017,4,Russian Grand Prix,839,Esteban,Ocon,10,Force India,10.0,10.0,3.0,12.0,0.0,17.0,4.0,0.0,0
972,2017,4,Russian Grand Prix,807,Nico,Hülkenberg,4,Renault,8.0,8.0,2.0,13.0,0.0,2.0,8.0,0.0,0
972,2017,4,Russian Grand Prix,13,Felipe,Massa,3,Williams,6.0,6.0,16.0,7.0,0.0,16.0,5.0,0.0,0
972,2017,4,Russian Grand Prix,832,Carlos,Sainz,5,Toro Rosso,14.0,11.0,10.0,9.0,0.0,12.0,6.0,0.0,0
972,2017,4,Russian Grand Prix,840,Lance,Stroll,3,Williams,11.0,12.0,0.0,21.0,0.0,16.0,5.0,0.0,0
972,2017,4,Russian Grand Prix,826,Daniil,Kvyat,5,Toro Rosso,12.0,13.0,2.0,14.0,0.0,12.0,6.0,0.0,0
972,2017,4,Russian Grand Prix,825,Kevin,Magnussen,210,Haas F1 Team,13.0,14.0,4.0,11.0,0.0,8.0,7.0,0.0,0
972,2017,4,Russian Grand Prix,838,Stoffel,Vandoorne,1,McLaren,20.0,17.0,0.0,18.0,0.0,0.0,10.0,0.0,0
972,2017,4,Russian Grand Prix,828,Marcus,Ericsson,15,Sauber,18.0,19.0,0.0,20.0,0.0,0.0,9.0,0.0,0
972,2017,4,Russian Grand Prix,836,Pascal,Wehrlein,15,Sauber,17.0,18.0,0.0,15.0,0.0,0.0,9.0,0.0,0
972,2017,4,Russian Grand Prix,817,Daniel,Ricciardo,9,Red Bull,5.0,5.0,22.0,6.0,0.0,47.0,3.0,0.0,0
972,2017,4,Russian Grand Prix,835,Jolyon,Palmer,4,Renault,16.0,16.0,0.0,17.0,0.0,2.0,8.0,0.0,0
972,2017,4,Russian Grand Prix,154,Romain,Grosjean,210,Haas F1 Team,19.0,20.0,4.0,10.0,0.0,8.0,7.0,0.0,0
972,2017,4,Russian Grand Prix,4,Fernando,Alonso,1,McLaren,15.0,15.0,0.0,19.0,0.0,0.0,10.0,0.0,0
973,2017,5,Spanish Grand Prix,1,Lewis,Hamilton,131,Mercedes,1.0,1.0,73.0,2.0,1.0,136.0,1.0,2.0,1
973,2017,5,Spanish Grand Prix,20,Sebastian,Vettel,6,Ferrari,2.0,2.0,86.0,1.0,2.0,135.0,2.0,2.0,1
973,2017,5,Spanish Grand Prix,817,Daniel,Ricciardo,9,Red Bull,6.0,6.0,22.0,6.0,0.0,57.0,3.0,0.0,1
973,2017,5,Spanish Grand Prix,815,Sergio,Pérez,10,Force India,8.0,8.0,22.0,7.0,0.0,31.0,4.0,0.0,0
973,2017,5,Spanish Grand Prix,839,Esteban,Ocon,10,Force India,10.0,10.0,9.0,10.0,0.0,31.0,4.0,0.0,0
973,2017,5,Spanish Grand Prix,807,Nico,Hülkenberg,4,Renault,13.0,13.0,6.0,11.0,0.0,6.0,8.0,0.0,0
973,2017,5,Spanish Grand Prix,832,Carlos,Sainz,5,Toro Rosso,12.0,12.0,11.0,9.0,0.0,13.0,6.0,0.0,0
973,2017,5,Spanish Grand Prix,836,Pascal,Wehrlein,15,Sauber,15.0,15.0,0.0,15.0,0.0,0.0,9.0,0.0,0
973,2017,5,Spanish Grand Prix,826,Daniil,Kvyat,5,Toro Rosso,19.0,20.0,2.0,14.0,0.0,13.0,6.0,0.0,0
973,2017,5,Spanish Grand Prix,154,Romain,Grosjean,210,Haas F1 Team,14.0,14.0,4.0,12.0,0.0,8.0,7.0,0.0,0
973,2017,5,Spanish Grand Prix,828,Marcus,Ericsson,15,Sauber,16.0,16.0,0.0,21.0,0.0,0.0,9.0,0.0,0
973,2017,5,Spanish Grand Prix,4,Fernando,Alonso,1,McLaren,7.0,7.0,0.0,20.0,0.0,0.0,10.0,0.0,0
973,2017,5,Spanish Grand Prix,13,Felipe,Massa,3,Williams,9.0,9.0,18.0,8.0,0.0,18.0,5.0,0.0,0
973,2017,5,Spanish Grand Prix,825,Kevin,Magnussen,210,Haas F1 Team,11.0,11.0,4.0,13.0,0.0,8.0,7.0,0.0,0
973,2017,5,Spanish Grand Prix,835,Jolyon,Palmer,4,Renault,17.0,17.0,0.0,18.0,0.0,6.0,8.0,0.0,0
973,2017,5,Spanish Grand Prix,840,Lance,Stroll,3,Williams,18.0,18.0,0.0,16.0,0.0,18.0,5.0,0.0,0
973,2017,5,Spanish Grand Prix,822,Valtteri,Bottas,131,Mercedes,3.0,3.0,63.0,3.0,1.0,136.0,1.0,2.0,0
973,2017,5,Spanish Grand Prix,838,Stoffel,Vandoorne,1,McLaren,20.0,19.0,0.0,19.0,0.0,0.0,10.0,0.0,0
973,2017,5,Spanish Grand Prix,830,Max,Verstappen,9,Red Bull,5.0,5.0,35.0,5.0,0.0,57.0,3.0,0.0,0
973,2017,5,Spanish Grand Prix,8,Kimi,Räikkönen,6,Ferrari,4.0,4.0,49.0,4.0,0.0,135.0,2.0,2.0,0
974,2017,6,Monaco Grand Prix,20,Sebastian,Vettel,6,Ferrari,2.0,2.0,104.0,1.0,2.0,153.0,2.0,2.0,1
974,2017,6,Monaco Grand Prix,8,Kimi,Räikkönen,6,Ferrari,1.0,1.0,49.0,4.0,0.0,153.0,2.0,2.0,1
974,2017,6,Monaco Grand Prix,817,Daniel,Ricciardo,9,Red Bull,5.0,5.0,37.0,5.0,0.0,72.0,3.0,0.0,1
974,2017,6,Monaco Grand Prix,822,Valtteri,Bottas,131,Mercedes,3.0,3.0,63.0,3.0,1.0,161.0,1.0,3.0,0
974,2017,6,Monaco Grand Prix,830,Max,Verstappen,9,Red Bull,4.0,4.0,35.0,6.0,0.0,72.0,3.0,0.0,0
974,2017,6,Monaco Grand Prix,832,Carlos,Sainz,5,Toro Rosso,6.0,6.0,17.0,10.0,0.0,21.0,5.0,0.0,0
974,2017,6,Monaco Grand Prix,1,Lewis,Hamilton,131,Mercedes,13.0,14.0,98.0,2.0,2.0,161.0,1.0,3.0,0
974,2017,6,Monaco Grand Prix,154,Romain,Grosjean,210,Haas F1 Team,8.0,8.0,5.0,12.0,0.0,9.0,8.0,0.0,0
974,2017,6,Monaco Grand Prix,13,Felipe,Massa,3,Williams,14.0,15.0,18.0,9.0,0.0,18.0,6.0,0.0,0
974,2017,6,Monaco Grand Prix,825,Kevin,Magnussen,210,Haas F1 Team,11.0,13.0,4.0,14.0,0.0,9.0,8.0,0.0,0
974,2017,6,Monaco Grand Prix,835,Jolyon,Palmer,4,Renault,16.0,17.0,0.0,20.0,0.0,14.0,7.0,0.0,0
974,2017,6,Monaco Grand Prix,839,Esteban,Ocon,10,Force India,15.0,16.0,19.0,8.0,0.0,53.0,4.0,0.0,0
974,2017,6,Monaco Grand Prix,815,Sergio,Pérez,10,Force India,7.0,7.0,34.0,7.0,0.0,53.0,4.0,0.0,0
974,2017,6,Monaco Grand Prix,826,Daniil,Kvyat,5,Toro Rosso,9.0,11.0,4.0,15.0,0.0,21.0,5.0,0.0,0
974,2017,6,Monaco Grand Prix,840,Lance,Stroll,3,Williams,17.0,18.0,0.0,17.0,0.0,18.0,6.0,0.0,0
974,2017,6,Monaco Grand Prix,838,Stoffel,Vandoorne,1,McLaren,12.0,10.0,0.0,21.0,0.0,0.0,10.0,0.0,0
974,2017,6,Monaco Grand Prix,828,Marcus,Ericsson,15,Sauber,19.0,20.0,0.0,16.0,0.0,4.0,9.0,0.0,0
974,2017,6,Monaco Grand Prix,18,Jenson,Button,1,McLaren,20.0,9.0,21.0,15.0,0.0,0.0,10.0,0.0,0
974,2017,6,Monaco Grand Prix,836,Pascal,Wehrlein,15,Sauber,18.0,19.0,4.0,13.0,0.0,4.0,9.0,0.0,0
974,2017,6,Monaco Grand Prix,807,Nico,Hülkenberg,4,Renault,10.0,12.0,14.0,11.0,0.0,14.0,7.0,0.0,0
975,2017,7,Canadian Grand Prix,1,Lewis,Hamilton,131,Mercedes,1.0,1.0,104.0,2.0,2.0,179.0,2.0,3.0,1
975,2017,7,Canadian Grand Prix,822,Valtteri,Bottas,131,Mercedes,3.0,3.0,75.0,3.0,1.0,179.0,2.0,3.0,1
975,2017,7,Canadian Grand Prix,817,Daniel,Ricciardo,9,Red Bull,6.0,6.0,52.0,5.0,0.0,97.0,3.0,0.0,1
975,2017,7,Canadian Grand Prix,20,Sebastian,Vettel,6,Ferrari,2.0,2.0,129.0,1.0,3.0,196.0,1.0,3.0,0
975,2017,7,Canadian Grand Prix,815,Sergio,Pérez,10,Force India,8.0,8.0,34.0,7.0,0.0,53.0,4.0,0.0,0
975,2017,7,Canadian Grand Prix,839,Esteban,Ocon,10,Force India,9.0,9.0,19.0,10.0,0.0,53.0,4.0,0.0,0
975,2017,7,Canadian Grand Prix,8,Kimi,Räikkönen,6,Ferrari,4.0,4.0,67.0,4.0,0.0,196.0,1.0,3.0,0
975,2017,7,Canadian Grand Prix,807,Nico,Hülkenberg,4,Renault,10.0,10.0,14.0,11.0,0.0,14.0,7.0,0.0,0
975,2017,7,Canadian Grand Prix,840,Lance,Stroll,3,Williams,17.0,17.0,0.0,18.0,0.0,20.0,6.0,0.0,0
975,2017,7,Canadian Grand Prix,154,Romain,Grosjean,210,Haas F1 Team,14.0,14.0,9.0,12.0,0.0,14.0,8.0,0.0,0
975,2017,7,Canadian Grand Prix,835,Jolyon,Palmer,4,Renault,15.0,15.0,0.0,16.0,0.0,14.0,7.0,0.0,0
975,2017,7,Canadian Grand Prix,825,Kevin,Magnussen,210,Haas F1 Team,18.0,18.0,5.0,13.0,0.0,14.0,8.0,0.0,0
975,2017,7,Canadian Grand Prix,828,Marcus,Ericsson,15,Sauber,19.0,19.0,0.0,17.0,0.0,4.0,9.0,0.0,0
975,2017,7,Canadian Grand Prix,838,Stoffel,Vandoorne,1,McLaren,16.0,16.0,0.0,21.0,0.0,0.0,10.0,0.0,0
975,2017,7,Canadian Grand Prix,836,Pascal,Wehrlein,15,Sauber,20.0,20.0,4.0,14.0,0.0,4.0,9.0,0.0,0
975,2017,7,Canadian Grand Prix,4,Fernando,Alonso,1,McLaren,12.0,12.0,0.0,19.0,0.0,0.0,10.0,0.0,0
975,2017,7,Canadian Grand Prix,826,Daniil,Kvyat,5,Toro Rosso,11.0,11.0,4.0,15.0,0.0,29.0,5.0,0.0,0
975,2017,7,Canadian Grand Prix,830,Max,Verstappen,9,Red Bull,5.0,5.0,45.0,6.0,0.0,97.0,3.0,0.0,0
975,2017,7,Canadian Grand Prix,13,Felipe,Massa,3,Williams,7.0,7.0,20.0,9.0,0.0,20.0,6.0,0.0,0
975,2017,7,Canadian Grand Prix,832,Carlos,Sainz,5,Toro Rosso,13.0,13.0,25.0,8.0,0.0,29.0,5.0,0.0,0
976,2017,8,Azerbaijan Grand Prix,817,Daniel,Ricciardo,9,Red Bull,10.0,10.0,67.0,5.0,0.0,112.0,3.0,0.0,1
976,2017,8,Azerbaijan Grand Prix,822,Valtteri,Bottas,131,Mercedes,2.0,2.0,93.0,3.0,1.0,222.0,1.0,4.0,1
976,2017,8,Azerbaijan Grand Prix,840,Lance,Stroll,3,Williams,8.0,8.0,2.0,16.0,0.0,22.0,6.0,0.0,1
976,2017,8,Azerbaijan Grand Prix,20,Sebastian,Vettel,6,Ferrari,4.0,4.0,141.0,1.0,3.0,214.0,2.0,3.0,0
976,2017,8,Azerbaijan Grand Prix,1,Lewis,Hamilton,131,Mercedes,1.0,1.0,129.0,2.0,3.0,222.0,1.0,4.0,0
976,2017,8,Azerbaijan Grand Prix,839,Esteban,Ocon,10,Force India,7.0,7.0,27.0,8.0,0.0,71.0,4.0,0.0,0
976,2017,8,Azerbaijan Grand Prix,825,Kevin,Magnussen,210,Haas F1 Team,12.0,13.0,5.0,13.0,0.0,15.0,8.0,0.0,0
976,2017,8,Azerbaijan Grand Prix,832,Carlos,Sainz,5,Toro Rosso,15.0,12.0,25.0,9.0,0.0,29.0,5.0,0.0,0
976,2017,8,Azerbaijan Grand Prix,4,Fernando,Alonso,1,McLaren,19.0,16.0,0.0,19.0,0.0,0.0,10.0,0.0,0
976,2017,8,Azerbaijan Grand Prix,836,Pascal,Wehrlein,15,Sauber,14.0,15.0,4.0,14.0,0.0,4.0,9.0,0.0,0
976,2017,8,Azerbaijan Grand Prix,828,Marcus,Ericsson,15,Sauber,17.0,18.0,0.0,18.0,0.0,4.0,9.0,0.0,0
976,2017,8,Azerbaijan Grand Prix,838,Stoffel,Vandoorne,1,McLaren,18.0,19.0,0.0,21.0,0.0,0.0,10.0,0.0,0
976,2017,8,Azerbaijan Grand Prix,154,Romain,Grosjean,210,Haas F1 Team,16.0,17.0,10.0,12.0,0.0,15.0,8.0,0.0,0
976,2017,8,Azerbaijan Grand Prix,8,Kimi,Räikkönen,6,Ferrari,3.0,3.0,73.0,4.0,0.0,214.0,2.0,3.0,0
976,2017,8,Azerbaijan Grand Prix,815,Sergio,Pérez,10,Force India,6.0,6.0,44.0,7.0,0.0,71.0,4.0,0.0,0
976,2017,8,Azerbaijan Grand Prix,13,Felipe,Massa,3,Williams,9.0,9.0,20.0,10.0,0.0,22.0,6.0,0.0,0
976,2017,8,Azerbaijan Grand Prix,807,Nico,Hülkenberg,4,Renault,13.0,14.0,18.0,11.0,0.0,18.0,7.0,0.0,0
976,2017,8,Azerbaijan Grand Prix,830,Max,Verstappen,9,Red Bull,5.0,5.0,45.0,6.0,0.0,112.0,3.0,0.0,0
976,2017,8,Azerbaijan Grand Prix,826,Daniil,Kvyat,5,Toro Rosso,11.0,11.0,4.0,15.0,0.0,29.0,5.0,0.0,0
976,2017,8,Azerbaijan Grand Prix,835,Jolyon,Palmer,4,Renault,20.0,25.0,0.0,17.0,0.0,18.0,7.0,0.0,0
841,2011,1,Australian Grand Prix,24,Vitantonio,Liuzzi,164,HRT,0.0,23.0,0.0,28.0,0.0,0.0,13.0,0.0,0
841,2011,1,Australian Grand Prix,39,Narain,Karthikeyan,164,HRT,0.0,24.0,0.0,28.0,0.0,0.0,13.0,0.0,0
846,2011,6,Monaco Grand Prix,815,Sergio,Pérez,15,Sauber,0.0,10.0,2.0,14.0,0.0,11.0,6.0,0.0,0
977,2017,9,Austrian Grand Prix,822,Valtteri,Bottas,131,Mercedes,1.0,1.0,111.0,3.0,1.0,250.0,1.0,4.0,1
977,2017,9,Austrian Grand Prix,20,Sebastian,Vettel,6,Ferrari,2.0,2.0,153.0,1.0,3.0,226.0,2.0,3.0,1
977,2017,9,Austrian Grand Prix,817,Daniel,Ricciardo,9,Red Bull,4.0,5.0,92.0,4.0,1.0,137.0,3.0,1.0,1
977,2017,9,Austrian Grand Prix,1,Lewis,Hamilton,131,Mercedes,8.0,3.0,139.0,2.0,3.0,250.0,1.0,4.0,0
977,2017,9,Austrian Grand Prix,8,Kimi,Räikkönen,6,Ferrari,3.0,4.0,73.0,5.0,0.0,226.0,2.0,3.0,0
977,2017,9,Austrian Grand Prix,154,Romain,Grosjean,210,Haas F1 Team,6.0,7.0,10.0,14.0,0.0,21.0,7.0,0.0,0
977,2017,9,Austrian Grand Prix,815,Sergio,Pérez,10,Force India,7.0,8.0,44.0,7.0,0.0,79.0,4.0,0.0,0
977,2017,9,Austrian Grand Prix,839,Esteban,Ocon,10,Force India,9.0,9.0,35.0,8.0,0.0,79.0,4.0,0.0,0
977,2017,9,Austrian Grand Prix,13,Felipe,Massa,3,Williams,17.0,17.0,20.0,10.0,0.0,37.0,5.0,0.0,0
977,2017,9,Austrian Grand Prix,840,Lance,Stroll,3,Williams,18.0,18.0,17.0,12.0,0.0,37.0,5.0,0.0,0
977,2017,9,Austrian Grand Prix,835,Jolyon,Palmer,4,Renault,16.0,16.0,0.0,18.0,0.0,18.0,8.0,0.0,0
977,2017,9,Austrian Grand Prix,838,Stoffel,Vandoorne,1,McLaren,13.0,13.0,0.0,20.0,0.0,2.0,10.0,0.0,0
977,2017,9,Austrian Grand Prix,807,Nico,Hülkenberg,4,Renault,11.0,11.0,18.0,11.0,0.0,18.0,8.0,0.0,0
977,2017,9,Austrian Grand Prix,836,Pascal,Wehrlein,15,Sauber,20.0,20.0,5.0,15.0,0.0,5.0,9.0,0.0,0
977,2017,9,Austrian Grand Prix,828,Marcus,Ericsson,15,Sauber,19.0,19.0,0.0,19.0,0.0,5.0,9.0,0.0,0
977,2017,9,Austrian Grand Prix,826,Daniil,Kvyat,5,Toro Rosso,14.0,14.0,4.0,16.0,0.0,33.0,6.0,0.0,0
977,2017,9,Austrian Grand Prix,832,Carlos,Sainz,5,Toro Rosso,10.0,10.0,29.0,9.0,0.0,33.0,6.0,0.0,0
977,2017,9,Austrian Grand Prix,825,Kevin,Magnussen,210,Haas F1 Team,15.0,15.0,11.0,13.0,0.0,21.0,7.0,0.0,0
977,2017,9,Austrian Grand Prix,4,Fernando,Alonso,1,McLaren,12.0,12.0,2.0,17.0,0.0,2.0,10.0,0.0,0
977,2017,9,Austrian Grand Prix,830,Max,Verstappen,9,Red Bull,5.0,6.0,45.0,6.0,0.0,137.0,3.0,1.0,0
978,2017,10,British Grand Prix,1,Lewis,Hamilton,131,Mercedes,1.0,1.0,151.0,2.0,3.0,287.0,1.0,5.0,1
978,2017,10,British Grand Prix,822,Valtteri,Bottas,131,Mercedes,9.0,4.0,136.0,3.0,2.0,287.0,1.0,5.0,1
978,2017,10,British Grand Prix,8,Kimi,Räikkönen,6,Ferrari,2.0,2.0,83.0,5.0,0.0,254.0,2.0,3.0,1
978,2017,10,British Grand Prix,830,Max,Verstappen,9,Red Bull,4.0,5.0,45.0,7.0,0.0,152.0,3.0,1.0,0
978,2017,10,British Grand Prix,817,Daniel,Ricciardo,9,Red Bull,19.0,20.0,107.0,4.0,1.0,152.0,3.0,1.0,0
978,2017,10,British Grand Prix,807,Nico,Hülkenberg,4,Renault,5.0,6.0,18.0,12.0,0.0,18.0,8.0,0.0,0
978,2017,10,British Grand Prix,20,Sebastian,Vettel,6,Ferrari,3.0,3.0,171.0,1.0,3.0,254.0,2.0,3.0,0
978,2017,10,British Grand Prix,839,Esteban,Ocon,10,Force India,7.0,8.0,39.0,8.0,0.0,89.0,4.0,0.0,0
978,2017,10,British Grand Prix,815,Sergio,Pérez,10,Force India,6.0,7.0,50.0,6.0,0.0,89.0,4.0,0.0,0
978,2017,10,British Grand Prix,13,Felipe,Massa,3,Williams,14.0,15.0,22.0,10.0,0.0,40.0,5.0,0.0,0
978,2017,10,British Grand Prix,838,Stoffel,Vandoorne,1,McLaren,8.0,9.0,0.0,20.0,0.0,2.0,10.0,0.0,0
978,2017,10,British Grand Prix,825,Kevin,Magnussen,210,Haas F1 Team,16.0,17.0,11.0,14.0,0.0,29.0,7.0,0.0,0
978,2017,10,British Grand Prix,154,Romain,Grosjean,210,Haas F1 Team,10.0,10.0,18.0,13.0,0.0,29.0,7.0,0.0,0
978,2017,10,British Grand Prix,828,Marcus,Ericsson,15,Sauber,18.0,19.0,0.0,19.0,0.0,5.0,9.0,0.0,0
978,2017,10,British Grand Prix,826,Daniil,Kvyat,5,Toro Rosso,12.0,12.0,4.0,16.0,0.0,33.0,6.0,0.0,0
978,2017,10,British Grand Prix,840,Lance,Stroll,3,Williams,15.0,16.0,18.0,11.0,0.0,40.0,5.0,0.0,0
978,2017,10,British Grand Prix,836,Pascal,Wehrlein,15,Sauber,17.0,18.0,5.0,15.0,0.0,5.0,9.0,0.0,0
978,2017,10,British Grand Prix,4,Fernando,Alonso,1,McLaren,20.0,13.0,2.0,17.0,0.0,2.0,10.0,0.0,0
978,2017,10,British Grand Prix,832,Carlos,Sainz,5,Toro Rosso,13.0,14.0,29.0,9.0,0.0,33.0,6.0,0.0,0
978,2017,10,British Grand Prix,835,Jolyon,Palmer,4,Renault,11.0,11.0,0.0,18.0,0.0,18.0,8.0,0.0,0
979,2017,11,Hungarian Grand Prix,20,Sebastian,Vettel,6,Ferrari,1.0,1.0,177.0,1.0,3.0,275.0,2.0,3.0,1
979,2017,11,Hungarian Grand Prix,8,Kimi,Räikkönen,6,Ferrari,2.0,2.0,98.0,5.0,0.0,275.0,2.0,3.0,1
979,2017,11,Hungarian Grand Prix,822,Valtteri,Bottas,131,Mercedes,3.0,3.0,154.0,3.0,2.0,330.0,1.0,6.0,1
979,2017,11,Hungarian Grand Prix,1,Lewis,Hamilton,131,Mercedes,4.0,4.0,176.0,2.0,4.0,330.0,1.0,6.0,0
979,2017,11,Hungarian Grand Prix,830,Max,Verstappen,9,Red Bull,5.0,5.0,57.0,6.0,0.0,174.0,3.0,1.0,0
979,2017,11,Hungarian Grand Prix,4,Fernando,Alonso,1,McLaren,7.0,8.0,2.0,17.0,0.0,2.0,10.0,0.0,0
979,2017,11,Hungarian Grand Prix,832,Carlos,Sainz,5,Toro Rosso,9.0,10.0,29.0,9.0,0.0,33.0,6.0,0.0,0
979,2017,11,Hungarian Grand Prix,815,Sergio,Pérez,10,Force India,13.0,14.0,52.0,7.0,0.0,95.0,4.0,0.0,0
979,2017,11,Hungarian Grand Prix,839,Esteban,Ocon,10,Force India,11.0,12.0,43.0,8.0,0.0,95.0,4.0,0.0,0
979,2017,11,Hungarian Grand Prix,838,Stoffel,Vandoorne,1,McLaren,8.0,9.0,0.0,20.0,0.0,2.0,10.0,0.0,0
979,2017,11,Hungarian Grand Prix,826,Daniil,Kvyat,5,Toro Rosso,16.0,13.0,4.0,16.0,0.0,33.0,6.0,0.0,0
979,2017,11,Hungarian Grand Prix,835,Jolyon,Palmer,4,Renault,10.0,11.0,0.0,18.0,0.0,26.0,8.0,0.0,0
979,2017,11,Hungarian Grand Prix,825,Kevin,Magnussen,210,Haas F1 Team,15.0,16.0,11.0,14.0,0.0,29.0,7.0,0.0,0
979,2017,11,Hungarian Grand Prix,840,Lance,Stroll,3,Williams,17.0,17.0,18.0,12.0,0.0,41.0,5.0,0.0,0
979,2017,11,Hungarian Grand Prix,836,Pascal,Wehrlein,15,Sauber,18.0,18.0,5.0,15.0,0.0,5.0,9.0,0.0,0
979,2017,11,Hungarian Grand Prix,828,Marcus,Ericsson,15,Sauber,20.0,20.0,0.0,19.0,0.0,5.0,9.0,0.0,0
979,2017,11,Hungarian Grand Prix,807,Nico,Hülkenberg,4,Renault,12.0,7.0,26.0,10.0,0.0,26.0,8.0,0.0,0
979,2017,11,Hungarian Grand Prix,814,Paul,di Resta,3,Williams,19.0,19.0,48.0,12.0,0.0,41.0,5.0,0.0,0
979,2017,11,Hungarian Grand Prix,154,Romain,Grosjean,210,Haas F1 Team,14.0,15.0,18.0,13.0,0.0,29.0,7.0,0.0,0
979,2017,11,Hungarian Grand Prix,817,Daniel,Ricciardo,9,Red Bull,6.0,6.0,117.0,4.0,1.0,174.0,3.0,1.0,0
980,2017,12,Belgian Grand Prix,1,Lewis,Hamilton,131,Mercedes,1.0,1.0,188.0,2.0,4.0,357.0,1.0,6.0,1
980,2017,12,Belgian Grand Prix,20,Sebastian,Vettel,6,Ferrari,2.0,2.0,202.0,1.0,4.0,318.0,2.0,4.0,1
980,2017,12,Belgian Grand Prix,817,Daniel,Ricciardo,9,Red Bull,6.0,6.0,117.0,4.0,1.0,184.0,3.0,1.0,1
980,2017,12,Belgian Grand Prix,8,Kimi,Räikkönen,6,Ferrari,4.0,4.0,116.0,5.0,0.0,318.0,2.0,4.0,0
980,2017,12,Belgian Grand Prix,822,Valtteri,Bottas,131,Mercedes,3.0,3.0,169.0,3.0,2.0,357.0,1.0,6.0,0
980,2017,12,Belgian Grand Prix,807,Nico,Hülkenberg,4,Renault,7.0,7.0,26.0,10.0,0.0,26.0,8.0,0.0,0
980,2017,12,Belgian Grand Prix,154,Romain,Grosjean,210,Haas F1 Team,11.0,12.0,18.0,13.0,0.0,29.0,7.0,0.0,0
980,2017,12,Belgian Grand Prix,13,Felipe,Massa,3,Williams,16.0,16.0,23.0,11.0,0.0,41.0,5.0,0.0,0
980,2017,12,Belgian Grand Prix,839,Esteban,Ocon,10,Force India,9.0,9.0,45.0,8.0,0.0,101.0,4.0,0.0,0
980,2017,12,Belgian Grand Prix,832,Carlos,Sainz,5,Toro Rosso,13.0,14.0,35.0,9.0,0.0,39.0,6.0,0.0,0
980,2017,12,Belgian Grand Prix,840,Lance,Stroll,3,Williams,15.0,18.0,18.0,12.0,0.0,41.0,5.0,0.0,0
980,2017,12,Belgian Grand Prix,826,Daniil,Kvyat,5,Toro Rosso,19.0,17.0,4.0,17.0,0.0,39.0,6.0,0.0,0
980,2017,12,Belgian Grand Prix,835,Jolyon,Palmer,4,Renault,14.0,10.0,0.0,19.0,0.0,26.0,8.0,0.0,0
980,2017,12,Belgian Grand Prix,838,Stoffel,Vandoorne,1,McLaren,20.0,15.0,1.0,18.0,0.0,11.0,9.0,0.0,0
980,2017,12,Belgian Grand Prix,825,Kevin,Magnussen,210,Haas F1 Team,12.0,13.0,11.0,14.0,0.0,29.0,7.0,0.0,0
980,2017,12,Belgian Grand Prix,828,Marcus,Ericsson,15,Sauber,17.0,19.0,0.0,20.0,0.0,5.0,10.0,0.0,0
980,2017,12,Belgian Grand Prix,815,Sergio,Pérez,10,Force India,8.0,8.0,56.0,7.0,0.0,101.0,4.0,0.0,0
980,2017,12,Belgian Grand Prix,4,Fernando,Alonso,1,McLaren,10.0,11.0,10.0,15.0,0.0,11.0,9.0,0.0,0
980,2017,12,Belgian Grand Prix,830,Max,Verstappen,9,Red Bull,5.0,5.0,67.0,6.0,0.0,184.0,3.0,1.0,0
980,2017,12,Belgian Grand Prix,836,Pascal,Wehrlein,15,Sauber,18.0,20.0,5.0,16.0,0.0,5.0,10.0,0.0,0
981,2017,13,Italian Grand Prix,1,Lewis,Hamilton,131,Mercedes,1.0,1.0,213.0,2.0,5.0,392.0,1.0,7.0,1
981,2017,13,Italian Grand Prix,822,Valtteri,Bottas,131,Mercedes,4.0,6.0,179.0,3.0,2.0,392.0,1.0,7.0,1
981,2017,13,Italian Grand Prix,20,Sebastian,Vettel,6,Ferrari,6.0,8.0,220.0,1.0,4.0,348.0,2.0,4.0,1
981,2017,13,Italian Grand Prix,817,Daniel,Ricciardo,9,Red Bull,16.0,3.0,132.0,4.0,1.0,199.0,3.0,1.0,0
981,2017,13,Italian Grand Prix,8,Kimi,Räikkönen,6,Ferrari,5.0,7.0,128.0,5.0,0.0,348.0,2.0,4.0,0
981,2017,13,Italian Grand Prix,839,Esteban,Ocon,10,Force India,3.0,5.0,47.0,8.0,0.0,103.0,4.0,0.0,0
981,2017,13,Italian Grand Prix,840,Lance,Stroll,3,Williams,2.0,4.0,18.0,13.0,0.0,45.0,5.0,0.0,0
981,2017,13,Italian Grand Prix,13,Felipe,Massa,3,Williams,7.0,9.0,27.0,11.0,0.0,45.0,5.0,0.0,0
981,2017,13,Italian Grand Prix,815,Sergio,Pérez,10,Force India,10.0,11.0,56.0,7.0,0.0,103.0,4.0,0.0,0
981,2017,13,Italian Grand Prix,830,Max,Verstappen,9,Red Bull,13.0,2.0,67.0,6.0,0.0,199.0,3.0,1.0,0
981,2017,13,Italian Grand Prix,825,Kevin,Magnussen,210,Haas F1 Team,9.0,16.0,11.0,14.0,0.0,35.0,7.0,0.0,0
981,2017,13,Italian Grand Prix,826,Daniil,Kvyat,5,Toro Rosso,8.0,14.0,4.0,17.0,0.0,40.0,6.0,0.0,0
981,2017,13,Italian Grand Prix,807,Nico,Hülkenberg,4,Renault,14.0,12.0,34.0,10.0,0.0,34.0,8.0,0.0,0
981,2017,13,Italian Grand Prix,832,Carlos,Sainz,5,Toro Rosso,15.0,15.0,36.0,9.0,0.0,40.0,6.0,0.0,0
981,2017,13,Italian Grand Prix,154,Romain,Grosjean,210,Haas F1 Team,20.0,20.0,24.0,12.0,0.0,35.0,7.0,0.0,0
981,2017,13,Italian Grand Prix,836,Pascal,Wehrlein,15,Sauber,12.0,19.0,5.0,16.0,0.0,5.0,10.0,0.0,0
981,2017,13,Italian Grand Prix,4,Fernando,Alonso,1,McLaren,19.0,13.0,10.0,15.0,0.0,11.0,9.0,0.0,0
981,2017,13,Italian Grand Prix,828,Marcus,Ericsson,15,Sauber,11.0,18.0,0.0,20.0,0.0,5.0,10.0,0.0,0
981,2017,13,Italian Grand Prix,838,Stoffel,Vandoorne,1,McLaren,18.0,10.0,1.0,18.0,0.0,11.0,9.0,0.0,0
981,2017,13,Italian Grand Prix,835,Jolyon,Palmer,4,Renault,17.0,17.0,0.0,19.0,0.0,34.0,8.0,0.0,0
982,2017,14,Singapore Grand Prix,1,Lewis,Hamilton,131,Mercedes,5.0,5.0,238.0,1.0,6.0,435.0,1.0,8.0,1
982,2017,14,Singapore Grand Prix,817,Daniel,Ricciardo,9,Red Bull,3.0,3.0,144.0,4.0,1.0,212.0,3.0,1.0,1
982,2017,14,Singapore Grand Prix,822,Valtteri,Bottas,131,Mercedes,6.0,6.0,197.0,3.0,2.0,435.0,1.0,8.0,1
982,2017,14,Singapore Grand Prix,832,Carlos,Sainz,5,Toro Rosso,10.0,10.0,36.0,9.0,0.0,40.0,6.0,0.0,0
982,2017,14,Singapore Grand Prix,815,Sergio,Pérez,10,Force India,12.0,12.0,58.0,7.0,0.0,113.0,4.0,0.0,0
982,2017,14,Singapore Grand Prix,835,Jolyon,Palmer,4,Renault,11.0,11.0,0.0,19.0,0.0,34.0,8.0,0.0,0
982,2017,14,Singapore Grand Prix,838,Stoffel,Vandoorne,1,McLaren,9.0,9.0,1.0,18.0,0.0,11.0,9.0,0.0,0
982,2017,14,Singapore Grand Prix,840,Lance,Stroll,3,Williams,18.0,18.0,24.0,12.0,0.0,55.0,5.0,0.0,0
982,2017,14,Singapore Grand Prix,154,Romain,Grosjean,210,Haas F1 Team,15.0,15.0,24.0,13.0,0.0,35.0,7.0,0.0,0
982,2017,14,Singapore Grand Prix,839,Esteban,Ocon,10,Force India,14.0,14.0,55.0,8.0,0.0,113.0,4.0,0.0,0
982,2017,14,Singapore Grand Prix,13,Felipe,Massa,3,Williams,17.0,17.0,31.0,11.0,0.0,55.0,5.0,0.0,0
982,2017,14,Singapore Grand Prix,836,Pascal,Wehrlein,15,Sauber,19.0,19.0,5.0,16.0,0.0,5.0,10.0,0.0,0
982,2017,14,Singapore Grand Prix,825,Kevin,Magnussen,210,Haas F1 Team,16.0,16.0,11.0,14.0,0.0,35.0,7.0,0.0,0
982,2017,14,Singapore Grand Prix,807,Nico,Hülkenberg,4,Renault,7.0,7.0,34.0,10.0,0.0,34.0,8.0,0.0,0
982,2017,14,Singapore Grand Prix,828,Marcus,Ericsson,15,Sauber,20.0,20.0,0.0,20.0,0.0,5.0,10.0,0.0,0
982,2017,14,Singapore Grand Prix,826,Daniil,Kvyat,5,Toro Rosso,13.0,13.0,4.0,17.0,0.0,40.0,6.0,0.0,0
982,2017,14,Singapore Grand Prix,4,Fernando,Alonso,1,McLaren,8.0,8.0,10.0,15.0,0.0,11.0,9.0,0.0,0
982,2017,14,Singapore Grand Prix,20,Sebastian,Vettel,6,Ferrari,1.0,1.0,235.0,2.0,4.0,373.0,2.0,4.0,0
982,2017,14,Singapore Grand Prix,830,Max,Verstappen,9,Red Bull,2.0,2.0,68.0,6.0,0.0,212.0,3.0,1.0,0
982,2017,14,Singapore Grand Prix,8,Kimi,Räikkönen,6,Ferrari,4.0,4.0,138.0,5.0,0.0,373.0,2.0,4.0,0
983,2017,15,Malaysian Grand Prix,830,Max,Verstappen,9,Red Bull,3.0,3.0,68.0,6.0,0.0,230.0,3.0,1.0,1
983,2017,15,Malaysian Grand Prix,1,Lewis,Hamilton,131,Mercedes,1.0,1.0,263.0,1.0,7.0,475.0,1.0,9.0,1
983,2017,15,Malaysian Grand Prix,817,Daniel,Ricciardo,9,Red Bull,4.0,4.0,162.0,4.0,1.0,230.0,3.0,1.0,1
983,2017,15,Malaysian Grand Prix,20,Sebastian,Vettel,6,Ferrari,20.0,20.0,235.0,2.0,4.0,373.0,2.0,4.0,0
983,2017,15,Malaysian Grand Prix,822,Valtteri,Bottas,131,Mercedes,5.0,5.0,212.0,3.0,2.0,475.0,1.0,9.0,0
983,2017,15,Malaysian Grand Prix,815,Sergio,Pérez,10,Force India,9.0,9.0,68.0,7.0,0.0,124.0,4.0,0.0,0
983,2017,15,Malaysian Grand Prix,838,Stoffel,Vandoorne,1,McLaren,7.0,7.0,7.0,17.0,0.0,17.0,9.0,0.0,0
983,2017,15,Malaysian Grand Prix,840,Lance,Stroll,3,Williams,13.0,13.0,28.0,12.0,0.0,59.0,5.0,0.0,0
983,2017,15,Malaysian Grand Prix,13,Felipe,Massa,3,Williams,11.0,11.0,31.0,11.0,0.0,59.0,5.0,0.0,0
983,2017,15,Malaysian Grand Prix,839,Esteban,Ocon,10,Force India,6.0,6.0,56.0,8.0,0.0,124.0,4.0,0.0,0
983,2017,15,Malaysian Grand Prix,4,Fernando,Alonso,1,McLaren,10.0,10.0,10.0,15.0,0.0,17.0,9.0,0.0,0
983,2017,15,Malaysian Grand Prix,825,Kevin,Magnussen,210,Haas F1 Team,17.0,17.0,11.0,14.0,0.0,37.0,8.0,0.0,0
983,2017,15,Malaysian Grand Prix,154,Romain,Grosjean,210,Haas F1 Team,16.0,16.0,26.0,13.0,0.0,37.0,8.0,0.0,0
983,2017,15,Malaysian Grand Prix,842,Pierre,Gasly,5,Toro Rosso,15.0,15.0,0.0,28.0,0.0,52.0,6.0,0.0,0
983,2017,15,Malaysian Grand Prix,835,Jolyon,Palmer,4,Renault,12.0,12.0,8.0,16.0,0.0,42.0,7.0,0.0,0
983,2017,15,Malaysian Grand Prix,807,Nico,Hülkenberg,4,Renault,8.0,8.0,34.0,10.0,0.0,42.0,7.0,0.0,0
983,2017,15,Malaysian Grand Prix,836,Pascal,Wehrlein,15,Sauber,18.0,18.0,5.0,18.0,0.0,5.0,10.0,0.0,0
983,2017,15,Malaysian Grand Prix,828,Marcus,Ericsson,15,Sauber,19.0,19.0,0.0,20.0,0.0,5.0,10.0,0.0,0
983,2017,15,Malaysian Grand Prix,832,Carlos,Sainz,5,Toro Rosso,14.0,14.0,48.0,9.0,0.0,52.0,6.0,0.0,0
983,2017,15,Malaysian Grand Prix,8,Kimi,Räikkönen,6,Ferrari,0.0,2.0,138.0,5.0,0.0,373.0,2.0,4.0,0
984,2017,16,Japanese Grand Prix,1,Lewis,Hamilton,131,Mercedes,1.0,1.0,281.0,1.0,7.0,503.0,1.0,9.0,1
984,2017,16,Japanese Grand Prix,830,Max,Verstappen,9,Red Bull,4.0,5.0,93.0,6.0,1.0,270.0,3.0,2.0,1
984,2017,16,Japanese Grand Prix,817,Daniel,Ricciardo,9,Red Bull,3.0,4.0,177.0,4.0,1.0,270.0,3.0,2.0,1
984,2017,16,Japanese Grand Prix,822,Valtteri,Bottas,131,Mercedes,6.0,2.0,222.0,3.0,2.0,503.0,1.0,9.0,0
984,2017,16,Japanese Grand Prix,8,Kimi,Räikkönen,6,Ferrari,10.0,6.0,138.0,5.0,0.0,385.0,2.0,4.0,0
984,2017,16,Japanese Grand Prix,839,Esteban,Ocon,10,Force India,5.0,7.0,57.0,8.0,0.0,133.0,4.0,0.0,0
984,2017,16,Japanese Grand Prix,815,Sergio,Pérez,10,Force India,7.0,8.0,76.0,7.0,0.0,133.0,4.0,0.0,0
984,2017,16,Japanese Grand Prix,825,Kevin,Magnussen,210,Haas F1 Team,12.0,13.0,11.0,15.0,0.0,37.0,8.0,0.0,0
984,2017,16,Japanese Grand Prix,154,Romain,Grosjean,210,Haas F1 Team,13.0,16.0,26.0,13.0,0.0,37.0,8.0,0.0,0
984,2017,16,Japanese Grand Prix,13,Felipe,Massa,3,Williams,8.0,9.0,33.0,11.0,0.0,65.0,5.0,0.0,0
984,2017,16,Japanese Grand Prix,4,Fernando,Alonso,1,McLaren,20.0,10.0,10.0,16.0,0.0,23.0,9.0,0.0,0
984,2017,16,Japanese Grand Prix,835,Jolyon,Palmer,4,Renault,18.0,14.0,8.0,17.0,0.0,42.0,7.0,0.0,0
984,2017,16,Japanese Grand Prix,842,Pierre,Gasly,5,Toro Rosso,14.0,17.0,0.0,22.0,0.0,52.0,6.0,0.0,0
984,2017,16,Japanese Grand Prix,838,Stoffel,Vandoorne,1,McLaren,9.0,11.0,13.0,14.0,0.0,23.0,9.0,0.0,0
984,2017,16,Japanese Grand Prix,836,Pascal,Wehrlein,15,Sauber,17.0,20.0,5.0,18.0,0.0,5.0,10.0,0.0,0
984,2017,16,Japanese Grand Prix,840,Lance,Stroll,3,Williams,15.0,18.0,32.0,12.0,0.0,65.0,5.0,0.0,0
984,2017,16,Japanese Grand Prix,807,Nico,Hülkenberg,4,Renault,11.0,12.0,34.0,10.0,0.0,42.0,7.0,0.0,0
984,2017,16,Japanese Grand Prix,828,Marcus,Ericsson,15,Sauber,16.0,19.0,0.0,20.0,0.0,5.0,10.0,0.0,0
984,2017,16,Japanese Grand Prix,20,Sebastian,Vettel,6,Ferrari,2.0,3.0,247.0,2.0,4.0,385.0,2.0,4.0,0
984,2017,16,Japanese Grand Prix,832,Carlos,Sainz,5,Toro Rosso,19.0,15.0,48.0,9.0,0.0,52.0,6.0,0.0,0
985,2017,17,United States Grand Prix,1,Lewis,Hamilton,131,Mercedes,1.0,1.0,306.0,1.0,8.0,540.0,1.0,10.0,1
985,2017,17,United States Grand Prix,20,Sebastian,Vettel,6,Ferrari,2.0,2.0,247.0,2.0,4.0,395.0,2.0,4.0,1
985,2017,17,United States Grand Prix,8,Kimi,Räikkönen,6,Ferrari,5.0,5.0,148.0,5.0,0.0,395.0,2.0,4.0,1
985,2017,17,United States Grand Prix,830,Max,Verstappen,9,Red Bull,16.0,6.0,111.0,6.0,1.0,303.0,3.0,2.0,0
985,2017,17,United States Grand Prix,822,Valtteri,Bottas,131,Mercedes,3.0,3.0,234.0,3.0,2.0,540.0,1.0,10.0,0
985,2017,17,United States Grand Prix,839,Esteban,Ocon,10,Force India,6.0,7.0,65.0,8.0,0.0,147.0,4.0,0.0,0
985,2017,17,United States Grand Prix,832,Carlos,Sainz,4,Renault,7.0,8.0,48.0,9.0,0.0,42.0,8.0,0.0,0
985,2017,17,United States Grand Prix,815,Sergio,Pérez,10,Force India,9.0,10.0,82.0,7.0,0.0,147.0,4.0,0.0,0
985,2017,17,United States Grand Prix,13,Felipe,Massa,3,Williams,10.0,11.0,34.0,11.0,0.0,66.0,5.0,0.0,0
985,2017,17,United States Grand Prix,826,Daniil,Kvyat,5,Toro Rosso,11.0,12.0,4.0,19.0,0.0,52.0,6.0,0.0,0
985,2017,17,United States Grand Prix,840,Lance,Stroll,3,Williams,15.0,17.0,32.0,12.0,0.0,66.0,5.0,0.0,0
985,2017,17,United States Grand Prix,838,Stoffel,Vandoorne,1,McLaren,20.0,13.0,13.0,15.0,0.0,23.0,9.0,0.0,0
985,2017,17,United States Grand Prix,843,Brendon,Hartley,5,Toro Rosso,19.0,18.0,0.0,28.0,0.0,52.0,6.0,0.0,0
985,2017,17,United States Grand Prix,154,Romain,Grosjean,210,Haas F1 Team,12.0,14.0,28.0,13.0,0.0,43.0,7.0,0.0,0
985,2017,17,United States Grand Prix,828,Marcus,Ericsson,15,Sauber,13.0,16.0,0.0,20.0,0.0,5.0,10.0,0.0,0
985,2017,17,United States Grand Prix,825,Kevin,Magnussen,210,Haas F1 Team,17.0,20.0,15.0,14.0,0.0,43.0,7.0,0.0,0
985,2017,17,United States Grand Prix,4,Fernando,Alonso,1,McLaren,8.0,9.0,10.0,16.0,0.0,23.0,9.0,0.0,0
985,2017,17,United States Grand Prix,817,Daniel,Ricciardo,9,Red Bull,4.0,4.0,192.0,4.0,1.0,303.0,3.0,2.0,0
985,2017,17,United States Grand Prix,836,Pascal,Wehrlein,15,Sauber,14.0,19.0,5.0,18.0,0.0,5.0,10.0,0.0,0
985,2017,17,United States Grand Prix,807,Nico,Hülkenberg,4,Renault,18.0,15.0,34.0,10.0,0.0,42.0,8.0,0.0,0
986,2017,18,Mexican Grand Prix,830,Max,Verstappen,9,Red Bull,2.0,2.0,123.0,6.0,1.0,315.0,3.0,2.0,1
986,2017,18,Mexican Grand Prix,822,Valtteri,Bottas,131,Mercedes,4.0,4.0,244.0,3.0,2.0,575.0,1.0,11.0,1
986,2017,18,Mexican Grand Prix,8,Kimi,Räikkönen,6,Ferrari,5.0,5.0,163.0,5.0,0.0,428.0,2.0,4.0,1
986,2017,18,Mexican Grand Prix,20,Sebastian,Vettel,6,Ferrari,1.0,1.0,265.0,2.0,4.0,428.0,2.0,4.0,0
986,2017,18,Mexican Grand Prix,839,Esteban,Ocon,10,Force India,6.0,6.0,73.0,8.0,0.0,159.0,4.0,0.0,0
986,2017,18,Mexican Grand Prix,840,Lance,Stroll,3,Williams,11.0,12.0,32.0,12.0,0.0,68.0,5.0,0.0,0
986,2017,18,Mexican Grand Prix,815,Sergio,Pérez,10,Force India,9.0,10.0,86.0,7.0,0.0,159.0,4.0,0.0,0
986,2017,18,Mexican Grand Prix,825,Kevin,Magnussen,210,Haas F1 Team,14.0,18.0,15.0,14.0,0.0,43.0,8.0,0.0,0
986,2017,18,Mexican Grand Prix,1,Lewis,Hamilton,131,Mercedes,3.0,3.0,331.0,1.0,9.0,575.0,1.0,11.0,0
986,2017,18,Mexican Grand Prix,4,Fernando,Alonso,1,McLaren,18.0,14.0,10.0,16.0,0.0,23.0,9.0,0.0,0
986,2017,18,Mexican Grand Prix,13,Felipe,Massa,3,Williams,10.0,11.0,36.0,10.0,0.0,68.0,5.0,0.0,0
986,2017,18,Mexican Grand Prix,838,Stoffel,Vandoorne,1,McLaren,19.0,15.0,13.0,15.0,0.0,23.0,9.0,0.0,0
986,2017,18,Mexican Grand Prix,842,Pierre,Gasly,5,Toro Rosso,20.0,25.0,0.0,22.0,0.0,53.0,6.0,0.0,0
986,2017,18,Mexican Grand Prix,836,Pascal,Wehrlein,15,Sauber,13.0,17.0,5.0,18.0,0.0,5.0,10.0,0.0,0
986,2017,18,Mexican Grand Prix,154,Romain,Grosjean,210,Haas F1 Team,15.0,19.0,28.0,13.0,0.0,43.0,8.0,0.0,0
986,2017,18,Mexican Grand Prix,832,Carlos,Sainz,4,Renault,8.0,9.0,54.0,9.0,0.0,48.0,7.0,0.0,0
986,2017,18,Mexican Grand Prix,828,Marcus,Ericsson,15,Sauber,12.0,16.0,0.0,20.0,0.0,5.0,10.0,0.0,0
986,2017,18,Mexican Grand Prix,843,Brendon,Hartley,5,Toro Rosso,17.0,13.0,0.0,23.0,0.0,53.0,6.0,0.0,0
986,2017,18,Mexican Grand Prix,807,Nico,Hülkenberg,4,Renault,7.0,8.0,34.0,11.0,0.0,48.0,7.0,0.0,0
986,2017,18,Mexican Grand Prix,817,Daniel,Ricciardo,9,Red Bull,16.0,7.0,192.0,4.0,1.0,315.0,3.0,2.0,0
987,2017,19,Brazilian Grand Prix,20,Sebastian,Vettel,6,Ferrari,2.0,2.0,277.0,2.0,4.0,455.0,2.0,4.0,1
987,2017,19,Brazilian Grand Prix,822,Valtteri,Bottas,131,Mercedes,1.0,1.0,262.0,3.0,2.0,595.0,1.0,11.0,1
987,2017,19,Brazilian Grand Prix,8,Kimi,Räikkönen,6,Ferrari,3.0,3.0,178.0,5.0,0.0,455.0,2.0,4.0,1
987,2017,19,Brazilian Grand Prix,1,Lewis,Hamilton,131,Mercedes,20.0,20.0,333.0,1.0,9.0,595.0,1.0,11.0,0
987,2017,19,Brazilian Grand Prix,830,Max,Verstappen,9,Red Bull,4.0,4.0,148.0,6.0,2.0,340.0,3.0,3.0,0
987,2017,19,Brazilian Grand Prix,817,Daniel,Ricciardo,9,Red Bull,14.0,5.0,192.0,4.0,1.0,340.0,3.0,3.0,0
987,2017,19,Brazilian Grand Prix,13,Felipe,Massa,3,Williams,9.0,10.0,36.0,11.0,0.0,76.0,5.0,0.0,0
987,2017,19,Brazilian Grand Prix,4,Fernando,Alonso,1,McLaren,6.0,7.0,11.0,16.0,0.0,24.0,9.0,0.0,0
987,2017,19,Brazilian Grand Prix,815,Sergio,Pérez,10,Force India,5.0,6.0,92.0,7.0,0.0,175.0,4.0,0.0,0
987,2017,19,Brazilian Grand Prix,807,Nico,Hülkenberg,4,Renault,7.0,8.0,34.0,12.0,0.0,48.0,7.0,0.0,0
987,2017,19,Brazilian Grand Prix,832,Carlos,Sainz,4,Renault,8.0,9.0,54.0,9.0,0.0,48.0,7.0,0.0,0
987,2017,19,Brazilian Grand Prix,842,Pierre,Gasly,5,Toro Rosso,19.0,17.0,0.0,22.0,0.0,53.0,6.0,0.0,0
987,2017,19,Brazilian Grand Prix,828,Marcus,Ericsson,15,Sauber,17.0,19.0,0.0,20.0,0.0,5.0,10.0,0.0,0
987,2017,19,Brazilian Grand Prix,836,Pascal,Wehrlein,15,Sauber,15.0,16.0,5.0,18.0,0.0,5.0,10.0,0.0,0
987,2017,19,Brazilian Grand Prix,154,Romain,Grosjean,210,Haas F1 Team,11.0,12.0,28.0,13.0,0.0,47.0,8.0,0.0,0
987,2017,19,Brazilian Grand Prix,840,Lance,Stroll,3,Williams,16.0,18.0,40.0,10.0,0.0,76.0,5.0,0.0,0
987,2017,19,Brazilian Grand Prix,843,Brendon,Hartley,5,Toro Rosso,18.0,15.0,0.0,23.0,0.0,53.0,6.0,0.0,0
987,2017,19,Brazilian Grand Prix,839,Esteban,Ocon,10,Force India,10.0,11.0,83.0,8.0,0.0,175.0,4.0,0.0,0
987,2017,19,Brazilian Grand Prix,838,Stoffel,Vandoorne,1,McLaren,12.0,13.0,13.0,15.0,0.0,24.0,9.0,0.0,0
987,2017,19,Brazilian Grand Prix,825,Kevin,Magnussen,210,Haas F1 Team,13.0,14.0,19.0,14.0,0.0,47.0,8.0,0.0,0
988,2017,20,Abu Dhabi Grand Prix,822,Valtteri,Bottas,131,Mercedes,1.0,1.0,280.0,3.0,2.0,625.0,1.0,11.0,1
988,2017,20,Abu Dhabi Grand Prix,1,Lewis,Hamilton,131,Mercedes,2.0,2.0,345.0,1.0,9.0,625.0,1.0,11.0,1
988,2017,20,Abu Dhabi Grand Prix,20,Sebastian,Vettel,6,Ferrari,3.0,3.0,302.0,2.0,5.0,495.0,2.0,5.0,1
988,2017,20,Abu Dhabi Grand Prix,8,Kimi,Räikkönen,6,Ferrari,5.0,5.0,193.0,5.0,0.0,495.0,2.0,5.0,0
988,2017,20,Abu Dhabi Grand Prix,830,Max,Verstappen,9,Red Bull,6.0,6.0,158.0,6.0,2.0,358.0,3.0,3.0,0
988,2017,20,Abu Dhabi Grand Prix,807,Nico,Hülkenberg,4,Renault,7.0,7.0,35.0,12.0,0.0,49.0,7.0,0.0,0
988,2017,20,Abu Dhabi Grand Prix,815,Sergio,Pérez,10,Force India,8.0,8.0,94.0,7.0,0.0,177.0,4.0,0.0,0
988,2017,20,Abu Dhabi Grand Prix,839,Esteban,Ocon,10,Force India,9.0,9.0,83.0,8.0,0.0,177.0,4.0,0.0,0
988,2017,20,Abu Dhabi Grand Prix,4,Fernando,Alonso,1,McLaren,11.0,11.0,15.0,15.0,0.0,28.0,9.0,0.0,0
988,2017,20,Abu Dhabi Grand Prix,13,Felipe,Massa,3,Williams,10.0,10.0,42.0,10.0,0.0,82.0,5.0,0.0,0
988,2017,20,Abu Dhabi Grand Prix,154,Romain,Grosjean,210,Haas F1 Team,16.0,16.0,28.0,13.0,0.0,47.0,8.0,0.0,0
988,2017,20,Abu Dhabi Grand Prix,838,Stoffel,Vandoorne,1,McLaren,13.0,13.0,13.0,16.0,0.0,28.0,9.0,0.0,0
988,2017,20,Abu Dhabi Grand Prix,825,Kevin,Magnussen,210,Haas F1 Team,14.0,14.0,19.0,14.0,0.0,47.0,8.0,0.0,0
988,2017,20,Abu Dhabi Grand Prix,836,Pascal,Wehrlein,15,Sauber,18.0,18.0,5.0,18.0,0.0,5.0,10.0,0.0,0
988,2017,20,Abu Dhabi Grand Prix,843,Brendon,Hartley,5,Toro Rosso,20.0,20.0,0.0,23.0,0.0,53.0,6.0,0.0,0
988,2017,20,Abu Dhabi Grand Prix,842,Pierre,Gasly,5,Toro Rosso,17.0,17.0,0.0,21.0,0.0,53.0,6.0,0.0,0
988,2017,20,Abu Dhabi Grand Prix,828,Marcus,Ericsson,15,Sauber,19.0,19.0,0.0,20.0,0.0,5.0,10.0,0.0,0
988,2017,20,Abu Dhabi Grand Prix,840,Lance,Stroll,3,Williams,15.0,15.0,40.0,11.0,0.0,82.0,5.0,0.0,0
988,2017,20,Abu Dhabi Grand Prix,832,Carlos,Sainz,4,Renault,12.0,12.0,54.0,9.0,0.0,49.0,7.0,0.0,0
988,2017,20,Abu Dhabi Grand Prix,817,Daniel,Ricciardo,9,Red Bull,4.0,4.0,200.0,4.0,1.0,358.0,3.0,3.0,0
989,2018,1,Australian Grand Prix,20,Sebastian,Vettel,6,Ferrari,3.0,3.0,317.0,2.0,5.0,522.0,2.0,5.0,1
989,2018,1,Australian Grand Prix,1,Lewis,Hamilton,131,Mercedes,1.0,1.0,363.0,1.0,9.0,668.0,1.0,12.0,1
989,2018,1,Australian Grand Prix,8,Kimi,Räikkönen,6,Ferrari,2.0,2.0,205.0,4.0,0.0,522.0,2.0,5.0,1
989,2018,1,Australian Grand Prix,817,Daniel,Ricciardo,9,Red Bull,8.0,5.0,200.0,5.0,1.0,368.0,3.0,3.0,0
989,2018,1,Australian Grand Prix,4,Fernando,Alonso,1,McLaren,10.0,11.0,17.0,15.0,0.0,30.0,9.0,0.0,0
989,2018,1,Australian Grand Prix,830,Max,Verstappen,9,Red Bull,4.0,4.0,168.0,6.0,2.0,368.0,3.0,3.0,0
989,2018,1,Australian Grand Prix,807,Nico,Hülkenberg,4,Renault,7.0,8.0,43.0,10.0,0.0,57.0,6.0,0.0,0
989,2018,1,Australian Grand Prix,822,Valtteri,Bottas,131,Mercedes,15.0,10.0,305.0,3.0,3.0,668.0,1.0,12.0,0
989,2018,1,Australian Grand Prix,838,Stoffel,Vandoorne,1,McLaren,11.0,12.0,13.0,16.0,0.0,30.0,9.0,0.0,0
989,2018,1,Australian Grand Prix,832,Carlos,Sainz,4,Renault,9.0,9.0,54.0,9.0,0.0,57.0,6.0,0.0,0
989,2018,1,Australian Grand Prix,815,Sergio,Pérez,10,Force India,12.0,13.0,100.0,7.0,0.0,187.0,4.0,0.0,0
989,2018,1,Australian Grand Prix,839,Esteban,Ocon,10,Force India,14.0,15.0,87.0,8.0,0.0,187.0,4.0,0.0,0
989,2018,1,Australian Grand Prix,844,Charles,Leclerc,15,Sauber,18.0,18.0,0.0,28.0,0.0,5.0,10.0,0.0,0
989,2018,1,Australian Grand Prix,840,Lance,Stroll,3,Williams,13.0,14.0,40.0,12.0,0.0,83.0,5.0,0.0,0
989,2018,1,Australian Grand Prix,843,Brendon,Hartley,5,Toro Rosso,16.0,16.0,0.0,23.0,0.0,53.0,7.0,0.0,0
989,2018,1,Australian Grand Prix,154,Romain,Grosjean,210,Haas F1 Team,6.0,7.0,28.0,13.0,0.0,47.0,8.0,0.0,0
989,2018,1,Australian Grand Prix,825,Kevin,Magnussen,210,Haas F1 Team,5.0,6.0,19.0,14.0,0.0,47.0,8.0,0.0,0
989,2018,1,Australian Grand Prix,842,Pierre,Gasly,5,Toro Rosso,20.0,20.0,0.0,21.0,0.0,53.0,7.0,0.0,0
989,2018,1,Australian Grand Prix,828,Marcus,Ericsson,15,Sauber,17.0,17.0,0.0,20.0,0.0,5.0,10.0,0.0,0
989,2018,1,Australian Grand Prix,845,Sergey,Sirotkin,3,Williams,19.0,19.0,0.0,28.0,0.0,83.0,5.0,0.0,0
990,2018,2,Bahrain Grand Prix,20,Sebastian,Vettel,6,Ferrari,1.0,1.0,25.0,1.0,1.0,40.0,1.0,1.0,1
990,2018,2,Bahrain Grand Prix,822,Valtteri,Bottas,131,Mercedes,3.0,3.0,4.0,8.0,0.0,22.0,2.0,0.0,1
990,2018,2,Bahrain Grand Prix,1,Lewis,Hamilton,131,Mercedes,9.0,4.0,18.0,2.0,0.0,22.0,2.0,0.0,1
990,2018,2,Bahrain Grand Prix,842,Pierre,Gasly,5,Toro Rosso,5.0,6.0,0.0,18.0,0.0,0.0,9.0,0.0,0
990,2018,2,Bahrain Grand Prix,825,Kevin,Magnussen,210,Haas F1 Team,6.0,7.0,0.0,17.0,0.0,0.0,10.0,0.0,0
990,2018,2,Bahrain Grand Prix,807,Nico,Hülkenberg,4,Renault,7.0,8.0,6.0,7.0,0.0,7.0,5.0,0.0,0
990,2018,2,Bahrain Grand Prix,4,Fernando,Alonso,1,McLaren,13.0,13.0,10.0,5.0,0.0,12.0,4.0,0.0,0
990,2018,2,Bahrain Grand Prix,838,Stoffel,Vandoorne,1,McLaren,14.0,14.0,2.0,9.0,0.0,12.0,4.0,0.0,0
990,2018,2,Bahrain Grand Prix,828,Marcus,Ericsson,15,Sauber,17.0,17.0,0.0,19.0,0.0,0.0,7.0,0.0,0
990,2018,2,Bahrain Grand Prix,839,Esteban,Ocon,10,Force India,8.0,9.0,0.0,12.0,0.0,0.0,6.0,0.0,0
990,2018,2,Bahrain Grand Prix,832,Carlos,Sainz,4,Renault,10.0,10.0,1.0,10.0,0.0,7.0,5.0,0.0,0
990,2018,2,Bahrain Grand Prix,844,Charles,Leclerc,15,Sauber,19.0,19.0,0.0,13.0,0.0,0.0,7.0,0.0,0
990,2018,2,Bahrain Grand Prix,154,Romain,Grosjean,210,Haas F1 Team,16.0,16.0,0.0,16.0,0.0,0.0,10.0,0.0,0
990,2018,2,Bahrain Grand Prix,840,Lance,Stroll,3,Williams,20.0,20.0,0.0,14.0,0.0,0.0,8.0,0.0,0
990,2018,2,Bahrain Grand Prix,845,Sergey,Sirotkin,3,Williams,18.0,18.0,0.0,20.0,0.0,0.0,8.0,0.0,0
990,2018,2,Bahrain Grand Prix,815,Sergio,Pérez,10,Force India,12.0,12.0,0.0,11.0,0.0,0.0,6.0,0.0,0
990,2018,2,Bahrain Grand Prix,843,Brendon,Hartley,5,Toro Rosso,11.0,11.0,0.0,15.0,0.0,0.0,9.0,0.0,0
990,2018,2,Bahrain Grand Prix,8,Kimi,Räikkönen,6,Ferrari,2.0,2.0,15.0,3.0,0.0,40.0,1.0,1.0,0
990,2018,2,Bahrain Grand Prix,830,Max,Verstappen,9,Red Bull,15.0,15.0,8.0,6.0,0.0,20.0,3.0,0.0,0
990,2018,2,Bahrain Grand Prix,817,Daniel,Ricciardo,9,Red Bull,4.0,5.0,12.0,4.0,0.0,20.0,3.0,0.0,0
991,2018,3,Chinese Grand Prix,817,Daniel,Ricciardo,9,Red Bull,6.0,6.0,12.0,8.0,0.0,20.0,4.0,0.0,1
991,2018,3,Chinese Grand Prix,822,Valtteri,Bottas,131,Mercedes,3.0,3.0,22.0,3.0,0.0,55.0,2.0,0.0,1
991,2018,3,Chinese Grand Prix,8,Kimi,Räikkönen,6,Ferrari,2.0,2.0,15.0,5.0,0.0,65.0,1.0,2.0,1
991,2018,3,Chinese Grand Prix,1,Lewis,Hamilton,131,Mercedes,4.0,4.0,33.0,2.0,0.0,55.0,2.0,0.0,0
991,2018,3,Chinese Grand Prix,830,Max,Verstappen,9,Red Bull,5.0,5.0,8.0,10.0,0.0,20.0,4.0,0.0,0
991,2018,3,Chinese Grand Prix,807,Nico,Hülkenberg,4,Renault,7.0,7.0,14.0,6.0,0.0,15.0,5.0,0.0,0
991,2018,3,Chinese Grand Prix,4,Fernando,Alonso,1,McLaren,13.0,13.0,16.0,4.0,0.0,22.0,3.0,0.0,0
991,2018,3,Chinese Grand Prix,20,Sebastian,Vettel,6,Ferrari,1.0,1.0,50.0,1.0,2.0,65.0,1.0,2.0,0
991,2018,3,Chinese Grand Prix,832,Carlos,Sainz,4,Renault,9.0,9.0,1.0,13.0,0.0,15.0,5.0,0.0,0
991,2018,3,Chinese Grand Prix,825,Kevin,Magnussen,210,Haas F1 Team,11.0,11.0,10.0,9.0,0.0,10.0,7.0,0.0,0
991,2018,3,Chinese Grand Prix,839,Esteban,Ocon,10,Force India,12.0,12.0,1.0,14.0,0.0,1.0,9.0,0.0,0
991,2018,3,Chinese Grand Prix,815,Sergio,Pérez,10,Force India,8.0,8.0,0.0,15.0,0.0,1.0,9.0,0.0,0
991,2018,3,Chinese Grand Prix,838,Stoffel,Vandoorne,1,McLaren,14.0,14.0,6.0,11.0,0.0,22.0,3.0,0.0,0
991,2018,3,Chinese Grand Prix,840,Lance,Stroll,3,Williams,18.0,18.0,0.0,18.0,0.0,0.0,10.0,0.0,0
991,2018,3,Chinese Grand Prix,845,Sergey,Sirotkin,3,Williams,16.0,16.0,0.0,20.0,0.0,0.0,10.0,0.0,0
991,2018,3,Chinese Grand Prix,828,Marcus,Ericsson,15,Sauber,20.0,20.0,2.0,12.0,0.0,2.0,8.0,0.0,0
991,2018,3,Chinese Grand Prix,154,Romain,Grosjean,210,Haas F1 Team,10.0,10.0,0.0,17.0,0.0,10.0,7.0,0.0,0
991,2018,3,Chinese Grand Prix,842,Pierre,Gasly,5,Toro Rosso,17.0,17.0,12.0,7.0,0.0,12.0,6.0,0.0,0
991,2018,3,Chinese Grand Prix,844,Charles,Leclerc,15,Sauber,19.0,19.0,0.0,16.0,0.0,2.0,8.0,0.0,0
991,2018,3,Chinese Grand Prix,843,Brendon,Hartley,5,Toro Rosso,15.0,15.0,0.0,19.0,0.0,12.0,6.0,0.0,0
992,2018,4,Azerbaijan Grand Prix,1,Lewis,Hamilton,131,Mercedes,2.0,2.0,45.0,2.0,0.0,85.0,1.0,0.0,1
992,2018,4,Azerbaijan Grand Prix,8,Kimi,Räikkönen,6,Ferrari,6.0,6.0,30.0,5.0,0.0,84.0,2.0,2.0,1
992,2018,4,Azerbaijan Grand Prix,815,Sergio,Pérez,10,Force India,8.0,8.0,0.0,15.0,0.0,1.0,9.0,0.0,1
992,2018,4,Azerbaijan Grand Prix,20,Sebastian,Vettel,6,Ferrari,1.0,1.0,54.0,1.0,2.0,84.0,2.0,2.0,0
992,2018,4,Azerbaijan Grand Prix,832,Carlos,Sainz,4,Renault,9.0,10.0,3.0,12.0,0.0,25.0,5.0,0.0,0
992,2018,4,Azerbaijan Grand Prix,844,Charles,Leclerc,15,Sauber,13.0,14.0,0.0,16.0,0.0,2.0,8.0,0.0,0
992,2018,4,Azerbaijan Grand Prix,4,Fernando,Alonso,1,McLaren,12.0,13.0,22.0,6.0,0.0,28.0,4.0,0.0,0
992,2018,4,Azerbaijan Grand Prix,840,Lance,Stroll,3,Williams,10.0,11.0,0.0,18.0,0.0,0.0,10.0,0.0,0
992,2018,4,Azerbaijan Grand Prix,838,Stoffel,Vandoorne,1,McLaren,16.0,16.0,6.0,11.0,0.0,28.0,4.0,0.0,0
992,2018,4,Azerbaijan Grand Prix,843,Brendon,Hartley,5,Toro Rosso,19.0,19.0,0.0,20.0,0.0,12.0,6.0,0.0,0
992,2018,4,Azerbaijan Grand Prix,828,Marcus,Ericsson,15,Sauber,18.0,18.0,2.0,13.0,0.0,2.0,8.0,0.0,0
992,2018,4,Azerbaijan Grand Prix,842,Pierre,Gasly,5,Toro Rosso,17.0,17.0,12.0,9.0,0.0,12.0,6.0,0.0,0
992,2018,4,Azerbaijan Grand Prix,825,Kevin,Magnussen,210,Haas F1 Team,15.0,15.0,11.0,10.0,0.0,11.0,7.0,0.0,0
992,2018,4,Azerbaijan Grand Prix,822,Valtteri,Bottas,131,Mercedes,3.0,3.0,40.0,3.0,0.0,85.0,1.0,0.0,0
992,2018,4,Azerbaijan Grand Prix,154,Romain,Grosjean,210,Haas F1 Team,20.0,20.0,0.0,17.0,0.0,11.0,7.0,0.0,0
992,2018,4,Azerbaijan Grand Prix,830,Max,Verstappen,9,Red Bull,5.0,5.0,18.0,8.0,0.0,55.0,3.0,1.0,0
992,2018,4,Azerbaijan Grand Prix,817,Daniel,Ricciardo,9,Red Bull,4.0,4.0,37.0,4.0,1.0,55.0,3.0,1.0,0
992,2018,4,Azerbaijan Grand Prix,807,Nico,Hülkenberg,4,Renault,14.0,9.0,22.0,7.0,0.0,25.0,5.0,0.0,0
992,2018,4,Azerbaijan Grand Prix,839,Esteban,Ocon,10,Force India,7.0,7.0,1.0,14.0,0.0,1.0,9.0,0.0,0
992,2018,4,Azerbaijan Grand Prix,845,Sergey,Sirotkin,3,Williams,11.0,12.0,0.0,19.0,0.0,0.0,10.0,0.0,0
993,2018,5,Spanish Grand Prix,1,Lewis,Hamilton,131,Mercedes,1.0,1.0,70.0,1.0,1.0,110.0,2.0,1.0,1
993,2018,5,Spanish Grand Prix,822,Valtteri,Bottas,131,Mercedes,2.0,2.0,40.0,4.0,0.0,110.0,2.0,1.0,1
993,2018,5,Spanish Grand Prix,830,Max,Verstappen,9,Red Bull,5.0,5.0,18.0,8.0,0.0,55.0,3.0,1.0,1
993,2018,5,Spanish Grand Prix,20,Sebastian,Vettel,6,Ferrari,3.0,3.0,66.0,2.0,2.0,114.0,1.0,2.0,0
993,2018,5,Spanish Grand Prix,817,Daniel,Ricciardo,9,Red Bull,6.0,6.0,37.0,5.0,1.0,55.0,3.0,1.0,0
993,2018,5,Spanish Grand Prix,825,Kevin,Magnussen,210,Haas F1 Team,7.0,7.0,11.0,12.0,0.0,11.0,8.0,0.0,0
993,2018,5,Spanish Grand Prix,832,Carlos,Sainz,4,Renault,9.0,9.0,13.0,10.0,0.0,35.0,5.0,0.0,0
993,2018,5,Spanish Grand Prix,4,Fernando,Alonso,1,McLaren,8.0,8.0,28.0,6.0,0.0,36.0,4.0,0.0,0
993,2018,5,Spanish Grand Prix,815,Sergio,Pérez,10,Force India,15.0,15.0,15.0,9.0,0.0,16.0,6.0,0.0,0
993,2018,5,Spanish Grand Prix,844,Charles,Leclerc,15,Sauber,14.0,14.0,8.0,13.0,0.0,10.0,9.0,0.0,0
993,2018,5,Spanish Grand Prix,840,Lance,Stroll,3,Williams,18.0,19.0,4.0,15.0,0.0,4.0,10.0,0.0,0
993,2018,5,Spanish Grand Prix,843,Brendon,Hartley,5,Toro Rosso,20.0,20.0,1.0,18.0,0.0,13.0,7.0,0.0,0
993,2018,5,Spanish Grand Prix,828,Marcus,Ericsson,15,Sauber,17.0,17.0,2.0,16.0,0.0,10.0,9.0,0.0,0
993,2018,5,Spanish Grand Prix,845,Sergey,Sirotkin,3,Williams,19.0,18.0,0.0,20.0,0.0,4.0,10.0,0.0,0
993,2018,5,Spanish Grand Prix,838,Stoffel,Vandoorne,1,McLaren,11.0,11.0,8.0,14.0,0.0,36.0,4.0,0.0,0
993,2018,5,Spanish Grand Prix,839,Esteban,Ocon,10,Force India,13.0,13.0,1.0,17.0,0.0,16.0,6.0,0.0,0
993,2018,5,Spanish Grand Prix,8,Kimi,Räikkönen,6,Ferrari,4.0,4.0,48.0,3.0,0.0,114.0,1.0,2.0,0
993,2018,5,Spanish Grand Prix,154,Romain,Grosjean,210,Haas F1 Team,10.0,10.0,0.0,19.0,0.0,11.0,8.0,0.0,0
993,2018,5,Spanish Grand Prix,842,Pierre,Gasly,5,Toro Rosso,12.0,12.0,12.0,11.0,0.0,13.0,7.0,0.0,0
993,2018,5,Spanish Grand Prix,807,Nico,Hülkenberg,4,Renault,16.0,16.0,22.0,7.0,0.0,35.0,5.0,0.0,0
994,2018,6,Monaco Grand Prix,817,Daniel,Ricciardo,9,Red Bull,1.0,1.0,47.0,5.0,1.0,80.0,3.0,1.0,1
994,2018,6,Monaco Grand Prix,20,Sebastian,Vettel,6,Ferrari,2.0,2.0,78.0,2.0,2.0,126.0,2.0,2.0,1
994,2018,6,Monaco Grand Prix,1,Lewis,Hamilton,131,Mercedes,3.0,3.0,95.0,1.0,2.0,153.0,1.0,2.0,1
994,2018,6,Monaco Grand Prix,8,Kimi,Räikkönen,6,Ferrari,4.0,4.0,48.0,4.0,0.0,126.0,2.0,2.0,0
994,2018,6,Monaco Grand Prix,822,Valtteri,Bottas,131,Mercedes,5.0,5.0,58.0,3.0,0.0,153.0,1.0,2.0,0
994,2018,6,Monaco Grand Prix,839,Esteban,Ocon,10,Force India,6.0,6.0,1.0,17.0,0.0,18.0,7.0,0.0,0
994,2018,6,Monaco Grand Prix,842,Pierre,Gasly,5,Toro Rosso,10.0,10.0,12.0,12.0,0.0,13.0,8.0,0.0,0
994,2018,6,Monaco Grand Prix,807,Nico,Hülkenberg,4,Renault,11.0,11.0,22.0,8.0,0.0,41.0,4.0,0.0,0
994,2018,6,Monaco Grand Prix,830,Max,Verstappen,9,Red Bull,20.0,20.0,33.0,6.0,0.0,80.0,3.0,1.0,0
994,2018,6,Monaco Grand Prix,832,Carlos,Sainz,4,Renault,8.0,8.0,19.0,10.0,0.0,41.0,4.0,0.0,0
994,2018,6,Monaco Grand Prix,828,Marcus,Ericsson,15,Sauber,16.0,17.0,2.0,16.0,0.0,11.0,9.0,0.0,0
994,2018,6,Monaco Grand Prix,815,Sergio,Pérez,10,Force India,9.0,9.0,17.0,11.0,0.0,18.0,7.0,0.0,0
994,2018,6,Monaco Grand Prix,825,Kevin,Magnussen,210,Haas F1 Team,19.0,19.0,19.0,9.0,0.0,19.0,6.0,0.0,0
994,2018,6,Monaco Grand Prix,838,Stoffel,Vandoorne,1,McLaren,12.0,12.0,8.0,14.0,0.0,40.0,5.0,0.0,0
994,2018,6,Monaco Grand Prix,154,Romain,Grosjean,210,Haas F1 Team,18.0,15.0,0.0,19.0,0.0,19.0,6.0,0.0,0
994,2018,6,Monaco Grand Prix,845,Sergey,Sirotkin,3,Williams,13.0,13.0,0.0,20.0,0.0,4.0,10.0,0.0,0
994,2018,6,Monaco Grand Prix,840,Lance,Stroll,3,Williams,17.0,18.0,4.0,15.0,0.0,4.0,10.0,0.0,0
994,2018,6,Monaco Grand Prix,844,Charles,Leclerc,15,Sauber,14.0,14.0,9.0,13.0,0.0,11.0,9.0,0.0,0
994,2018,6,Monaco Grand Prix,843,Brendon,Hartley,5,Toro Rosso,15.0,16.0,1.0,18.0,0.0,13.0,8.0,0.0,0
994,2018,6,Monaco Grand Prix,4,Fernando,Alonso,1,McLaren,7.0,7.0,32.0,7.0,0.0,40.0,5.0,0.0,0
995,2018,7,Canadian Grand Prix,20,Sebastian,Vettel,6,Ferrari,1.0,1.0,96.0,2.0,2.0,156.0,2.0,2.0,1
995,2018,7,Canadian Grand Prix,822,Valtteri,Bottas,131,Mercedes,2.0,2.0,68.0,4.0,0.0,178.0,1.0,2.0,1
995,2018,7,Canadian Grand Prix,830,Max,Verstappen,9,Red Bull,3.0,3.0,35.0,6.0,0.0,107.0,3.0,2.0,1
995,2018,7,Canadian Grand Prix,817,Daniel,Ricciardo,9,Red Bull,6.0,6.0,72.0,3.0,2.0,107.0,3.0,2.0,0
995,2018,7,Canadian Grand Prix,1,Lewis,Hamilton,131,Mercedes,4.0,4.0,110.0,1.0,2.0,178.0,1.0,2.0,0
995,2018,7,Canadian Grand Prix,8,Kimi,Räikkönen,6,Ferrari,5.0,5.0,60.0,5.0,0.0,156.0,2.0,2.0,0
995,2018,7,Canadian Grand Prix,807,Nico,Hülkenberg,4,Renault,7.0,7.0,26.0,8.0,0.0,46.0,4.0,0.0,0
995,2018,7,Canadian Grand Prix,832,Carlos,Sainz,4,Renault,9.0,9.0,20.0,9.0,0.0,46.0,4.0,0.0,0
995,2018,7,Canadian Grand Prix,839,Esteban,Ocon,10,Force India,8.0,8.0,9.0,13.0,0.0,26.0,6.0,0.0,0
995,2018,7,Canadian Grand Prix,844,Charles,Leclerc,15,Sauber,13.0,13.0,9.0,14.0,0.0,11.0,9.0,0.0,0
995,2018,7,Canadian Grand Prix,842,Pierre,Gasly,5,Toro Rosso,16.0,16.0,18.0,11.0,0.0,19.0,7.0,0.0,0
995,2018,7,Canadian Grand Prix,154,Romain,Grosjean,210,Haas F1 Team,20.0,20.0,0.0,19.0,0.0,19.0,8.0,0.0,0
995,2018,7,Canadian Grand Prix,825,Kevin,Magnussen,210,Haas F1 Team,11.0,11.0,19.0,10.0,0.0,19.0,8.0,0.0,0
995,2018,7,Canadian Grand Prix,815,Sergio,Pérez,10,Force India,10.0,10.0,17.0,12.0,0.0,26.0,6.0,0.0,0
995,2018,7,Canadian Grand Prix,828,Marcus,Ericsson,15,Sauber,19.0,19.0,2.0,17.0,0.0,11.0,9.0,0.0,0
995,2018,7,Canadian Grand Prix,838,Stoffel,Vandoorne,1,McLaren,15.0,15.0,8.0,15.0,0.0,40.0,5.0,0.0,0
995,2018,7,Canadian Grand Prix,845,Sergey,Sirotkin,3,Williams,18.0,18.0,0.0,20.0,0.0,4.0,10.0,0.0,0
995,2018,7,Canadian Grand Prix,4,Fernando,Alonso,1,McLaren,14.0,14.0,32.0,7.0,0.0,40.0,5.0,0.0,0
995,2018,7,Canadian Grand Prix,843,Brendon,Hartley,5,Toro Rosso,12.0,12.0,1.0,18.0,0.0,19.0,7.0,0.0,0
995,2018,7,Canadian Grand Prix,840,Lance,Stroll,3,Williams,17.0,17.0,4.0,16.0,0.0,4.0,10.0,0.0,0
996,2018,8,French Grand Prix,1,Lewis,Hamilton,131,Mercedes,1.0,1.0,120.0,2.0,2.0,206.0,1.0,2.0,1
996,2018,8,French Grand Prix,830,Max,Verstappen,9,Red Bull,4.0,4.0,50.0,6.0,0.0,134.0,3.0,2.0,1
996,2018,8,French Grand Prix,8,Kimi,Räikkönen,6,Ferrari,6.0,6.0,68.0,5.0,0.0,189.0,2.0,3.0,1
996,2018,8,French Grand Prix,817,Daniel,Ricciardo,9,Red Bull,5.0,5.0,84.0,4.0,2.0,134.0,3.0,2.0,0
996,2018,8,French Grand Prix,20,Sebastian,Vettel,6,Ferrari,3.0,3.0,121.0,1.0,3.0,189.0,2.0,3.0,0
996,2018,8,French Grand Prix,825,Kevin,Magnussen,210,Haas F1 Team,9.0,9.0,19.0,10.0,0.0,19.0,8.0,0.0,0
996,2018,8,French Grand Prix,822,Valtteri,Bottas,131,Mercedes,2.0,2.0,86.0,3.0,0.0,206.0,1.0,2.0,0
996,2018,8,French Grand Prix,832,Carlos,Sainz,4,Renault,7.0,7.0,24.0,9.0,0.0,56.0,4.0,0.0,0
996,2018,8,French Grand Prix,807,Nico,Hülkenberg,4,Renault,12.0,12.0,32.0,8.0,0.0,56.0,4.0,0.0,0
996,2018,8,French Grand Prix,844,Charles,Leclerc,15,Sauber,8.0,8.0,10.0,14.0,0.0,12.0,9.0,0.0,0
996,2018,8,French Grand Prix,154,Romain,Grosjean,210,Haas F1 Team,10.0,10.0,0.0,19.0,0.0,19.0,8.0,0.0,0
996,2018,8,French Grand Prix,838,Stoffel,Vandoorne,1,McLaren,17.0,18.0,8.0,15.0,0.0,40.0,5.0,0.0,0
996,2018,8,French Grand Prix,828,Marcus,Ericsson,15,Sauber,15.0,15.0,2.0,17.0,0.0,12.0,9.0,0.0,0
996,2018,8,French Grand Prix,843,Brendon,Hartley,5,Toro Rosso,20.0,17.0,1.0,18.0,0.0,19.0,7.0,0.0,0
996,2018,8,French Grand Prix,845,Sergey,Sirotkin,3,Williams,18.0,19.0,0.0,20.0,0.0,4.0,10.0,0.0,0
996,2018,8,French Grand Prix,4,Fernando,Alonso,1,McLaren,16.0,16.0,32.0,7.0,0.0,40.0,5.0,0.0,0
996,2018,8,French Grand Prix,840,Lance,Stroll,3,Williams,19.0,20.0,4.0,16.0,0.0,4.0,10.0,0.0,0
996,2018,8,French Grand Prix,815,Sergio,Pérez,10,Force India,13.0,13.0,17.0,12.0,0.0,28.0,6.0,0.0,0
996,2018,8,French Grand Prix,839,Esteban,Ocon,10,Force India,11.0,11.0,11.0,13.0,0.0,28.0,6.0,0.0,0
996,2018,8,French Grand Prix,842,Pierre,Gasly,5,Toro Rosso,14.0,14.0,18.0,11.0,0.0,19.0,7.0,0.0,0
997,2018,9,Austrian Grand Prix,830,Max,Verstappen,9,Red Bull,4.0,5.0,68.0,6.0,0.0,164.0,3.0,2.0,1
997,2018,9,Austrian Grand Prix,8,Kimi,Räikkönen,6,Ferrari,3.0,4.0,83.0,5.0,0.0,214.0,2.0,3.0,1
997,2018,9,Austrian Grand Prix,20,Sebastian,Vettel,6,Ferrari,6.0,3.0,131.0,2.0,3.0,214.0,2.0,3.0,1
997,2018,9,Austrian Grand Prix,154,Romain,Grosjean,210,Haas F1 Team,5.0,6.0,0.0,19.0,0.0,27.0,7.0,0.0,0
997,2018,9,Austrian Grand Prix,825,Kevin,Magnussen,210,Haas F1 Team,8.0,8.0,27.0,10.0,0.0,27.0,7.0,0.0,0
997,2018,9,Austrian Grand Prix,839,Esteban,Ocon,10,Force India,11.0,11.0,11.0,13.0,0.0,28.0,6.0,0.0,0
997,2018,9,Austrian Grand Prix,815,Sergio,Pérez,10,Force India,16.0,17.0,17.0,12.0,0.0,28.0,6.0,0.0,0
997,2018,9,Austrian Grand Prix,4,Fernando,Alonso,1,McLaren,13.0,14.0,32.0,8.0,0.0,40.0,5.0,0.0,0
997,2018,9,Austrian Grand Prix,844,Charles,Leclerc,15,Sauber,18.0,13.0,11.0,14.0,0.0,13.0,9.0,0.0,0
997,2018,9,Austrian Grand Prix,828,Marcus,Ericsson,15,Sauber,20.0,20.0,2.0,17.0,0.0,13.0,9.0,0.0,0
997,2018,9,Austrian Grand Prix,842,Pierre,Gasly,5,Toro Rosso,12.0,12.0,18.0,11.0,0.0,19.0,8.0,0.0,0
997,2018,9,Austrian Grand Prix,832,Carlos,Sainz,4,Renault,9.0,9.0,28.0,9.0,0.0,62.0,4.0,0.0,0
997,2018,9,Austrian Grand Prix,845,Sergey,Sirotkin,3,Williams,17.0,18.0,0.0,20.0,0.0,4.0,10.0,0.0,0
997,2018,9,Austrian Grand Prix,840,Lance,Stroll,3,Williams,14.0,15.0,4.0,16.0,0.0,4.0,10.0,0.0,0
997,2018,9,Austrian Grand Prix,838,Stoffel,Vandoorne,1,McLaren,15.0,16.0,8.0,15.0,0.0,40.0,5.0,0.0,0
997,2018,9,Austrian Grand Prix,1,Lewis,Hamilton,131,Mercedes,2.0,2.0,145.0,1.0,3.0,237.0,1.0,3.0,0
997,2018,9,Austrian Grand Prix,843,Brendon,Hartley,5,Toro Rosso,19.0,19.0,1.0,18.0,0.0,19.0,8.0,0.0,0
997,2018,9,Austrian Grand Prix,817,Daniel,Ricciardo,9,Red Bull,7.0,7.0,96.0,3.0,2.0,164.0,3.0,2.0,0
997,2018,9,Austrian Grand Prix,822,Valtteri,Bottas,131,Mercedes,1.0,1.0,92.0,4.0,0.0,237.0,1.0,3.0,0
997,2018,9,Austrian Grand Prix,807,Nico,Hülkenberg,4,Renault,10.0,10.0,34.0,7.0,0.0,62.0,4.0,0.0,0
998,2018,10,British Grand Prix,20,Sebastian,Vettel,6,Ferrari,2.0,2.0,146.0,1.0,3.0,247.0,1.0,3.0,1
998,2018,10,British Grand Prix,1,Lewis,Hamilton,131,Mercedes,1.0,1.0,145.0,2.0,3.0,237.0,2.0,3.0,1
998,2018,10,British Grand Prix,8,Kimi,Räikkönen,6,Ferrari,3.0,3.0,101.0,3.0,0.0,247.0,1.0,3.0,1
998,2018,10,British Grand Prix,822,Valtteri,Bottas,131,Mercedes,4.0,4.0,92.0,6.0,0.0,237.0,2.0,3.0,0
998,2018,10,British Grand Prix,817,Daniel,Ricciardo,9,Red Bull,6.0,6.0,96.0,4.0,2.0,189.0,3.0,3.0,0
998,2018,10,British Grand Prix,807,Nico,Hülkenberg,4,Renault,11.0,11.0,34.0,9.0,0.0,62.0,4.0,0.0,0
998,2018,10,British Grand Prix,839,Esteban,Ocon,10,Force India,10.0,10.0,19.0,12.0,0.0,42.0,7.0,0.0,0
998,2018,10,British Grand Prix,4,Fernando,Alonso,1,McLaren,13.0,13.0,36.0,8.0,0.0,44.0,6.0,0.0,0
998,2018,10,British Grand Prix,825,Kevin,Magnussen,210,Haas F1 Team,7.0,7.0,37.0,7.0,0.0,49.0,5.0,0.0,0
998,2018,10,British Grand Prix,815,Sergio,Pérez,10,Force India,12.0,12.0,23.0,11.0,0.0,42.0,7.0,0.0,0
998,2018,10,British Grand Prix,838,Stoffel,Vandoorne,1,McLaren,17.0,17.0,8.0,16.0,0.0,44.0,6.0,0.0,0
998,2018,10,British Grand Prix,840,Lance,Stroll,3,Williams,19.0,19.0,4.0,17.0,0.0,4.0,10.0,0.0,0
998,2018,10,British Grand Prix,842,Pierre,Gasly,5,Toro Rosso,14.0,14.0,18.0,13.0,0.0,19.0,8.0,0.0,0
998,2018,10,British Grand Prix,845,Sergey,Sirotkin,3,Williams,18.0,18.0,0.0,20.0,0.0,4.0,10.0,0.0,0
998,2018,10,British Grand Prix,843,Brendon,Hartley,5,Toro Rosso,0.0,20.0,1.0,19.0,0.0,19.0,8.0,0.0,0
998,2018,10,British Grand Prix,830,Max,Verstappen,9,Red Bull,5.0,5.0,93.0,5.0,1.0,189.0,3.0,3.0,0
998,2018,10,British Grand Prix,154,Romain,Grosjean,210,Haas F1 Team,8.0,8.0,12.0,15.0,0.0,49.0,5.0,0.0,0
998,2018,10,British Grand Prix,832,Carlos,Sainz,4,Renault,16.0,16.0,28.0,10.0,0.0,62.0,4.0,0.0,0
998,2018,10,British Grand Prix,828,Marcus,Ericsson,15,Sauber,15.0,15.0,3.0,18.0,0.0,16.0,9.0,0.0,0
998,2018,10,British Grand Prix,844,Charles,Leclerc,15,Sauber,9.0,9.0,13.0,14.0,0.0,16.0,9.0,0.0,0
999,2018,11,German Grand Prix,1,Lewis,Hamilton,131,Mercedes,14.0,14.0,163.0,2.0,3.0,267.0,2.0,3.0,1
999,2018,11,German Grand Prix,822,Valtteri,Bottas,131,Mercedes,2.0,2.0,104.0,5.0,0.0,267.0,2.0,3.0,1
999,2018,11,German Grand Prix,8,Kimi,Räikkönen,6,Ferrari,3.0,3.0,116.0,3.0,0.0,287.0,1.0,4.0,1
999,2018,11,German Grand Prix,830,Max,Verstappen,9,Red Bull,4.0,4.0,93.0,6.0,1.0,199.0,3.0,3.0,0
999,2018,11,German Grand Prix,807,Nico,Hülkenberg,4,Renault,7.0,7.0,42.0,7.0,0.0,70.0,4.0,0.0,0
999,2018,11,German Grand Prix,154,Romain,Grosjean,210,Haas F1 Team,6.0,6.0,12.0,15.0,0.0,51.0,5.0,0.0,0
999,2018,11,German Grand Prix,815,Sergio,Pérez,10,Force India,10.0,10.0,24.0,12.0,0.0,49.0,6.0,0.0,0
999,2018,11,German Grand Prix,839,Esteban,Ocon,10,Force India,15.0,16.0,25.0,11.0,0.0,49.0,6.0,0.0,0
999,2018,11,German Grand Prix,828,Marcus,Ericsson,15,Sauber,13.0,13.0,3.0,18.0,0.0,16.0,9.0,0.0,0
999,2018,11,German Grand Prix,843,Brendon,Hartley,5,Toro Rosso,17.0,18.0,1.0,19.0,0.0,19.0,8.0,0.0,0
999,2018,11,German Grand Prix,825,Kevin,Magnussen,210,Haas F1 Team,5.0,5.0,39.0,9.0,0.0,51.0,5.0,0.0,0
999,2018,11,German Grand Prix,832,Carlos,Sainz,4,Renault,8.0,8.0,28.0,10.0,0.0,70.0,4.0,0.0,0
999,2018,11,German Grand Prix,838,Stoffel,Vandoorne,1,McLaren,19.0,20.0,8.0,16.0,0.0,48.0,7.0,0.0,0
999,2018,11,German Grand Prix,842,Pierre,Gasly,5,Toro Rosso,16.0,17.0,18.0,13.0,0.0,19.0,8.0,0.0,0
999,2018,11,German Grand Prix,844,Charles,Leclerc,15,Sauber,9.0,9.0,13.0,14.0,0.0,16.0,9.0,0.0,0
999,2018,11,German Grand Prix,4,Fernando,Alonso,1,McLaren,11.0,11.0,40.0,8.0,0.0,48.0,7.0,0.0,0
999,2018,11,German Grand Prix,840,Lance,Stroll,3,Williams,18.0,19.0,4.0,17.0,0.0,4.0,10.0,0.0,0
999,2018,11,German Grand Prix,20,Sebastian,Vettel,6,Ferrari,1.0,1.0,171.0,1.0,4.0,287.0,1.0,4.0,0
999,2018,11,German Grand Prix,845,Sergey,Sirotkin,3,Williams,12.0,12.0,0.0,20.0,0.0,4.0,10.0,0.0,0
999,2018,11,German Grand Prix,817,Daniel,Ricciardo,9,Red Bull,20.0,15.0,106.0,4.0,2.0,199.0,3.0,3.0,0
1000,2018,12,Hungarian Grand Prix,1,Lewis,Hamilton,131,Mercedes,1.0,1.0,188.0,1.0,4.0,310.0,1.0,4.0,1
1000,2018,12,Hungarian Grand Prix,20,Sebastian,Vettel,6,Ferrari,4.0,4.0,171.0,2.0,4.0,302.0,2.0,4.0,1
1000,2018,12,Hungarian Grand Prix,8,Kimi,Räikkönen,6,Ferrari,3.0,3.0,131.0,3.0,0.0,302.0,2.0,4.0,1
1000,2018,12,Hungarian Grand Prix,817,Daniel,Ricciardo,9,Red Bull,12.0,12.0,106.0,5.0,2.0,211.0,3.0,3.0,0
1000,2018,12,Hungarian Grand Prix,822,Valtteri,Bottas,131,Mercedes,2.0,2.0,122.0,4.0,0.0,310.0,1.0,4.0,0
1000,2018,12,Hungarian Grand Prix,842,Pierre,Gasly,5,Toro Rosso,6.0,6.0,18.0,14.0,0.0,20.0,8.0,0.0,0
1000,2018,12,Hungarian Grand Prix,825,Kevin,Magnussen,210,Haas F1 Team,9.0,9.0,39.0,9.0,0.0,59.0,6.0,0.0,0
1000,2018,12,Hungarian Grand Prix,4,Fernando,Alonso,1,McLaren,11.0,11.0,40.0,8.0,0.0,48.0,7.0,0.0,0
1000,2018,12,Hungarian Grand Prix,832,Carlos,Sainz,4,Renault,5.0,5.0,28.0,12.0,0.0,80.0,4.0,0.0,0
1000,2018,12,Hungarian Grand Prix,154,Romain,Grosjean,210,Haas F1 Team,10.0,10.0,20.0,13.0,0.0,59.0,6.0,0.0,0
1000,2018,12,Hungarian Grand Prix,843,Brendon,Hartley,5,Toro Rosso,8.0,8.0,2.0,19.0,0.0,20.0,8.0,0.0,0
1000,2018,12,Hungarian Grand Prix,807,Nico,Hülkenberg,4,Renault,13.0,13.0,52.0,7.0,0.0,80.0,4.0,0.0,0
1000,2018,12,Hungarian Grand Prix,839,Esteban,Ocon,10,Force India,18.0,18.0,29.0,11.0,0.0,59.0,5.0,0.0,0
1000,2018,12,Hungarian Grand Prix,815,Sergio,Pérez,10,Force India,19.0,19.0,30.0,10.0,0.0,59.0,5.0,0.0,0
1000,2018,12,Hungarian Grand Prix,828,Marcus,Ericsson,15,Sauber,14.0,14.0,5.0,17.0,0.0,18.0,9.0,0.0,0
1000,2018,12,Hungarian Grand Prix,845,Sergey,Sirotkin,3,Williams,20.0,20.0,0.0,20.0,0.0,4.0,10.0,0.0,0
1000,2018,12,Hungarian Grand Prix,840,Lance,Stroll,3,Williams,15.0,15.0,4.0,18.0,0.0,4.0,10.0,0.0,0
1000,2018,12,Hungarian Grand Prix,838,Stoffel,Vandoorne,1,McLaren,16.0,16.0,8.0,16.0,0.0,48.0,7.0,0.0,0
1000,2018,12,Hungarian Grand Prix,830,Max,Verstappen,9,Red Bull,7.0,7.0,105.0,6.0,1.0,211.0,3.0,3.0,0
1000,2018,12,Hungarian Grand Prix,844,Charles,Leclerc,15,Sauber,17.0,17.0,13.0,15.0,0.0,18.0,9.0,0.0,0
1001,2018,13,Belgian Grand Prix,20,Sebastian,Vettel,6,Ferrari,2.0,2.0,189.0,2.0,4.0,335.0,2.0,4.0,1
1001,2018,13,Belgian Grand Prix,1,Lewis,Hamilton,131,Mercedes,1.0,1.0,213.0,1.0,5.0,345.0,1.0,5.0,1
1001,2018,13,Belgian Grand Prix,830,Max,Verstappen,9,Red Bull,7.0,7.0,105.0,6.0,1.0,223.0,3.0,3.0,1
1001,2018,13,Belgian Grand Prix,822,Valtteri,Bottas,131,Mercedes,19.0,10.0,132.0,4.0,0.0,345.0,1.0,5.0,0
1001,2018,13,Belgian Grand Prix,815,Sergio,Pérez,10,Force India,4.0,4.0,30.0,10.0,0.0,59.0,6.0,0.0,0
1001,2018,13,Belgian Grand Prix,839,Esteban,Ocon,10,Force India,3.0,3.0,29.0,12.0,0.0,59.0,6.0,0.0,0
1001,2018,13,Belgian Grand Prix,154,Romain,Grosjean,210,Haas F1 Team,5.0,5.0,21.0,14.0,0.0,66.0,5.0,0.0,0
1001,2018,13,Belgian Grand Prix,825,Kevin,Magnussen,210,Haas F1 Team,9.0,9.0,45.0,8.0,0.0,66.0,5.0,0.0,0
1001,2018,13,Belgian Grand Prix,842,Pierre,Gasly,5,Toro Rosso,10.0,11.0,26.0,13.0,0.0,28.0,8.0,0.0,0
1001,2018,13,Belgian Grand Prix,828,Marcus,Ericsson,15,Sauber,13.0,14.0,5.0,17.0,0.0,18.0,9.0,0.0,0
1001,2018,13,Belgian Grand Prix,832,Carlos,Sainz,4,Renault,14.0,16.0,30.0,11.0,0.0,82.0,4.0,0.0,0
1001,2018,13,Belgian Grand Prix,845,Sergey,Sirotkin,3,Williams,16.0,18.0,0.0,20.0,0.0,4.0,10.0,0.0,0
1001,2018,13,Belgian Grand Prix,840,Lance,Stroll,3,Williams,17.0,19.0,4.0,18.0,0.0,4.0,10.0,0.0,0
1001,2018,13,Belgian Grand Prix,843,Brendon,Hartley,5,Toro Rosso,11.0,12.0,2.0,19.0,0.0,28.0,8.0,0.0,0
1001,2018,13,Belgian Grand Prix,838,Stoffel,Vandoorne,1,McLaren,18.0,20.0,8.0,16.0,0.0,52.0,7.0,0.0,0
1001,2018,13,Belgian Grand Prix,817,Daniel,Ricciardo,9,Red Bull,8.0,8.0,118.0,5.0,2.0,223.0,3.0,3.0,0
1001,2018,13,Belgian Grand Prix,8,Kimi,Räikkönen,6,Ferrari,6.0,6.0,146.0,3.0,0.0,335.0,2.0,4.0,0
1001,2018,13,Belgian Grand Prix,844,Charles,Leclerc,15,Sauber,12.0,13.0,13.0,15.0,0.0,18.0,9.0,0.0,0
1001,2018,13,Belgian Grand Prix,4,Fernando,Alonso,1,McLaren,15.0,17.0,44.0,9.0,0.0,52.0,7.0,0.0,0
1001,2018,13,Belgian Grand Prix,807,Nico,Hülkenberg,4,Renault,20.0,15.0,52.0,7.0,0.0,82.0,4.0,0.0,0
1002,2018,14,Italian Grand Prix,1,Lewis,Hamilton,131,Mercedes,3.0,3.0,231.0,1.0,5.0,375.0,1.0,5.0,1
1002,2018,14,Italian Grand Prix,8,Kimi,Räikkönen,6,Ferrari,1.0,1.0,146.0,3.0,0.0,360.0,2.0,5.0,1
1002,2018,14,Italian Grand Prix,822,Valtteri,Bottas,131,Mercedes,4.0,4.0,144.0,4.0,0.0,375.0,1.0,5.0,1
1002,2018,14,Italian Grand Prix,20,Sebastian,Vettel,6,Ferrari,2.0,2.0,214.0,2.0,5.0,360.0,2.0,5.0,0
1002,2018,14,Italian Grand Prix,830,Max,Verstappen,9,Red Bull,5.0,5.0,120.0,5.0,1.0,238.0,3.0,3.0,0
1002,2018,14,Italian Grand Prix,839,Esteban,Ocon,10,Force India,8.0,8.0,37.0,11.0,0.0,18.0,9.0,0.0,0
1002,2018,14,Italian Grand Prix,815,Sergio,Pérez,10,Force India,14.0,16.0,40.0,10.0,0.0,18.0,9.0,0.0,0
1002,2018,14,Italian Grand Prix,832,Carlos,Sainz,4,Renault,7.0,7.0,30.0,12.0,0.0,82.0,4.0,0.0,0
1002,2018,14,Italian Grand Prix,840,Lance,Stroll,3,Williams,10.0,10.0,4.0,18.0,0.0,4.0,10.0,0.0,0
1002,2018,14,Italian Grand Prix,845,Sergey,Sirotkin,3,Williams,12.0,12.0,0.0,20.0,0.0,4.0,10.0,0.0,0
1002,2018,14,Italian Grand Prix,844,Charles,Leclerc,15,Sauber,15.0,17.0,13.0,15.0,0.0,19.0,8.0,0.0,0
1002,2018,14,Italian Grand Prix,838,Stoffel,Vandoorne,1,McLaren,17.0,20.0,8.0,16.0,0.0,52.0,6.0,0.0,0
1002,2018,14,Italian Grand Prix,807,Nico,Hülkenberg,4,Renault,20.0,14.0,52.0,7.0,0.0,82.0,4.0,0.0,0
1002,2018,14,Italian Grand Prix,842,Pierre,Gasly,5,Toro Rosso,9.0,9.0,28.0,13.0,0.0,30.0,7.0,0.0,0
1002,2018,14,Italian Grand Prix,828,Marcus,Ericsson,15,Sauber,18.0,19.0,6.0,17.0,0.0,19.0,8.0,0.0,0
1002,2018,14,Italian Grand Prix,825,Kevin,Magnussen,210,Haas F1 Team,11.0,11.0,49.0,8.0,0.0,76.0,5.0,0.0,0
1002,2018,14,Italian Grand Prix,817,Daniel,Ricciardo,9,Red Bull,19.0,15.0,118.0,6.0,2.0,238.0,3.0,3.0,0
1002,2018,14,Italian Grand Prix,4,Fernando,Alonso,1,McLaren,13.0,13.0,44.0,9.0,0.0,52.0,6.0,0.0,0
1002,2018,14,Italian Grand Prix,843,Brendon,Hartley,5,Toro Rosso,16.0,18.0,2.0,19.0,0.0,30.0,7.0,0.0,0
1002,2018,14,Italian Grand Prix,154,Romain,Grosjean,210,Haas F1 Team,6.0,6.0,27.0,14.0,0.0,76.0,5.0,0.0,0
1003,2018,15,Singapore Grand Prix,1,Lewis,Hamilton,131,Mercedes,1.0,1.0,256.0,1.0,6.0,415.0,1.0,6.0,1
1003,2018,15,Singapore Grand Prix,830,Max,Verstappen,9,Red Bull,2.0,2.0,130.0,5.0,1.0,248.0,3.0,3.0,1
1003,2018,15,Singapore Grand Prix,20,Sebastian,Vettel,6,Ferrari,3.0,3.0,226.0,2.0,5.0,390.0,2.0,5.0,1
1003,2018,15,Singapore Grand Prix,822,Valtteri,Bottas,131,Mercedes,4.0,4.0,159.0,4.0,0.0,415.0,1.0,6.0,0
1003,2018,15,Singapore Grand Prix,8,Kimi,Räikkönen,6,Ferrari,5.0,5.0,164.0,3.0,0.0,390.0,2.0,5.0,0
1003,2018,15,Singapore Grand Prix,817,Daniel,Ricciardo,9,Red Bull,6.0,6.0,118.0,6.0,2.0,248.0,3.0,3.0,0
1003,2018,15,Singapore Grand Prix,4,Fernando,Alonso,1,McLaren,11.0,11.0,44.0,11.0,0.0,52.0,6.0,0.0,0
1003,2018,15,Singapore Grand Prix,832,Carlos,Sainz,4,Renault,12.0,12.0,34.0,12.0,0.0,86.0,4.0,0.0,0
1003,2018,15,Singapore Grand Prix,844,Charles,Leclerc,15,Sauber,13.0,13.0,13.0,15.0,0.0,19.0,9.0,0.0,0
1003,2018,15,Singapore Grand Prix,807,Nico,Hülkenberg,4,Renault,10.0,10.0,52.0,7.0,0.0,86.0,4.0,0.0,0
1003,2018,15,Singapore Grand Prix,828,Marcus,Ericsson,15,Sauber,14.0,14.0,6.0,18.0,0.0,19.0,9.0,0.0,0
1003,2018,15,Singapore Grand Prix,838,Stoffel,Vandoorne,1,McLaren,18.0,18.0,8.0,16.0,0.0,52.0,6.0,0.0,0
1003,2018,15,Singapore Grand Prix,842,Pierre,Gasly,5,Toro Rosso,15.0,15.0,28.0,13.0,0.0,30.0,8.0,0.0,0
1003,2018,15,Singapore Grand Prix,840,Lance,Stroll,3,Williams,20.0,20.0,6.0,17.0,0.0,7.0,10.0,0.0,0
1003,2018,15,Singapore Grand Prix,154,Romain,Grosjean,210,Haas F1 Team,8.0,8.0,27.0,14.0,0.0,76.0,5.0,0.0,0
1003,2018,15,Singapore Grand Prix,815,Sergio,Pérez,10,Force India,7.0,7.0,46.0,9.0,0.0,32.0,7.0,0.0,0
1003,2018,15,Singapore Grand Prix,843,Brendon,Hartley,5,Toro Rosso,17.0,17.0,2.0,19.0,0.0,30.0,8.0,0.0,0
1003,2018,15,Singapore Grand Prix,825,Kevin,Magnussen,210,Haas F1 Team,16.0,16.0,49.0,8.0,0.0,76.0,5.0,0.0,0
1003,2018,15,Singapore Grand Prix,845,Sergey,Sirotkin,3,Williams,19.0,19.0,1.0,20.0,0.0,7.0,10.0,0.0,0
1003,2018,15,Singapore Grand Prix,839,Esteban,Ocon,10,Force India,9.0,9.0,45.0,10.0,0.0,32.0,7.0,0.0,0
1004,2018,16,Russian Grand Prix,1,Lewis,Hamilton,131,Mercedes,2.0,2.0,281.0,1.0,7.0,452.0,1.0,7.0,1
1004,2018,16,Russian Grand Prix,822,Valtteri,Bottas,131,Mercedes,1.0,1.0,171.0,4.0,0.0,452.0,1.0,7.0,1
1004,2018,16,Russian Grand Prix,20,Sebastian,Vettel,6,Ferrari,3.0,3.0,241.0,2.0,5.0,415.0,2.0,5.0,1
1004,2018,16,Russian Grand Prix,8,Kimi,Räikkönen,6,Ferrari,4.0,4.0,174.0,3.0,0.0,415.0,2.0,5.0,0
1004,2018,16,Russian Grand Prix,830,Max,Verstappen,9,Red Bull,19.0,11.0,148.0,5.0,1.0,274.0,3.0,3.0,0
1004,2018,16,Russian Grand Prix,817,Daniel,Ricciardo,9,Red Bull,18.0,12.0,126.0,6.0,2.0,274.0,3.0,3.0,0
1004,2018,16,Russian Grand Prix,844,Charles,Leclerc,15,Sauber,7.0,7.0,15.0,15.0,0.0,21.0,9.0,0.0,0
1004,2018,16,Russian Grand Prix,825,Kevin,Magnussen,210,Haas F1 Team,5.0,5.0,49.0,9.0,0.0,76.0,5.0,0.0,0
1004,2018,16,Russian Grand Prix,839,Esteban,Ocon,10,Force India,6.0,6.0,45.0,11.0,0.0,32.0,7.0,0.0,0
1004,2018,16,Russian Grand Prix,815,Sergio,Pérez,10,Force India,8.0,8.0,46.0,10.0,0.0,32.0,7.0,0.0,0
1004,2018,16,Russian Grand Prix,154,Romain,Grosjean,210,Haas F1 Team,9.0,9.0,27.0,14.0,0.0,76.0,5.0,0.0,0
1004,2018,16,Russian Grand Prix,807,Nico,Hülkenberg,4,Renault,12.0,15.0,53.0,7.0,0.0,91.0,4.0,0.0,0
1004,2018,16,Russian Grand Prix,828,Marcus,Ericsson,15,Sauber,10.0,10.0,6.0,18.0,0.0,21.0,9.0,0.0,0
1004,2018,16,Russian Grand Prix,4,Fernando,Alonso,1,McLaren,16.0,17.0,50.0,8.0,0.0,58.0,6.0,0.0,0
1004,2018,16,Russian Grand Prix,840,Lance,Stroll,3,Williams,14.0,20.0,6.0,17.0,0.0,7.0,10.0,0.0,0
1004,2018,16,Russian Grand Prix,838,Stoffel,Vandoorne,1,McLaren,15.0,19.0,8.0,16.0,0.0,58.0,6.0,0.0,0
1004,2018,16,Russian Grand Prix,832,Carlos,Sainz,4,Renault,11.0,14.0,38.0,12.0,0.0,91.0,4.0,0.0,0
1004,2018,16,Russian Grand Prix,845,Sergey,Sirotkin,3,Williams,13.0,18.0,1.0,20.0,0.0,7.0,10.0,0.0,0
1004,2018,16,Russian Grand Prix,842,Pierre,Gasly,5,Toro Rosso,17.0,13.0,28.0,13.0,0.0,30.0,8.0,0.0,0
1004,2018,16,Russian Grand Prix,843,Brendon,Hartley,5,Toro Rosso,20.0,16.0,2.0,19.0,0.0,30.0,8.0,0.0,0
1005,2018,17,Japanese Grand Prix,1,Lewis,Hamilton,131,Mercedes,1.0,1.0,306.0,1.0,8.0,495.0,1.0,8.0,1
1005,2018,17,Japanese Grand Prix,822,Valtteri,Bottas,131,Mercedes,2.0,2.0,189.0,3.0,0.0,495.0,1.0,8.0,1
1005,2018,17,Japanese Grand Prix,830,Max,Verstappen,9,Red Bull,3.0,3.0,158.0,5.0,1.0,292.0,3.0,3.0,1
1005,2018,17,Japanese Grand Prix,817,Daniel,Ricciardo,9,Red Bull,15.0,15.0,134.0,6.0,2.0,292.0,3.0,3.0,0
1005,2018,17,Japanese Grand Prix,8,Kimi,Räikkönen,6,Ferrari,4.0,4.0,186.0,4.0,0.0,442.0,2.0,5.0,0
1005,2018,17,Japanese Grand Prix,20,Sebastian,Vettel,6,Ferrari,8.0,9.0,256.0,2.0,5.0,442.0,2.0,5.0,0
1005,2018,17,Japanese Grand Prix,815,Sergio,Pérez,10,Force India,9.0,10.0,47.0,10.0,0.0,35.0,7.0,0.0,0
1005,2018,17,Japanese Grand Prix,154,Romain,Grosjean,210,Haas F1 Team,5.0,5.0,27.0,14.0,0.0,80.0,5.0,0.0,0
1005,2018,17,Japanese Grand Prix,839,Esteban,Ocon,10,Force India,11.0,8.0,47.0,11.0,0.0,35.0,7.0,0.0,0
1005,2018,17,Japanese Grand Prix,832,Carlos,Sainz,4,Renault,13.0,13.0,38.0,12.0,0.0,91.0,4.0,0.0,0
1005,2018,17,Japanese Grand Prix,842,Pierre,Gasly,5,Toro Rosso,7.0,7.0,28.0,13.0,0.0,30.0,8.0,0.0,0
1005,2018,17,Japanese Grand Prix,828,Marcus,Ericsson,15,Sauber,20.0,20.0,6.0,18.0,0.0,27.0,9.0,0.0,0
1005,2018,17,Japanese Grand Prix,843,Brendon,Hartley,5,Toro Rosso,6.0,6.0,2.0,19.0,0.0,30.0,8.0,0.0,0
1005,2018,17,Japanese Grand Prix,4,Fernando,Alonso,1,McLaren,18.0,18.0,50.0,9.0,0.0,58.0,6.0,0.0,0
1005,2018,17,Japanese Grand Prix,838,Stoffel,Vandoorne,1,McLaren,19.0,19.0,8.0,16.0,0.0,58.0,6.0,0.0,0
1005,2018,17,Japanese Grand Prix,845,Sergey,Sirotkin,3,Williams,17.0,17.0,1.0,20.0,0.0,7.0,10.0,0.0,0
1005,2018,17,Japanese Grand Prix,840,Lance,Stroll,3,Williams,14.0,14.0,6.0,17.0,0.0,7.0,10.0,0.0,0
1005,2018,17,Japanese Grand Prix,844,Charles,Leclerc,15,Sauber,10.0,11.0,21.0,15.0,0.0,27.0,9.0,0.0,0
1005,2018,17,Japanese Grand Prix,807,Nico,Hülkenberg,4,Renault,16.0,16.0,53.0,8.0,0.0,91.0,4.0,0.0,0
1005,2018,17,Japanese Grand Prix,825,Kevin,Magnussen,210,Haas F1 Team,12.0,12.0,53.0,7.0,0.0,80.0,5.0,0.0,0
1006,2018,18,United States Grand Prix,8,Kimi,Räikkönen,6,Ferrari,2.0,3.0,196.0,4.0,0.0,460.0,2.0,5.0,1
1006,2018,18,United States Grand Prix,830,Max,Verstappen,9,Red Bull,18.0,15.0,173.0,5.0,1.0,319.0,3.0,3.0,1
1006,2018,18,United States Grand Prix,1,Lewis,Hamilton,131,Mercedes,1.0,1.0,331.0,1.0,9.0,538.0,1.0,9.0,1
1006,2018,18,United States Grand Prix,20,Sebastian,Vettel,6,Ferrari,5.0,2.0,264.0,2.0,5.0,460.0,2.0,5.0,0
1006,2018,18,United States Grand Prix,822,Valtteri,Bottas,131,Mercedes,3.0,4.0,207.0,3.0,0.0,538.0,1.0,9.0,0
1006,2018,18,United States Grand Prix,807,Nico,Hülkenberg,4,Renault,7.0,7.0,53.0,9.0,0.0,92.0,4.0,0.0,0
1006,2018,18,United States Grand Prix,832,Carlos,Sainz,4,Renault,11.0,11.0,39.0,12.0,0.0,92.0,4.0,0.0,0
1006,2018,18,United States Grand Prix,815,Sergio,Pérez,10,Force India,10.0,10.0,53.0,7.0,0.0,43.0,7.0,0.0,0
1006,2018,18,United States Grand Prix,843,Brendon,Hartley,5,Toro Rosso,20.0,14.0,2.0,19.0,0.0,30.0,8.0,0.0,0
1006,2018,18,United States Grand Prix,828,Marcus,Ericsson,15,Sauber,16.0,19.0,6.0,18.0,0.0,27.0,9.0,0.0,0
1006,2018,18,United States Grand Prix,838,Stoffel,Vandoorne,1,McLaren,17.0,20.0,8.0,16.0,0.0,58.0,6.0,0.0,0
1006,2018,18,United States Grand Prix,842,Pierre,Gasly,5,Toro Rosso,19.0,13.0,28.0,14.0,0.0,30.0,8.0,0.0,0
1006,2018,18,United States Grand Prix,845,Sergey,Sirotkin,3,Williams,14.0,17.0,1.0,20.0,0.0,7.0,10.0,0.0,0
1006,2018,18,United States Grand Prix,840,Lance,Stroll,3,Williams,15.0,18.0,6.0,17.0,0.0,7.0,10.0,0.0,0
1006,2018,18,United States Grand Prix,844,Charles,Leclerc,15,Sauber,9.0,9.0,21.0,15.0,0.0,27.0,9.0,0.0,0
1006,2018,18,United States Grand Prix,817,Daniel,Ricciardo,9,Red Bull,4.0,5.0,146.0,6.0,2.0,319.0,3.0,3.0,0
1006,2018,18,United States Grand Prix,154,Romain,Grosjean,210,Haas F1 Team,8.0,8.0,31.0,13.0,0.0,84.0,5.0,0.0,0
1006,2018,18,United States Grand Prix,4,Fernando,Alonso,1,McLaren,13.0,16.0,50.0,10.0,0.0,58.0,6.0,0.0,0
1006,2018,18,United States Grand Prix,839,Esteban,Ocon,10,Force India,6.0,6.0,49.0,11.0,0.0,43.0,7.0,0.0,0
1006,2018,18,United States Grand Prix,825,Kevin,Magnussen,210,Haas F1 Team,12.0,12.0,53.0,8.0,0.0,84.0,5.0,0.0,0
1007,2018,19,Mexican Grand Prix,830,Max,Verstappen,9,Red Bull,2.0,2.0,191.0,5.0,1.0,337.0,3.0,3.0,1
1007,2018,19,Mexican Grand Prix,20,Sebastian,Vettel,6,Ferrari,4.0,4.0,276.0,2.0,5.0,497.0,2.0,6.0,1
1007,2018,19,Mexican Grand Prix,8,Kimi,Räikkönen,6,Ferrari,6.0,6.0,221.0,3.0,1.0,497.0,2.0,6.0,1
1007,2018,19,Mexican Grand Prix,1,Lewis,Hamilton,131,Mercedes,3.0,3.0,346.0,1.0,9.0,563.0,1.0,9.0,0
1007,2018,19,Mexican Grand Prix,822,Valtteri,Bottas,131,Mercedes,5.0,5.0,217.0,4.0,0.0,563.0,1.0,9.0,0
1007,2018,19,Mexican Grand Prix,807,Nico,Hülkenberg,4,Renault,7.0,7.0,61.0,7.0,0.0,106.0,4.0,0.0,0
1007,2018,19,Mexican Grand Prix,844,Charles,Leclerc,15,Sauber,9.0,9.0,21.0,15.0,0.0,28.0,9.0,0.0,0
1007,2018,19,Mexican Grand Prix,838,Stoffel,Vandoorne,1,McLaren,15.0,17.0,8.0,16.0,0.0,58.0,6.0,0.0,0
1007,2018,19,Mexican Grand Prix,828,Marcus,Ericsson,15,Sauber,10.0,10.0,7.0,17.0,0.0,28.0,9.0,0.0,0
1007,2018,19,Mexican Grand Prix,842,Pierre,Gasly,5,Toro Rosso,20.0,15.0,28.0,14.0,0.0,32.0,8.0,0.0,0
1007,2018,19,Mexican Grand Prix,839,Esteban,Ocon,10,Force India,11.0,11.0,49.0,11.0,0.0,47.0,7.0,0.0,0
1007,2018,19,Mexican Grand Prix,840,Lance,Stroll,3,Williams,17.0,19.0,6.0,18.0,0.0,7.0,10.0,0.0,0
1007,2018,19,Mexican Grand Prix,845,Sergey,Sirotkin,3,Williams,19.0,20.0,1.0,20.0,0.0,7.0,10.0,0.0,0
1007,2018,19,Mexican Grand Prix,843,Brendon,Hartley,5,Toro Rosso,14.0,14.0,4.0,19.0,0.0,32.0,8.0,0.0,0
1007,2018,19,Mexican Grand Prix,825,Kevin,Magnussen,210,Haas F1 Team,16.0,18.0,53.0,9.0,0.0,84.0,5.0,0.0,0
1007,2018,19,Mexican Grand Prix,154,Romain,Grosjean,210,Haas F1 Team,18.0,16.0,31.0,13.0,0.0,84.0,5.0,0.0,0
1007,2018,19,Mexican Grand Prix,817,Daniel,Ricciardo,9,Red Bull,1.0,1.0,146.0,6.0,2.0,337.0,3.0,3.0,0
1007,2018,19,Mexican Grand Prix,815,Sergio,Pérez,10,Force India,13.0,13.0,57.0,8.0,0.0,47.0,7.0,0.0,0
1007,2018,19,Mexican Grand Prix,832,Carlos,Sainz,4,Renault,8.0,8.0,45.0,12.0,0.0,106.0,4.0,0.0,0
1007,2018,19,Mexican Grand Prix,4,Fernando,Alonso,1,McLaren,12.0,12.0,50.0,10.0,0.0,58.0,6.0,0.0,0
1008,2018,20,Brazilian Grand Prix,1,Lewis,Hamilton,131,Mercedes,1.0,1.0,358.0,1.0,9.0,585.0,1.0,9.0,1
1008,2018,20,Brazilian Grand Prix,830,Max,Verstappen,9,Red Bull,5.0,5.0,216.0,5.0,2.0,362.0,3.0,4.0,1
1008,2018,20,Brazilian Grand Prix,8,Kimi,Räikkönen,6,Ferrari,4.0,4.0,236.0,3.0,1.0,530.0,2.0,6.0,1
1008,2018,20,Brazilian Grand Prix,817,Daniel,Ricciardo,9,Red Bull,11.0,6.0,146.0,6.0,2.0,362.0,3.0,4.0,0
1008,2018,20,Brazilian Grand Prix,822,Valtteri,Bottas,131,Mercedes,3.0,3.0,227.0,4.0,0.0,585.0,1.0,9.0,0
1008,2018,20,Brazilian Grand Prix,20,Sebastian,Vettel,6,Ferrari,2.0,2.0,294.0,2.0,5.0,530.0,2.0,6.0,0
1008,2018,20,Brazilian Grand Prix,844,Charles,Leclerc,15,Sauber,7.0,8.0,27.0,15.0,0.0,36.0,8.0,0.0,0
1008,2018,20,Brazilian Grand Prix,154,Romain,Grosjean,210,Haas F1 Team,8.0,9.0,31.0,13.0,0.0,84.0,5.0,0.0,0
1008,2018,20,Brazilian Grand Prix,825,Kevin,Magnussen,210,Haas F1 Team,10.0,11.0,53.0,9.0,0.0,84.0,5.0,0.0,0
1008,2018,20,Brazilian Grand Prix,815,Sergio,Pérez,10,Force India,12.0,12.0,57.0,8.0,0.0,47.0,7.0,0.0,0
1008,2018,20,Brazilian Grand Prix,843,Brendon,Hartley,5,Toro Rosso,16.0,17.0,4.0,19.0,0.0,33.0,9.0,0.0,0
1008,2018,20,Brazilian Grand Prix,832,Carlos,Sainz,4,Renault,15.0,16.0,45.0,12.0,0.0,114.0,4.0,0.0,0
1008,2018,20,Brazilian Grand Prix,842,Pierre,Gasly,5,Toro Rosso,9.0,10.0,29.0,14.0,0.0,33.0,9.0,0.0,0
1008,2018,20,Brazilian Grand Prix,838,Stoffel,Vandoorne,1,McLaren,20.0,20.0,12.0,16.0,0.0,62.0,6.0,0.0,0
1008,2018,20,Brazilian Grand Prix,839,Esteban,Ocon,10,Force India,18.0,13.0,49.0,11.0,0.0,47.0,7.0,0.0,0
1008,2018,20,Brazilian Grand Prix,845,Sergey,Sirotkin,3,Williams,14.0,15.0,1.0,20.0,0.0,7.0,10.0,0.0,0
1008,2018,20,Brazilian Grand Prix,4,Fernando,Alonso,1,McLaren,17.0,18.0,50.0,10.0,0.0,62.0,6.0,0.0,0
1008,2018,20,Brazilian Grand Prix,840,Lance,Stroll,3,Williams,19.0,19.0,6.0,18.0,0.0,7.0,10.0,0.0,0
1008,2018,20,Brazilian Grand Prix,807,Nico,Hülkenberg,4,Renault,13.0,14.0,69.0,7.0,0.0,114.0,4.0,0.0,0
1008,2018,20,Brazilian Grand Prix,828,Marcus,Ericsson,15,Sauber,6.0,7.0,9.0,17.0,0.0,36.0,8.0,0.0,0
1009,2018,21,Abu Dhabi Grand Prix,1,Lewis,Hamilton,131,Mercedes,1.0,1.0,383.0,1.0,10.0,620.0,1.0,10.0,1
1009,2018,21,Abu Dhabi Grand Prix,20,Sebastian,Vettel,6,Ferrari,3.0,3.0,302.0,2.0,5.0,553.0,2.0,6.0,1
1009,2018,21,Abu Dhabi Grand Prix,830,Max,Verstappen,9,Red Bull,6.0,6.0,234.0,5.0,2.0,392.0,3.0,4.0,1
1009,2018,21,Abu Dhabi Grand Prix,817,Daniel,Ricciardo,9,Red Bull,5.0,5.0,158.0,6.0,2.0,392.0,3.0,4.0,0
1009,2018,21,Abu Dhabi Grand Prix,822,Valtteri,Bottas,131,Mercedes,2.0,2.0,237.0,4.0,0.0,620.0,1.0,10.0,0
1009,2018,21,Abu Dhabi Grand Prix,832,Carlos,Sainz,4,Renault,11.0,11.0,45.0,12.0,0.0,114.0,4.0,0.0,0
1009,2018,21,Abu Dhabi Grand Prix,844,Charles,Leclerc,15,Sauber,8.0,8.0,33.0,14.0,0.0,42.0,8.0,0.0,0
1009,2018,21,Abu Dhabi Grand Prix,815,Sergio,Pérez,10,Force India,14.0,14.0,58.0,8.0,0.0,48.0,7.0,0.0,0
1009,2018,21,Abu Dhabi Grand Prix,154,Romain,Grosjean,210,Haas F1 Team,7.0,7.0,35.0,13.0,0.0,90.0,5.0,0.0,0
1009,2018,21,Abu Dhabi Grand Prix,825,Kevin,Magnussen,210,Haas F1 Team,13.0,13.0,55.0,9.0,0.0,90.0,5.0,0.0,0
1009,2018,21,Abu Dhabi Grand Prix,4,Fernando,Alonso,1,McLaren,15.0,15.0,50.0,10.0,0.0,62.0,6.0,0.0,0
1009,2018,21,Abu Dhabi Grand Prix,843,Brendon,Hartley,5,Toro Rosso,16.0,16.0,4.0,19.0,0.0,33.0,9.0,0.0,0
1009,2018,21,Abu Dhabi Grand Prix,840,Lance,Stroll,3,Williams,20.0,20.0,6.0,18.0,0.0,7.0,10.0,0.0,0
1009,2018,21,Abu Dhabi Grand Prix,838,Stoffel,Vandoorne,1,McLaren,18.0,18.0,12.0,16.0,0.0,62.0,6.0,0.0,0
1009,2018,21,Abu Dhabi Grand Prix,845,Sergey,Sirotkin,3,Williams,19.0,19.0,1.0,20.0,0.0,7.0,10.0,0.0,0
1009,2018,21,Abu Dhabi Grand Prix,842,Pierre,Gasly,5,Toro Rosso,17.0,17.0,29.0,15.0,0.0,33.0,9.0,0.0,0
1009,2018,21,Abu Dhabi Grand Prix,839,Esteban,Ocon,10,Force India,9.0,9.0,49.0,11.0,0.0,48.0,7.0,0.0,0
1009,2018,21,Abu Dhabi Grand Prix,828,Marcus,Ericsson,15,Sauber,12.0,12.0,9.0,17.0,0.0,42.0,8.0,0.0,0
1009,2018,21,Abu Dhabi Grand Prix,8,Kimi,Räikkönen,6,Ferrari,4.0,4.0,251.0,3.0,1.0,553.0,2.0,6.0,0
1009,2018,21,Abu Dhabi Grand Prix,807,Nico,Hülkenberg,4,Renault,10.0,10.0,69.0,7.0,0.0,114.0,4.0,0.0,0
1010,2019,1,Australian Grand Prix,822,Valtteri,Bottas,131,Mercedes,2.0,2.0,247.0,5.0,0.0,655.0,1.0,11.0,1
1010,2019,1,Australian Grand Prix,1,Lewis,Hamilton,131,Mercedes,1.0,1.0,408.0,1.0,11.0,655.0,1.0,11.0,1
1010,2019,1,Australian Grand Prix,830,Max,Verstappen,9,Red Bull,4.0,4.0,249.0,4.0,2.0,419.0,3.0,4.0,1
1010,2019,1,Australian Grand Prix,20,Sebastian,Vettel,6,Ferrari,3.0,3.0,320.0,2.0,5.0,571.0,2.0,6.0,0
1010,2019,1,Australian Grand Prix,844,Charles,Leclerc,6,Ferrari,5.0,5.0,39.0,13.0,0.0,571.0,2.0,6.0,0
1010,2019,1,Australian Grand Prix,825,Kevin,Magnussen,210,Haas F1 Team,7.0,7.0,56.0,9.0,0.0,93.0,5.0,0.0,0
1010,2019,1,Australian Grand Prix,807,Nico,Hülkenberg,4,Renault,11.0,11.0,69.0,7.0,0.0,122.0,4.0,0.0,0
1010,2019,1,Australian Grand Prix,8,Kimi,Räikkönen,51,Alfa Romeo,9.0,9.0,251.0,3.0,1.0,0.0,12.0,0.0,0
1010,2019,1,Australian Grand Prix,840,Lance,Stroll,211,Racing Point,16.0,16.0,6.0,18.0,0.0,0.0,13.0,0.0,0
1010,2019,1,Australian Grand Prix,826,Daniil,Kvyat,5,Toro Rosso,15.0,15.0,5.0,19.0,0.0,33.0,9.0,0.0,0
1010,2019,1,Australian Grand Prix,842,Pierre,Gasly,9,Red Bull,17.0,17.0,29.0,15.0,0.0,419.0,3.0,4.0,0
1010,2019,1,Australian Grand Prix,846,Lando,Norris,1,McLaren,8.0,8.0,0.0,28.0,0.0,62.0,6.0,0.0,0
1010,2019,1,Australian Grand Prix,815,Sergio,Pérez,211,Racing Point,10.0,10.0,62.0,8.0,0.0,0.0,13.0,0.0,0
1010,2019,1,Australian Grand Prix,848,Alexander,Albon,5,Toro Rosso,13.0,13.0,0.0,28.0,0.0,33.0,9.0,0.0,0
1010,2019,1,Australian Grand Prix,841,Antonio,Giovinazzi,51,Alfa Romeo,14.0,14.0,0.0,22.0,0.0,0.0,12.0,0.0,0
1010,2019,1,Australian Grand Prix,847,George,Russell,3,Williams,19.0,19.0,0.0,28.0,0.0,7.0,10.0,0.0,0
1010,2019,1,Australian Grand Prix,9,Robert,Kubica,3,Williams,20.0,20.0,136.0,8.0,0.0,7.0,10.0,0.0,0
1010,2019,1,Australian Grand Prix,154,Romain,Grosjean,210,Haas F1 Team,6.0,6.0,37.0,14.0,0.0,93.0,5.0,0.0,0
1010,2019,1,Australian Grand Prix,817,Daniel,Ricciardo,4,Renault,12.0,12.0,170.0,6.0,2.0,122.0,4.0,0.0,0
1010,2019,1,Australian Grand Prix,832,Carlos,Sainz,1,McLaren,18.0,18.0,53.0,10.0,0.0,62.0,6.0,0.0,0
1011,2019,2,Bahrain Grand Prix,1,Lewis,Hamilton,131,Mercedes,3.0,3.0,18.0,2.0,0.0,44.0,1.0,1.0,1
1011,2019,2,Bahrain Grand Prix,822,Valtteri,Bottas,131,Mercedes,4.0,4.0,26.0,1.0,1.0,44.0,1.0,1.0,1
1011,2019,2,Bahrain Grand Prix,844,Charles,Leclerc,6,Ferrari,1.0,1.0,10.0,5.0,0.0,22.0,2.0,0.0,1
1011,2019,2,Bahrain Grand Prix,830,Max,Verstappen,9,Red Bull,5.0,5.0,15.0,3.0,0.0,15.0,3.0,0.0,0
1011,2019,2,Bahrain Grand Prix,20,Sebastian,Vettel,6,Ferrari,2.0,2.0,12.0,4.0,0.0,22.0,2.0,0.0,0
1011,2019,2,Bahrain Grand Prix,846,Lando,Norris,1,McLaren,9.0,10.0,0.0,12.0,0.0,0.0,9.0,0.0,0
1011,2019,2,Bahrain Grand Prix,8,Kimi,Räikkönen,51,Alfa Romeo,8.0,9.0,4.0,8.0,0.0,4.0,6.0,0.0,0
1011,2019,2,Bahrain Grand Prix,842,Pierre,Gasly,9,Red Bull,13.0,13.0,0.0,11.0,0.0,15.0,3.0,0.0,0
1011,2019,2,Bahrain Grand Prix,848,Alexander,Albon,5,Toro Rosso,12.0,12.0,0.0,14.0,0.0,1.0,8.0,0.0,0
1011,2019,2,Bahrain Grand Prix,815,Sergio,Pérez,211,Racing Point,14.0,14.0,0.0,13.0,0.0,2.0,7.0,0.0,0
1011,2019,2,Bahrain Grand Prix,841,Antonio,Giovinazzi,51,Alfa Romeo,16.0,16.0,0.0,15.0,0.0,4.0,6.0,0.0,0
1011,2019,2,Bahrain Grand Prix,826,Daniil,Kvyat,5,Toro Rosso,15.0,15.0,1.0,10.0,0.0,1.0,8.0,0.0,0
1011,2019,2,Bahrain Grand Prix,825,Kevin,Magnussen,210,Haas F1 Team,6.0,6.0,8.0,6.0,0.0,8.0,4.0,0.0,0
1011,2019,2,Bahrain Grand Prix,840,Lance,Stroll,211,Racing Point,18.0,18.0,2.0,9.0,0.0,2.0,7.0,0.0,0
1011,2019,2,Bahrain Grand Prix,847,George,Russell,3,Williams,19.0,19.0,0.0,16.0,0.0,0.0,10.0,0.0,0
1011,2019,2,Bahrain Grand Prix,9,Robert,Kubica,3,Williams,20.0,20.0,0.0,17.0,0.0,0.0,10.0,0.0,0
1011,2019,2,Bahrain Grand Prix,807,Nico,Hülkenberg,4,Renault,17.0,17.0,6.0,7.0,0.0,6.0,5.0,0.0,0
1011,2019,2,Bahrain Grand Prix,817,Daniel,Ricciardo,4,Renault,10.0,11.0,0.0,19.0,0.0,6.0,5.0,0.0,0
1011,2019,2,Bahrain Grand Prix,832,Carlos,Sainz,1,McLaren,7.0,7.0,0.0,20.0,0.0,0.0,9.0,0.0,0
1011,2019,2,Bahrain Grand Prix,154,Romain,Grosjean,210,Haas F1 Team,11.0,8.0,0.0,18.0,0.0,8.0,4.0,0.0,0
1012,2019,3,Chinese Grand Prix,1,Lewis,Hamilton,131,Mercedes,2.0,2.0,43.0,2.0,1.0,87.0,1.0,2.0,1
1012,2019,3,Chinese Grand Prix,822,Valtteri,Bottas,131,Mercedes,1.0,1.0,44.0,1.0,1.0,87.0,1.0,2.0,1
1012,2019,3,Chinese Grand Prix,20,Sebastian,Vettel,6,Ferrari,3.0,3.0,22.0,5.0,0.0,48.0,2.0,0.0,1
1012,2019,3,Chinese Grand Prix,830,Max,Verstappen,9,Red Bull,5.0,5.0,27.0,3.0,0.0,31.0,3.0,0.0,0
1012,2019,3,Chinese Grand Prix,844,Charles,Leclerc,6,Ferrari,4.0,4.0,26.0,4.0,0.0,48.0,2.0,0.0,0
1012,2019,3,Chinese Grand Prix,842,Pierre,Gasly,9,Red Bull,6.0,6.0,4.0,10.0,0.0,31.0,3.0,0.0,0
1012,2019,3,Chinese Grand Prix,817,Daniel,Ricciardo,4,Renault,7.0,7.0,0.0,18.0,0.0,6.0,7.0,0.0,0
1012,2019,3,Chinese Grand Prix,815,Sergio,Pérez,211,Racing Point,12.0,12.0,1.0,14.0,0.0,3.0,9.0,0.0,0
1012,2019,3,Chinese Grand Prix,8,Kimi,Räikkönen,51,Alfa Romeo,13.0,13.0,10.0,6.0,0.0,10.0,4.0,0.0,0
1012,2019,3,Chinese Grand Prix,848,Alexander,Albon,5,Toro Rosso,0.0,25.0,2.0,11.0,0.0,3.0,8.0,0.0,0
1012,2019,3,Chinese Grand Prix,154,Romain,Grosjean,210,Haas F1 Team,10.0,10.0,0.0,19.0,0.0,8.0,6.0,0.0,0
1012,2019,3,Chinese Grand Prix,840,Lance,Stroll,211,Racing Point,16.0,16.0,2.0,12.0,0.0,3.0,9.0,0.0,0
1012,2019,3,Chinese Grand Prix,825,Kevin,Magnussen,210,Haas F1 Team,9.0,9.0,8.0,8.0,0.0,8.0,6.0,0.0,0
1012,2019,3,Chinese Grand Prix,832,Carlos,Sainz,1,McLaren,14.0,14.0,0.0,20.0,0.0,8.0,5.0,0.0,0
1012,2019,3,Chinese Grand Prix,841,Antonio,Giovinazzi,51,Alfa Romeo,19.0,25.0,0.0,15.0,0.0,10.0,4.0,0.0,0
1012,2019,3,Chinese Grand Prix,847,George,Russell,3,Williams,17.0,17.0,0.0,16.0,0.0,0.0,10.0,0.0,0
1012,2019,3,Chinese Grand Prix,9,Robert,Kubica,3,Williams,18.0,18.0,0.0,17.0,0.0,0.0,10.0,0.0,0
1012,2019,3,Chinese Grand Prix,846,Lando,Norris,1,McLaren,15.0,15.0,8.0,7.0,0.0,8.0,5.0,0.0,0
1012,2019,3,Chinese Grand Prix,826,Daniil,Kvyat,5,Toro Rosso,11.0,11.0,1.0,13.0,0.0,3.0,8.0,0.0,0
1012,2019,3,Chinese Grand Prix,807,Nico,Hülkenberg,4,Renault,8.0,8.0,6.0,9.0,0.0,6.0,7.0,0.0,0
1013,2019,4,Azerbaijan Grand Prix,822,Valtteri,Bottas,131,Mercedes,1.0,1.0,62.0,2.0,1.0,130.0,1.0,3.0,1
1013,2019,4,Azerbaijan Grand Prix,1,Lewis,Hamilton,131,Mercedes,2.0,2.0,68.0,1.0,2.0,130.0,1.0,3.0,1
1013,2019,4,Azerbaijan Grand Prix,20,Sebastian,Vettel,6,Ferrari,3.0,3.0,37.0,4.0,0.0,73.0,2.0,0.0,1
1013,2019,4,Azerbaijan Grand Prix,830,Max,Verstappen,9,Red Bull,4.0,4.0,39.0,3.0,0.0,52.0,3.0,0.0,0
1013,2019,4,Azerbaijan Grand Prix,844,Charles,Leclerc,6,Ferrari,8.0,9.0,36.0,5.0,0.0,73.0,2.0,0.0,0
1013,2019,4,Azerbaijan Grand Prix,815,Sergio,Pérez,211,Racing Point,5.0,5.0,5.0,12.0,0.0,7.0,8.0,0.0,0
1013,2019,4,Azerbaijan Grand Prix,832,Carlos,Sainz,1,McLaren,9.0,10.0,0.0,18.0,0.0,8.0,7.0,0.0,0
1013,2019,4,Azerbaijan Grand Prix,846,Lando,Norris,1,McLaren,7.0,7.0,8.0,8.0,0.0,8.0,7.0,0.0,0
1013,2019,4,Azerbaijan Grand Prix,840,Lance,Stroll,211,Racing Point,13.0,14.0,2.0,14.0,0.0,7.0,8.0,0.0,0
1013,2019,4,Azerbaijan Grand Prix,8,Kimi,Räikkönen,51,Alfa Romeo,0.0,19.0,12.0,7.0,0.0,12.0,5.0,0.0,0
1013,2019,4,Azerbaijan Grand Prix,848,Alexander,Albon,5,Toro Rosso,11.0,12.0,3.0,13.0,0.0,4.0,9.0,0.0,0
1013,2019,4,Azerbaijan Grand Prix,841,Antonio,Giovinazzi,51,Alfa Romeo,17.0,8.0,0.0,16.0,0.0,12.0,5.0,0.0,0
1013,2019,4,Azerbaijan Grand Prix,825,Kevin,Magnussen,210,Haas F1 Team,12.0,13.0,8.0,9.0,0.0,8.0,6.0,0.0,0
1013,2019,4,Azerbaijan Grand Prix,807,Nico,Hülkenberg,4,Renault,15.0,16.0,6.0,10.0,0.0,12.0,4.0,0.0,0
1013,2019,4,Azerbaijan Grand Prix,847,George,Russell,3,Williams,16.0,17.0,0.0,19.0,0.0,0.0,10.0,0.0,0
1013,2019,4,Azerbaijan Grand Prix,9,Robert,Kubica,3,Williams,0.0,18.0,0.0,20.0,0.0,0.0,10.0,0.0,0
1013,2019,4,Azerbaijan Grand Prix,842,Pierre,Gasly,9,Red Bull,0.0,20.0,13.0,6.0,0.0,52.0,3.0,0.0,0
1013,2019,4,Azerbaijan Grand Prix,154,Romain,Grosjean,210,Haas F1 Team,14.0,15.0,0.0,17.0,0.0,8.0,6.0,0.0,0
1013,2019,4,Azerbaijan Grand Prix,826,Daniil,Kvyat,5,Toro Rosso,6.0,6.0,1.0,15.0,0.0,4.0,9.0,0.0,0
1013,2019,4,Azerbaijan Grand Prix,817,Daniel,Ricciardo,4,Renault,10.0,11.0,6.0,11.0,0.0,12.0,4.0,0.0,0
1014,2019,5,Spanish Grand Prix,1,Lewis,Hamilton,131,Mercedes,2.0,2.0,86.0,2.0,2.0,173.0,1.0,4.0,1
1014,2019,5,Spanish Grand Prix,822,Valtteri,Bottas,131,Mercedes,1.0,1.0,87.0,1.0,2.0,173.0,1.0,4.0,1
1014,2019,5,Spanish Grand Prix,830,Max,Verstappen,9,Red Bull,4.0,4.0,51.0,4.0,0.0,64.0,3.0,0.0,1
1014,2019,5,Spanish Grand Prix,20,Sebastian,Vettel,6,Ferrari,3.0,3.0,52.0,3.0,0.0,99.0,2.0,0.0,0
1014,2019,5,Spanish Grand Prix,844,Charles,Leclerc,6,Ferrari,5.0,5.0,47.0,5.0,0.0,99.0,2.0,0.0,0
1014,2019,5,Spanish Grand Prix,842,Pierre,Gasly,9,Red Bull,6.0,6.0,13.0,7.0,0.0,64.0,3.0,0.0,0
1014,2019,5,Spanish Grand Prix,825,Kevin,Magnussen,210,Haas F1 Team,8.0,8.0,8.0,10.0,0.0,8.0,8.0,0.0,0
1014,2019,5,Spanish Grand Prix,832,Carlos,Sainz,1,McLaren,12.0,13.0,6.0,12.0,0.0,18.0,4.0,0.0,0
1014,2019,5,Spanish Grand Prix,826,Daniil,Kvyat,5,Toro Rosso,9.0,9.0,1.0,16.0,0.0,4.0,9.0,0.0,0
1014,2019,5,Spanish Grand Prix,154,Romain,Grosjean,210,Haas F1 Team,7.0,7.0,0.0,18.0,0.0,8.0,8.0,0.0,0
1014,2019,5,Spanish Grand Prix,848,Alexander,Albon,5,Toro Rosso,11.0,12.0,3.0,15.0,0.0,4.0,9.0,0.0,0
1014,2019,5,Spanish Grand Prix,817,Daniel,Ricciardo,4,Renault,13.0,10.0,6.0,13.0,0.0,12.0,7.0,0.0,0
1014,2019,5,Spanish Grand Prix,807,Nico,Hülkenberg,4,Renault,0.0,16.0,6.0,11.0,0.0,12.0,7.0,0.0,0
1014,2019,5,Spanish Grand Prix,8,Kimi,Räikkönen,51,Alfa Romeo,14.0,14.0,13.0,8.0,0.0,13.0,6.0,0.0,0
1014,2019,5,Spanish Grand Prix,815,Sergio,Pérez,211,Racing Point,15.0,15.0,13.0,6.0,0.0,17.0,5.0,0.0,0
1014,2019,5,Spanish Grand Prix,841,Antonio,Giovinazzi,51,Alfa Romeo,18.0,18.0,0.0,17.0,0.0,13.0,6.0,0.0,0
1014,2019,5,Spanish Grand Prix,847,George,Russell,3,Williams,19.0,19.0,0.0,19.0,0.0,0.0,10.0,0.0,0
1014,2019,5,Spanish Grand Prix,9,Robert,Kubica,3,Williams,17.0,20.0,0.0,20.0,0.0,0.0,10.0,0.0,0
1014,2019,5,Spanish Grand Prix,840,Lance,Stroll,211,Racing Point,16.0,17.0,4.0,14.0,0.0,17.0,5.0,0.0,0
1014,2019,5,Spanish Grand Prix,846,Lando,Norris,1,McLaren,10.0,11.0,12.0,9.0,0.0,18.0,4.0,0.0,0
1015,2019,6,Monaco Grand Prix,1,Lewis,Hamilton,131,Mercedes,1.0,1.0,112.0,1.0,3.0,217.0,1.0,5.0,1
1015,2019,6,Monaco Grand Prix,20,Sebastian,Vettel,6,Ferrari,4.0,4.0,64.0,4.0,0.0,121.0,2.0,0.0,1
1015,2019,6,Monaco Grand Prix,822,Valtteri,Bottas,131,Mercedes,2.0,2.0,105.0,2.0,2.0,217.0,1.0,5.0,1
1015,2019,6,Monaco Grand Prix,830,Max,Verstappen,9,Red Bull,3.0,3.0,66.0,3.0,0.0,87.0,3.0,0.0,0
1015,2019,6,Monaco Grand Prix,842,Pierre,Gasly,9,Red Bull,8.0,5.0,21.0,6.0,0.0,87.0,3.0,0.0,0
1015,2019,6,Monaco Grand Prix,832,Carlos,Sainz,1,McLaren,9.0,9.0,10.0,11.0,0.0,22.0,4.0,0.0,0
1015,2019,6,Monaco Grand Prix,826,Daniil,Kvyat,5,Toro Rosso,7.0,8.0,3.0,16.0,0.0,6.0,9.0,0.0,0
1015,2019,6,Monaco Grand Prix,848,Alexander,Albon,5,Toro Rosso,10.0,10.0,3.0,15.0,0.0,6.0,9.0,0.0,0
1015,2019,6,Monaco Grand Prix,817,Daniel,Ricciardo,4,Renault,6.0,7.0,6.0,12.0,0.0,12.0,8.0,0.0,0
1015,2019,6,Monaco Grand Prix,154,Romain,Grosjean,210,Haas F1 Team,13.0,13.0,1.0,17.0,0.0,15.0,6.0,0.0,0
1015,2019,6,Monaco Grand Prix,846,Lando,Norris,1,McLaren,12.0,12.0,12.0,10.0,0.0,22.0,4.0,0.0,0
1015,2019,6,Monaco Grand Prix,825,Kevin,Magnussen,210,Haas F1 Team,5.0,6.0,14.0,7.0,0.0,15.0,6.0,0.0,0
1015,2019,6,Monaco Grand Prix,815,Sergio,Pérez,211,Racing Point,16.0,17.0,13.0,8.0,0.0,17.0,5.0,0.0,0
1015,2019,6,Monaco Grand Prix,807,Nico,Hülkenberg,4,Renault,11.0,11.0,6.0,13.0,0.0,12.0,8.0,0.0,0
1015,2019,6,Monaco Grand Prix,847,George,Russell,3,Williams,19.0,19.0,0.0,19.0,0.0,0.0,10.0,0.0,0
1015,2019,6,Monaco Grand Prix,840,Lance,Stroll,211,Racing Point,17.0,18.0,4.0,14.0,0.0,17.0,5.0,0.0,0
1015,2019,6,Monaco Grand Prix,8,Kimi,Räikkönen,51,Alfa Romeo,14.0,14.0,13.0,9.0,0.0,13.0,7.0,0.0,0
1015,2019,6,Monaco Grand Prix,9,Robert,Kubica,3,Williams,20.0,20.0,0.0,20.0,0.0,0.0,10.0,0.0,0
1015,2019,6,Monaco Grand Prix,841,Antonio,Giovinazzi,51,Alfa Romeo,18.0,15.0,0.0,18.0,0.0,13.0,7.0,0.0,0
1015,2019,6,Monaco Grand Prix,844,Charles,Leclerc,6,Ferrari,15.0,16.0,57.0,5.0,0.0,121.0,2.0,0.0,0
1016,2019,7,Canadian Grand Prix,1,Lewis,Hamilton,131,Mercedes,2.0,2.0,137.0,1.0,4.0,257.0,1.0,6.0,1
1016,2019,7,Canadian Grand Prix,20,Sebastian,Vettel,6,Ferrari,1.0,1.0,82.0,3.0,0.0,139.0,2.0,0.0,1
1016,2019,7,Canadian Grand Prix,844,Charles,Leclerc,6,Ferrari,3.0,3.0,57.0,5.0,0.0,139.0,2.0,0.0,1
1016,2019,7,Canadian Grand Prix,822,Valtteri,Bottas,131,Mercedes,6.0,6.0,120.0,2.0,2.0,257.0,1.0,6.0,0
1016,2019,7,Canadian Grand Prix,830,Max,Verstappen,9,Red Bull,9.0,11.0,78.0,4.0,0.0,110.0,3.0,0.0,0
1016,2019,7,Canadian Grand Prix,817,Daniel,Ricciardo,4,Renault,4.0,4.0,8.0,13.0,0.0,14.0,8.0,0.0,0
1016,2019,7,Canadian Grand Prix,807,Nico,Hülkenberg,4,Renault,7.0,7.0,6.0,15.0,0.0,14.0,8.0,0.0,0
1016,2019,7,Canadian Grand Prix,842,Pierre,Gasly,9,Red Bull,5.0,5.0,32.0,6.0,0.0,110.0,3.0,0.0,0
1016,2019,7,Canadian Grand Prix,840,Lance,Stroll,211,Racing Point,17.0,18.0,4.0,16.0,0.0,17.0,5.0,0.0,0
1016,2019,7,Canadian Grand Prix,826,Daniil,Kvyat,5,Toro Rosso,10.0,12.0,9.0,12.0,0.0,16.0,7.0,0.0,0
1016,2019,7,Canadian Grand Prix,832,Carlos,Sainz,1,McLaren,11.0,9.0,18.0,7.0,0.0,30.0,4.0,0.0,0
1016,2019,7,Canadian Grand Prix,815,Sergio,Pérez,211,Racing Point,15.0,16.0,13.0,9.0,0.0,17.0,5.0,0.0,0
1016,2019,7,Canadian Grand Prix,841,Antonio,Giovinazzi,51,Alfa Romeo,12.0,13.0,0.0,18.0,0.0,13.0,9.0,0.0,0
1016,2019,7,Canadian Grand Prix,154,Romain,Grosjean,210,Haas F1 Team,14.0,15.0,2.0,17.0,0.0,16.0,6.0,0.0,0
1016,2019,7,Canadian Grand Prix,8,Kimi,Räikkönen,51,Alfa Romeo,16.0,17.0,13.0,10.0,0.0,13.0,9.0,0.0,0
1016,2019,7,Canadian Grand Prix,847,George,Russell,3,Williams,18.0,19.0,0.0,19.0,0.0,0.0,10.0,0.0,0
1016,2019,7,Canadian Grand Prix,825,Kevin,Magnussen,210,Haas F1 Team,0.0,10.0,14.0,8.0,0.0,16.0,6.0,0.0,0
1016,2019,7,Canadian Grand Prix,9,Robert,Kubica,3,Williams,19.0,20.0,0.0,20.0,0.0,0.0,10.0,0.0,0
1016,2019,7,Canadian Grand Prix,848,Alexander,Albon,5,Toro Rosso,13.0,14.0,7.0,14.0,0.0,16.0,7.0,0.0,0
1016,2019,7,Canadian Grand Prix,846,Lando,Norris,1,McLaren,8.0,8.0,12.0,11.0,0.0,30.0,4.0,0.0,0
1017,2019,8,French Grand Prix,1,Lewis,Hamilton,131,Mercedes,1.0,1.0,162.0,1.0,5.0,295.0,1.0,7.0,1
1017,2019,8,French Grand Prix,822,Valtteri,Bottas,131,Mercedes,2.0,2.0,133.0,2.0,2.0,295.0,1.0,7.0,1
1017,2019,8,French Grand Prix,844,Charles,Leclerc,6,Ferrari,3.0,3.0,72.0,5.0,0.0,172.0,2.0,0.0,1
1017,2019,8,French Grand Prix,830,Max,Verstappen,9,Red Bull,4.0,4.0,88.0,4.0,0.0,124.0,3.0,0.0,0
1017,2019,8,French Grand Prix,20,Sebastian,Vettel,6,Ferrari,7.0,7.0,100.0,3.0,0.0,172.0,2.0,0.0,0
1017,2019,8,French Grand Prix,832,Carlos,Sainz,1,McLaren,6.0,6.0,18.0,7.0,0.0,30.0,4.0,0.0,0
1017,2019,8,French Grand Prix,8,Kimi,Räikkönen,51,Alfa Romeo,12.0,12.0,13.0,11.0,0.0,13.0,9.0,0.0,0
1017,2019,8,French Grand Prix,807,Nico,Hülkenberg,4,Renault,13.0,13.0,12.0,13.0,0.0,28.0,5.0,0.0,0
1017,2019,8,French Grand Prix,846,Lando,Norris,1,McLaren,5.0,5.0,12.0,12.0,0.0,30.0,4.0,0.0,0
1017,2019,8,French Grand Prix,842,Pierre,Gasly,9,Red Bull,9.0,9.0,36.0,6.0,0.0,124.0,3.0,0.0,0
1017,2019,8,French Grand Prix,817,Daniel,Ricciardo,4,Renault,8.0,8.0,16.0,8.0,0.0,28.0,5.0,0.0,0
1017,2019,8,French Grand Prix,815,Sergio,Pérez,211,Racing Point,14.0,14.0,13.0,10.0,0.0,19.0,6.0,0.0,0
1017,2019,8,French Grand Prix,840,Lance,Stroll,211,Racing Point,17.0,18.0,6.0,16.0,0.0,19.0,6.0,0.0,0
1017,2019,8,French Grand Prix,826,Daniil,Kvyat,5,Toro Rosso,19.0,16.0,10.0,14.0,0.0,17.0,7.0,0.0,0
1017,2019,8,French Grand Prix,848,Alexander,Albon,5,Toro Rosso,11.0,11.0,7.0,15.0,0.0,17.0,7.0,0.0,0
1017,2019,8,French Grand Prix,841,Antonio,Giovinazzi,51,Alfa Romeo,10.0,10.0,0.0,18.0,0.0,13.0,9.0,0.0,0
1017,2019,8,French Grand Prix,825,Kevin,Magnussen,210,Haas F1 Team,15.0,15.0,14.0,9.0,0.0,16.0,8.0,0.0,0
1017,2019,8,French Grand Prix,9,Robert,Kubica,3,Williams,18.0,20.0,0.0,20.0,0.0,0.0,10.0,0.0,0
1017,2019,8,French Grand Prix,847,George,Russell,3,Williams,20.0,19.0,0.0,19.0,0.0,0.0,10.0,0.0,0
1017,2019,8,French Grand Prix,154,Romain,Grosjean,210,Haas F1 Team,16.0,17.0,2.0,17.0,0.0,16.0,8.0,0.0,0
1018,2019,9,Austrian Grand Prix,830,Max,Verstappen,9,Red Bull,2.0,3.0,100.0,4.0,0.0,137.0,3.0,0.0,1
1018,2019,9,Austrian Grand Prix,844,Charles,Leclerc,6,Ferrari,1.0,1.0,87.0,5.0,0.0,198.0,2.0,0.0,1
1018,2019,9,Austrian Grand Prix,822,Valtteri,Bottas,131,Mercedes,3.0,4.0,151.0,2.0,2.0,338.0,1.0,8.0,1
1018,2019,9,Austrian Grand Prix,20,Sebastian,Vettel,6,Ferrari,9.0,10.0,111.0,3.0,0.0,198.0,2.0,0.0,0
1018,2019,9,Austrian Grand Prix,1,Lewis,Hamilton,131,Mercedes,4.0,2.0,187.0,1.0,6.0,338.0,1.0,8.0,0
1018,2019,9,Austrian Grand Prix,846,Lando,Norris,1,McLaren,5.0,6.0,14.0,12.0,0.0,40.0,4.0,0.0,0
1018,2019,9,Austrian Grand Prix,842,Pierre,Gasly,9,Red Bull,8.0,9.0,37.0,6.0,0.0,137.0,3.0,0.0,0
1018,2019,9,Austrian Grand Prix,832,Carlos,Sainz,1,McLaren,19.0,15.0,26.0,7.0,0.0,40.0,4.0,0.0,0
1018,2019,9,Austrian Grand Prix,8,Kimi,Räikkönen,51,Alfa Romeo,6.0,7.0,19.0,8.0,0.0,19.0,7.0,0.0,0
1018,2019,9,Austrian Grand Prix,841,Antonio,Giovinazzi,51,Alfa Romeo,7.0,8.0,0.0,18.0,0.0,19.0,7.0,0.0,0
1018,2019,9,Austrian Grand Prix,815,Sergio,Pérez,211,Racing Point,13.0,16.0,13.0,13.0,0.0,19.0,6.0,0.0,0
1018,2019,9,Austrian Grand Prix,817,Daniel,Ricciardo,4,Renault,12.0,14.0,16.0,9.0,0.0,32.0,5.0,0.0,0
1018,2019,9,Austrian Grand Prix,807,Nico,Hülkenberg,4,Renault,15.0,12.0,16.0,10.0,0.0,32.0,5.0,0.0,0
1018,2019,9,Austrian Grand Prix,840,Lance,Stroll,211,Racing Point,14.0,17.0,6.0,16.0,0.0,19.0,6.0,0.0,0
1018,2019,9,Austrian Grand Prix,848,Alexander,Albon,5,Toro Rosso,18.0,13.0,7.0,15.0,0.0,17.0,8.0,0.0,0
1018,2019,9,Austrian Grand Prix,154,Romain,Grosjean,210,Haas F1 Team,11.0,11.0,2.0,17.0,0.0,16.0,9.0,0.0,0
1018,2019,9,Austrian Grand Prix,826,Daniil,Kvyat,5,Toro Rosso,16.0,18.0,10.0,14.0,0.0,17.0,8.0,0.0,0
1018,2019,9,Austrian Grand Prix,847,George,Russell,3,Williams,0.0,19.0,0.0,19.0,0.0,0.0,10.0,0.0,0
1018,2019,9,Austrian Grand Prix,825,Kevin,Magnussen,210,Haas F1 Team,10.0,5.0,14.0,11.0,0.0,16.0,9.0,0.0,0
1018,2019,9,Austrian Grand Prix,9,Robert,Kubica,3,Williams,17.0,20.0,0.0,20.0,0.0,0.0,10.0,0.0,0
1019,2019,10,British Grand Prix,1,Lewis,Hamilton,131,Mercedes,2.0,2.0,197.0,1.0,6.0,363.0,1.0,8.0,1
1019,2019,10,British Grand Prix,822,Valtteri,Bottas,131,Mercedes,1.0,1.0,166.0,2.0,2.0,363.0,1.0,8.0,1
1019,2019,10,British Grand Prix,844,Charles,Leclerc,6,Ferrari,3.0,3.0,105.0,5.0,0.0,228.0,2.0,0.0,1
1019,2019,10,British Grand Prix,842,Pierre,Gasly,9,Red Bull,5.0,5.0,43.0,6.0,0.0,169.0,3.0,1.0,0
1019,2019,10,British Grand Prix,830,Max,Verstappen,9,Red Bull,4.0,4.0,126.0,3.0,1.0,169.0,3.0,1.0,0
1019,2019,10,British Grand Prix,832,Carlos,Sainz,1,McLaren,13.0,13.0,30.0,7.0,0.0,52.0,4.0,0.0,0
1019,2019,10,British Grand Prix,817,Daniel,Ricciardo,4,Renault,7.0,7.0,16.0,10.0,0.0,32.0,5.0,0.0,0
1019,2019,10,British Grand Prix,8,Kimi,Räikkönen,51,Alfa Romeo,12.0,12.0,21.0,9.0,0.0,22.0,6.0,0.0,0
1019,2019,10,British Grand Prix,826,Daniil,Kvyat,5,Toro Rosso,17.0,17.0,10.0,14.0,0.0,17.0,8.0,0.0,0
1019,2019,10,British Grand Prix,807,Nico,Hülkenberg,4,Renault,10.0,10.0,16.0,11.0,0.0,32.0,5.0,0.0,0
1019,2019,10,British Grand Prix,846,Lando,Norris,1,McLaren,8.0,8.0,22.0,8.0,0.0,52.0,4.0,0.0,0
1019,2019,10,British Grand Prix,848,Alexander,Albon,5,Toro Rosso,9.0,9.0,7.0,15.0,0.0,17.0,8.0,0.0,0
1019,2019,10,British Grand Prix,840,Lance,Stroll,211,Racing Point,18.0,18.0,6.0,16.0,0.0,19.0,7.0,0.0,0
1019,2019,10,British Grand Prix,847,George,Russell,3,Williams,19.0,19.0,0.0,19.0,0.0,0.0,10.0,0.0,0
1019,2019,10,British Grand Prix,9,Robert,Kubica,3,Williams,20.0,20.0,0.0,20.0,0.0,0.0,10.0,0.0,0
1019,2019,10,British Grand Prix,20,Sebastian,Vettel,6,Ferrari,6.0,6.0,123.0,4.0,0.0,228.0,2.0,0.0,0
1019,2019,10,British Grand Prix,815,Sergio,Pérez,211,Racing Point,15.0,15.0,13.0,13.0,0.0,19.0,7.0,0.0,0
1019,2019,10,British Grand Prix,841,Antonio,Giovinazzi,51,Alfa Romeo,11.0,11.0,1.0,18.0,0.0,22.0,6.0,0.0,0
1019,2019,10,British Grand Prix,154,Romain,Grosjean,210,Haas F1 Team,14.0,14.0,2.0,17.0,0.0,16.0,9.0,0.0,0
1019,2019,10,British Grand Prix,825,Kevin,Magnussen,210,Haas F1 Team,16.0,16.0,14.0,12.0,0.0,16.0,9.0,0.0,0
1020,2019,11,German Grand Prix,830,Max,Verstappen,9,Red Bull,2.0,2.0,136.0,3.0,1.0,191.0,3.0,1.0,1
1020,2019,11,German Grand Prix,20,Sebastian,Vettel,6,Ferrari,20.0,20.0,123.0,4.0,0.0,243.0,2.0,0.0,1
1020,2019,11,German Grand Prix,826,Daniil,Kvyat,5,Toro Rosso,14.0,14.0,12.0,14.0,0.0,19.0,8.0,0.0,1
1020,2019,11,German Grand Prix,840,Lance,Stroll,211,Racing Point,15.0,15.0,6.0,16.0,0.0,19.0,7.0,0.0,0
1020,2019,11,German Grand Prix,832,Carlos,Sainz,1,McLaren,7.0,7.0,38.0,7.0,0.0,60.0,4.0,0.0,0
1020,2019,11,German Grand Prix,848,Alexander,Albon,5,Toro Rosso,16.0,17.0,7.0,15.0,0.0,19.0,8.0,0.0,0
1020,2019,11,German Grand Prix,154,Romain,Grosjean,210,Haas F1 Team,6.0,6.0,2.0,17.0,0.0,16.0,9.0,0.0,0
1020,2019,11,German Grand Prix,825,Kevin,Magnussen,210,Haas F1 Team,12.0,12.0,14.0,12.0,0.0,16.0,9.0,0.0,0
1020,2019,11,German Grand Prix,1,Lewis,Hamilton,131,Mercedes,1.0,1.0,223.0,1.0,7.0,407.0,1.0,9.0,0
1020,2019,11,German Grand Prix,9,Robert,Kubica,3,Williams,18.0,19.0,0.0,20.0,0.0,0.0,10.0,0.0,0
1020,2019,11,German Grand Prix,847,George,Russell,3,Williams,17.0,18.0,0.0,19.0,0.0,0.0,10.0,0.0,0
1020,2019,11,German Grand Prix,8,Kimi,Räikkönen,51,Alfa Romeo,5.0,5.0,25.0,8.0,0.0,26.0,6.0,0.0,0
1020,2019,11,German Grand Prix,841,Antonio,Giovinazzi,51,Alfa Romeo,11.0,11.0,1.0,18.0,0.0,26.0,6.0,0.0,0
1020,2019,11,German Grand Prix,842,Pierre,Gasly,9,Red Bull,4.0,4.0,55.0,6.0,0.0,191.0,3.0,1.0,0
1020,2019,11,German Grand Prix,822,Valtteri,Bottas,131,Mercedes,3.0,3.0,184.0,2.0,2.0,407.0,1.0,9.0,0
1020,2019,11,German Grand Prix,807,Nico,Hülkenberg,4,Renault,9.0,9.0,17.0,11.0,0.0,39.0,5.0,0.0,0
1020,2019,11,German Grand Prix,844,Charles,Leclerc,6,Ferrari,10.0,10.0,120.0,5.0,0.0,243.0,2.0,0.0,0
1020,2019,11,German Grand Prix,846,Lando,Norris,1,McLaren,19.0,16.0,22.0,9.0,0.0,60.0,4.0,0.0,0
1020,2019,11,German Grand Prix,817,Daniel,Ricciardo,4,Renault,13.0,13.0,22.0,10.0,0.0,39.0,5.0,0.0,0
1020,2019,11,German Grand Prix,815,Sergio,Pérez,211,Racing Point,8.0,8.0,13.0,13.0,0.0,19.0,7.0,0.0,0
1021,2019,12,Hungarian Grand Prix,1,Lewis,Hamilton,131,Mercedes,3.0,3.0,225.0,1.0,7.0,409.0,1.0,9.0,1
1021,2019,12,Hungarian Grand Prix,830,Max,Verstappen,9,Red Bull,1.0,1.0,162.0,3.0,2.0,217.0,3.0,2.0,1
1021,2019,12,Hungarian Grand Prix,20,Sebastian,Vettel,6,Ferrari,5.0,5.0,141.0,4.0,0.0,261.0,2.0,0.0,1
1021,2019,12,Hungarian Grand Prix,844,Charles,Leclerc,6,Ferrari,4.0,4.0,120.0,5.0,0.0,261.0,2.0,0.0,0
1021,2019,12,Hungarian Grand Prix,832,Carlos,Sainz,1,McLaren,8.0,8.0,48.0,7.0,0.0,70.0,4.0,0.0,0
1021,2019,12,Hungarian Grand Prix,842,Pierre,Gasly,9,Red Bull,6.0,6.0,55.0,6.0,0.0,217.0,3.0,2.0,0
1021,2019,12,Hungarian Grand Prix,8,Kimi,Räikkönen,51,Alfa Romeo,10.0,10.0,25.0,9.0,0.0,26.0,9.0,0.0,0
1021,2019,12,Hungarian Grand Prix,822,Valtteri,Bottas,131,Mercedes,2.0,2.0,184.0,2.0,2.0,409.0,1.0,9.0,0
1021,2019,12,Hungarian Grand Prix,846,Lando,Norris,1,McLaren,7.0,7.0,22.0,10.0,0.0,70.0,4.0,0.0,0
1021,2019,12,Hungarian Grand Prix,848,Alexander,Albon,5,Toro Rosso,12.0,12.0,15.0,15.0,0.0,42.0,5.0,0.0,0
1021,2019,12,Hungarian Grand Prix,815,Sergio,Pérez,211,Racing Point,16.0,17.0,13.0,16.0,0.0,31.0,7.0,0.0,0
1021,2019,12,Hungarian Grand Prix,807,Nico,Hülkenberg,4,Renault,11.0,11.0,17.0,14.0,0.0,39.0,6.0,0.0,0
1021,2019,12,Hungarian Grand Prix,825,Kevin,Magnussen,210,Haas F1 Team,14.0,15.0,18.0,13.0,0.0,26.0,8.0,0.0,0
1021,2019,12,Hungarian Grand Prix,817,Daniel,Ricciardo,4,Renault,20.0,18.0,22.0,11.0,0.0,39.0,6.0,0.0,0
1021,2019,12,Hungarian Grand Prix,826,Daniil,Kvyat,5,Toro Rosso,13.0,13.0,27.0,8.0,0.0,42.0,5.0,0.0,0
1021,2019,12,Hungarian Grand Prix,847,George,Russell,3,Williams,15.0,16.0,0.0,20.0,0.0,1.0,10.0,0.0,0
1021,2019,12,Hungarian Grand Prix,840,Lance,Stroll,211,Racing Point,18.0,19.0,18.0,12.0,0.0,31.0,7.0,0.0,0
1021,2019,12,Hungarian Grand Prix,841,Antonio,Giovinazzi,51,Alfa Romeo,17.0,14.0,1.0,18.0,0.0,26.0,9.0,0.0,0
1021,2019,12,Hungarian Grand Prix,9,Robert,Kubica,3,Williams,19.0,20.0,1.0,19.0,0.0,1.0,10.0,0.0,0
1021,2019,12,Hungarian Grand Prix,154,Romain,Grosjean,210,Haas F1 Team,9.0,9.0,8.0,17.0,0.0,26.0,8.0,0.0,0
1022,2019,13,Belgian Grand Prix,844,Charles,Leclerc,6,Ferrari,1.0,1.0,132.0,5.0,0.0,288.0,2.0,0.0,1
1022,2019,13,Belgian Grand Prix,1,Lewis,Hamilton,131,Mercedes,3.0,3.0,250.0,1.0,8.0,438.0,1.0,10.0,1
1022,2019,13,Belgian Grand Prix,822,Valtteri,Bottas,131,Mercedes,4.0,4.0,188.0,2.0,2.0,438.0,1.0,10.0,1
1022,2019,13,Belgian Grand Prix,20,Sebastian,Vettel,6,Ferrari,2.0,2.0,156.0,4.0,0.0,288.0,2.0,0.0,0
1022,2019,13,Belgian Grand Prix,848,Alexander,Albon,9,Red Bull,17.0,14.0,16.0,15.0,0.0,244.0,3.0,2.0,0
1022,2019,13,Belgian Grand Prix,815,Sergio,Pérez,211,Racing Point,7.0,9.0,13.0,16.0,0.0,31.0,8.0,0.0,0
1022,2019,13,Belgian Grand Prix,826,Daniil,Kvyat,5,Toro Rosso,19.0,18.0,27.0,9.0,0.0,43.0,5.0,0.0,0
1022,2019,13,Belgian Grand Prix,807,Nico,Hülkenberg,4,Renault,12.0,7.0,17.0,14.0,0.0,39.0,6.0,0.0,0
1022,2019,13,Belgian Grand Prix,842,Pierre,Gasly,5,Toro Rosso,13.0,16.0,63.0,6.0,0.0,43.0,5.0,0.0,0
1022,2019,13,Belgian Grand Prix,840,Lance,Stroll,211,Racing Point,16.0,13.0,18.0,12.0,0.0,31.0,8.0,0.0,0
1022,2019,13,Belgian Grand Prix,846,Lando,Norris,1,McLaren,11.0,12.0,24.0,10.0,0.0,82.0,4.0,0.0,0
1022,2019,13,Belgian Grand Prix,825,Kevin,Magnussen,210,Haas F1 Team,8.0,10.0,18.0,13.0,0.0,26.0,9.0,0.0,0
1022,2019,13,Belgian Grand Prix,154,Romain,Grosjean,210,Haas F1 Team,9.0,11.0,8.0,17.0,0.0,26.0,9.0,0.0,0
1022,2019,13,Belgian Grand Prix,817,Daniel,Ricciardo,4,Renault,10.0,6.0,22.0,11.0,0.0,39.0,6.0,0.0,0
1022,2019,13,Belgian Grand Prix,847,George,Russell,3,Williams,14.0,19.0,0.0,20.0,0.0,1.0,10.0,0.0,0
1022,2019,13,Belgian Grand Prix,8,Kimi,Räikkönen,51,Alfa Romeo,6.0,8.0,31.0,8.0,0.0,32.0,7.0,0.0,0
1022,2019,13,Belgian Grand Prix,9,Robert,Kubica,3,Williams,0.0,20.0,1.0,19.0,0.0,1.0,10.0,0.0,0
1022,2019,13,Belgian Grand Prix,841,Antonio,Giovinazzi,51,Alfa Romeo,18.0,15.0,1.0,18.0,0.0,32.0,7.0,0.0,0
1022,2019,13,Belgian Grand Prix,832,Carlos,Sainz,1,McLaren,15.0,17.0,58.0,7.0,0.0,82.0,4.0,0.0,0
1022,2019,13,Belgian Grand Prix,830,Max,Verstappen,9,Red Bull,5.0,5.0,181.0,3.0,2.0,244.0,3.0,2.0,0
1023,2019,14,Italian Grand Prix,844,Charles,Leclerc,6,Ferrari,1.0,1.0,157.0,5.0,1.0,326.0,2.0,1.0,1
1023,2019,14,Italian Grand Prix,822,Valtteri,Bottas,131,Mercedes,3.0,3.0,203.0,2.0,2.0,471.0,1.0,10.0,1
1023,2019,14,Italian Grand Prix,1,Lewis,Hamilton,131,Mercedes,2.0,2.0,268.0,1.0,8.0,471.0,1.0,10.0,1
1023,2019,14,Italian Grand Prix,817,Daniel,Ricciardo,4,Renault,5.0,5.0,22.0,12.0,0.0,43.0,6.0,0.0,0
1023,2019,14,Italian Grand Prix,807,Nico,Hülkenberg,4,Renault,6.0,6.0,21.0,14.0,0.0,43.0,6.0,0.0,0
1023,2019,14,Italian Grand Prix,848,Alexander,Albon,9,Red Bull,8.0,8.0,26.0,10.0,0.0,254.0,3.0,2.0,0
1023,2019,14,Italian Grand Prix,815,Sergio,Pérez,211,Racing Point,18.0,17.0,21.0,13.0,0.0,40.0,7.0,0.0,0
1023,2019,14,Italian Grand Prix,830,Max,Verstappen,9,Red Bull,19.0,20.0,181.0,3.0,2.0,254.0,3.0,2.0,0
1023,2019,14,Italian Grand Prix,841,Antonio,Giovinazzi,51,Alfa Romeo,10.0,11.0,1.0,18.0,0.0,32.0,8.0,0.0,0
1023,2019,14,Italian Grand Prix,846,Lando,Norris,1,McLaren,16.0,14.0,24.0,11.0,0.0,82.0,4.0,0.0,0
1023,2019,14,Italian Grand Prix,842,Pierre,Gasly,5,Toro Rosso,17.0,15.0,65.0,6.0,0.0,51.0,5.0,0.0,0
1023,2019,14,Italian Grand Prix,840,Lance,Stroll,211,Racing Point,9.0,9.0,19.0,15.0,0.0,40.0,7.0,0.0,0
1023,2019,14,Italian Grand Prix,20,Sebastian,Vettel,6,Ferrari,4.0,4.0,169.0,4.0,0.0,326.0,2.0,1.0,0
1023,2019,14,Italian Grand Prix,847,George,Russell,3,Williams,14.0,18.0,0.0,20.0,0.0,1.0,10.0,0.0,0
1023,2019,14,Italian Grand Prix,8,Kimi,Räikkönen,51,Alfa Romeo,0.0,10.0,31.0,9.0,0.0,32.0,8.0,0.0,0
1023,2019,14,Italian Grand Prix,154,Romain,Grosjean,210,Haas F1 Team,13.0,16.0,8.0,17.0,0.0,26.0,9.0,0.0,0
1023,2019,14,Italian Grand Prix,9,Robert,Kubica,3,Williams,15.0,19.0,1.0,19.0,0.0,1.0,10.0,0.0,0
1023,2019,14,Italian Grand Prix,825,Kevin,Magnussen,210,Haas F1 Team,11.0,12.0,18.0,16.0,0.0,26.0,9.0,0.0,0
1023,2019,14,Italian Grand Prix,826,Daniil,Kvyat,5,Toro Rosso,12.0,13.0,33.0,8.0,0.0,51.0,5.0,0.0,0
1023,2019,14,Italian Grand Prix,832,Carlos,Sainz,1,McLaren,7.0,7.0,58.0,7.0,0.0,82.0,4.0,0.0,0
1024,2019,15,Singapore Grand Prix,20,Sebastian,Vettel,6,Ferrari,3.0,3.0,169.0,5.0,0.0,351.0,2.0,2.0,1
1024,2019,15,Singapore Grand Prix,844,Charles,Leclerc,6,Ferrari,1.0,1.0,182.0,4.0,2.0,351.0,2.0,2.0,1
1024,2019,15,Singapore Grand Prix,830,Max,Verstappen,9,Red Bull,4.0,4.0,185.0,3.0,2.0,266.0,3.0,2.0,1
1024,2019,15,Singapore Grand Prix,1,Lewis,Hamilton,131,Mercedes,2.0,2.0,284.0,1.0,8.0,505.0,1.0,10.0,0
1024,2019,15,Singapore Grand Prix,822,Valtteri,Bottas,131,Mercedes,5.0,5.0,221.0,2.0,2.0,505.0,1.0,10.0,0
1024,2019,15,Singapore Grand Prix,848,Alexander,Albon,9,Red Bull,6.0,6.0,34.0,9.0,0.0,266.0,3.0,2.0,0
1024,2019,15,Singapore Grand Prix,846,Lando,Norris,1,McLaren,9.0,9.0,25.0,14.0,0.0,83.0,4.0,0.0,0
1024,2019,15,Singapore Grand Prix,842,Pierre,Gasly,5,Toro Rosso,11.0,12.0,65.0,6.0,0.0,51.0,6.0,0.0,0
1024,2019,15,Singapore Grand Prix,807,Nico,Hülkenberg,4,Renault,8.0,8.0,31.0,11.0,0.0,65.0,5.0,0.0,0
1024,2019,15,Singapore Grand Prix,841,Antonio,Giovinazzi,51,Alfa Romeo,10.0,11.0,3.0,18.0,0.0,34.0,8.0,0.0,0
1024,2019,15,Singapore Grand Prix,154,Romain,Grosjean,210,Haas F1 Team,17.0,17.0,8.0,17.0,0.0,26.0,9.0,0.0,0
1024,2019,15,Singapore Grand Prix,832,Carlos,Sainz,1,McLaren,7.0,7.0,58.0,7.0,0.0,83.0,4.0,0.0,0
1024,2019,15,Singapore Grand Prix,840,Lance,Stroll,211,Racing Point,16.0,16.0,19.0,15.0,0.0,46.0,7.0,0.0,0
1024,2019,15,Singapore Grand Prix,817,Daniel,Ricciardo,4,Renault,20.0,20.0,34.0,8.0,0.0,65.0,5.0,0.0,0
1024,2019,15,Singapore Grand Prix,826,Daniil,Kvyat,5,Toro Rosso,14.0,15.0,33.0,10.0,0.0,51.0,6.0,0.0,0
1024,2019,15,Singapore Grand Prix,9,Robert,Kubica,3,Williams,19.0,19.0,1.0,19.0,0.0,1.0,10.0,0.0,0
1024,2019,15,Singapore Grand Prix,825,Kevin,Magnussen,210,Haas F1 Team,13.0,14.0,18.0,16.0,0.0,26.0,9.0,0.0,0
1024,2019,15,Singapore Grand Prix,8,Kimi,Räikkönen,51,Alfa Romeo,12.0,13.0,31.0,12.0,0.0,34.0,8.0,0.0,0
1024,2019,15,Singapore Grand Prix,815,Sergio,Pérez,211,Racing Point,15.0,10.0,27.0,13.0,0.0,46.0,7.0,0.0,0
1024,2019,15,Singapore Grand Prix,847,George,Russell,3,Williams,18.0,18.0,0.0,20.0,0.0,1.0,10.0,0.0,0
1025,2019,16,Russian Grand Prix,1,Lewis,Hamilton,131,Mercedes,2.0,2.0,296.0,1.0,8.0,527.0,1.0,10.0,1
1025,2019,16,Russian Grand Prix,822,Valtteri,Bottas,131,Mercedes,4.0,5.0,231.0,2.0,2.0,527.0,1.0,10.0,1
1025,2019,16,Russian Grand Prix,844,Charles,Leclerc,6,Ferrari,1.0,1.0,200.0,3.0,2.0,394.0,2.0,3.0,1
1025,2019,16,Russian Grand Prix,830,Max,Verstappen,9,Red Bull,9.0,4.0,200.0,4.0,2.0,289.0,3.0,2.0,0
1025,2019,16,Russian Grand Prix,848,Alexander,Albon,9,Red Bull,0.0,19.0,42.0,8.0,0.0,289.0,3.0,2.0,0
1025,2019,16,Russian Grand Prix,832,Carlos,Sainz,1,McLaren,5.0,6.0,58.0,7.0,0.0,89.0,4.0,0.0,0
1025,2019,16,Russian Grand Prix,815,Sergio,Pérez,211,Racing Point,11.0,12.0,27.0,14.0,0.0,46.0,7.0,0.0,0
1025,2019,16,Russian Grand Prix,846,Lando,Norris,1,McLaren,7.0,8.0,31.0,12.0,0.0,89.0,4.0,0.0,0
1025,2019,16,Russian Grand Prix,825,Kevin,Magnussen,210,Haas F1 Team,13.0,14.0,18.0,16.0,0.0,26.0,9.0,0.0,0
1025,2019,16,Russian Grand Prix,807,Nico,Hülkenberg,4,Renault,6.0,7.0,33.0,11.0,0.0,67.0,5.0,0.0,0
1025,2019,16,Russian Grand Prix,840,Lance,Stroll,211,Racing Point,14.0,15.0,19.0,15.0,0.0,46.0,7.0,0.0,0
1025,2019,16,Russian Grand Prix,826,Daniil,Kvyat,5,Toro Rosso,19.0,20.0,33.0,10.0,0.0,55.0,6.0,0.0,0
1025,2019,16,Russian Grand Prix,8,Kimi,Räikkönen,51,Alfa Romeo,15.0,16.0,31.0,13.0,0.0,35.0,8.0,0.0,0
1025,2019,16,Russian Grand Prix,842,Pierre,Gasly,5,Toro Rosso,16.0,11.0,69.0,6.0,0.0,55.0,6.0,0.0,0
1025,2019,16,Russian Grand Prix,841,Antonio,Giovinazzi,51,Alfa Romeo,12.0,13.0,4.0,18.0,0.0,35.0,8.0,0.0,0
1025,2019,16,Russian Grand Prix,9,Robert,Kubica,3,Williams,18.0,18.0,1.0,19.0,0.0,1.0,10.0,0.0,0
1025,2019,16,Russian Grand Prix,847,George,Russell,3,Williams,17.0,17.0,0.0,20.0,0.0,1.0,10.0,0.0,0
1025,2019,16,Russian Grand Prix,20,Sebastian,Vettel,6,Ferrari,3.0,3.0,194.0,5.0,1.0,394.0,2.0,3.0,0
1025,2019,16,Russian Grand Prix,817,Daniel,Ricciardo,4,Renault,10.0,10.0,34.0,9.0,0.0,67.0,5.0,0.0,0
1025,2019,16,Russian Grand Prix,154,Romain,Grosjean,210,Haas F1 Team,8.0,9.0,8.0,17.0,0.0,26.0,9.0,0.0,0
1026,2019,17,Japanese Grand Prix,822,Valtteri,Bottas,131,Mercedes,3.0,3.0,249.0,2.0,2.0,571.0,1.0,11.0,1
1026,2019,17,Japanese Grand Prix,20,Sebastian,Vettel,6,Ferrari,1.0,1.0,194.0,5.0,1.0,409.0,2.0,3.0,1
1026,2019,17,Japanese Grand Prix,1,Lewis,Hamilton,131,Mercedes,4.0,4.0,322.0,1.0,9.0,571.0,1.0,11.0,1
1026,2019,17,Japanese Grand Prix,848,Alexander,Albon,9,Red Bull,6.0,6.0,52.0,8.0,0.0,311.0,3.0,2.0,0
1026,2019,17,Japanese Grand Prix,832,Carlos,Sainz,1,McLaren,7.0,7.0,66.0,7.0,0.0,101.0,4.0,0.0,0
1026,2019,17,Japanese Grand Prix,844,Charles,Leclerc,6,Ferrari,2.0,2.0,215.0,3.0,2.0,409.0,2.0,3.0,0
1026,2019,17,Japanese Grand Prix,842,Pierre,Gasly,5,Toro Rosso,9.0,9.0,69.0,6.0,0.0,55.0,6.0,0.0,0
1026,2019,17,Japanese Grand Prix,815,Sergio,Pérez,211,Racing Point,17.0,17.0,33.0,13.0,0.0,52.0,7.0,0.0,0
1026,2019,17,Japanese Grand Prix,840,Lance,Stroll,211,Racing Point,12.0,12.0,19.0,16.0,0.0,52.0,7.0,0.0,0
1026,2019,17,Japanese Grand Prix,826,Daniil,Kvyat,5,Toro Rosso,14.0,14.0,33.0,12.0,0.0,55.0,6.0,0.0,0
1026,2019,17,Japanese Grand Prix,846,Lando,Norris,1,McLaren,8.0,8.0,35.0,9.0,0.0,101.0,4.0,0.0,0
1026,2019,17,Japanese Grand Prix,8,Kimi,Räikkönen,51,Alfa Romeo,13.0,13.0,31.0,14.0,0.0,35.0,8.0,0.0,0
1026,2019,17,Japanese Grand Prix,154,Romain,Grosjean,210,Haas F1 Team,10.0,10.0,8.0,17.0,0.0,28.0,9.0,0.0,0
1026,2019,17,Japanese Grand Prix,841,Antonio,Giovinazzi,51,Alfa Romeo,11.0,11.0,4.0,18.0,0.0,35.0,8.0,0.0,0
1026,2019,17,Japanese Grand Prix,825,Kevin,Magnussen,210,Haas F1 Team,19.0,19.0,20.0,15.0,0.0,28.0,9.0,0.0,0
1026,2019,17,Japanese Grand Prix,847,George,Russell,3,Williams,18.0,18.0,0.0,20.0,0.0,1.0,10.0,0.0,0
1026,2019,17,Japanese Grand Prix,9,Robert,Kubica,3,Williams,0.0,20.0,1.0,19.0,0.0,1.0,10.0,0.0,0
1026,2019,17,Japanese Grand Prix,830,Max,Verstappen,9,Red Bull,5.0,5.0,212.0,4.0,2.0,311.0,3.0,2.0,0
1026,2019,17,Japanese Grand Prix,817,Daniel,Ricciardo,4,Renault,16.0,16.0,34.0,10.0,0.0,68.0,5.0,0.0,0
1026,2019,17,Japanese Grand Prix,807,Nico,Hülkenberg,4,Renault,15.0,15.0,34.0,11.0,0.0,68.0,5.0,0.0,0
1027,2019,18,Mexican Grand Prix,1,Lewis,Hamilton,131,Mercedes,3.0,4.0,338.0,1.0,9.0,612.0,1.0,12.0,1
1027,2019,18,Mexican Grand Prix,20,Sebastian,Vettel,6,Ferrari,2.0,3.0,212.0,5.0,1.0,435.0,2.0,3.0,1
1027,2019,18,Mexican Grand Prix,822,Valtteri,Bottas,131,Mercedes,6.0,6.0,274.0,2.0,3.0,612.0,1.0,12.0,1
1027,2019,18,Mexican Grand Prix,844,Charles,Leclerc,6,Ferrari,1.0,2.0,223.0,3.0,2.0,435.0,2.0,3.0,0
1027,2019,18,Mexican Grand Prix,848,Alexander,Albon,9,Red Bull,5.0,5.0,64.0,8.0,0.0,323.0,3.0,2.0,0
1027,2019,18,Mexican Grand Prix,830,Max,Verstappen,9,Red Bull,4.0,1.0,212.0,4.0,2.0,323.0,3.0,2.0,0
1027,2019,18,Mexican Grand Prix,815,Sergio,Pérez,211,Racing Point,11.0,11.0,37.0,9.0,0.0,58.0,7.0,0.0,0
1027,2019,18,Mexican Grand Prix,817,Daniel,Ricciardo,4,Renault,13.0,13.0,34.0,12.0,0.0,68.0,5.0,0.0,0
1027,2019,18,Mexican Grand Prix,842,Pierre,Gasly,5,Toro Rosso,10.0,10.0,75.0,7.0,0.0,62.0,6.0,0.0,0
1027,2019,18,Mexican Grand Prix,807,Nico,Hülkenberg,4,Renault,12.0,12.0,34.0,13.0,0.0,68.0,5.0,0.0,0
1027,2019,18,Mexican Grand Prix,826,Daniil,Kvyat,5,Toro Rosso,9.0,9.0,34.0,11.0,0.0,62.0,6.0,0.0,0
1027,2019,18,Mexican Grand Prix,840,Lance,Stroll,211,Racing Point,16.0,16.0,21.0,15.0,0.0,58.0,7.0,0.0,0
1027,2019,18,Mexican Grand Prix,832,Carlos,Sainz,1,McLaren,7.0,7.0,76.0,6.0,0.0,111.0,4.0,0.0,0
1027,2019,18,Mexican Grand Prix,841,Antonio,Giovinazzi,51,Alfa Romeo,15.0,15.0,4.0,18.0,0.0,35.0,8.0,0.0,0
1027,2019,18,Mexican Grand Prix,825,Kevin,Magnussen,210,Haas F1 Team,17.0,17.0,20.0,16.0,0.0,28.0,9.0,0.0,0
1027,2019,18,Mexican Grand Prix,847,George,Russell,3,Williams,19.0,19.0,0.0,20.0,0.0,1.0,10.0,0.0,0
1027,2019,18,Mexican Grand Prix,154,Romain,Grosjean,210,Haas F1 Team,18.0,18.0,8.0,17.0,0.0,28.0,9.0,0.0,0
1027,2019,18,Mexican Grand Prix,9,Robert,Kubica,3,Williams,20.0,20.0,1.0,19.0,0.0,1.0,10.0,0.0,0
1027,2019,18,Mexican Grand Prix,8,Kimi,Räikkönen,51,Alfa Romeo,14.0,14.0,31.0,14.0,0.0,35.0,8.0,0.0,0
1027,2019,18,Mexican Grand Prix,846,Lando,Norris,1,McLaren,8.0,8.0,35.0,10.0,0.0,111.0,4.0,0.0,0
1031,2020,1,Austrian Grand Prix,822,Valtteri,Bottas,131,Mercedes,1.0,1.0,326.0,2.0,4.0,739.0,1.0,15.0,1
1028,2019,19,United States Grand Prix,822,Valtteri,Bottas,131,Mercedes,1.0,1.0,289.0,2.0,3.0,652.0,1.0,13.0,1
1028,2019,19,United States Grand Prix,1,Lewis,Hamilton,131,Mercedes,5.0,5.0,363.0,1.0,10.0,652.0,1.0,13.0,1
1028,2019,19,United States Grand Prix,830,Max,Verstappen,9,Red Bull,3.0,3.0,220.0,5.0,2.0,341.0,3.0,2.0,1
1028,2019,19,United States Grand Prix,844,Charles,Leclerc,6,Ferrari,4.0,4.0,236.0,3.0,2.0,466.0,2.0,3.0,0
1028,2019,19,United States Grand Prix,848,Alexander,Albon,9,Red Bull,6.0,6.0,74.0,8.0,0.0,341.0,3.0,2.0,0
1028,2019,19,United States Grand Prix,817,Daniel,Ricciardo,4,Renault,9.0,9.0,38.0,10.0,0.0,73.0,5.0,0.0,0
1028,2019,19,United States Grand Prix,846,Lando,Norris,1,McLaren,8.0,8.0,35.0,12.0,0.0,111.0,4.0,0.0,0
1028,2019,19,United States Grand Prix,832,Carlos,Sainz,1,McLaren,7.0,7.0,76.0,7.0,0.0,111.0,4.0,0.0,0
1028,2019,19,United States Grand Prix,807,Nico,Hülkenberg,4,Renault,11.0,11.0,35.0,11.0,0.0,73.0,5.0,0.0,0
1028,2019,19,United States Grand Prix,815,Sergio,Pérez,211,Racing Point,0.0,19.0,43.0,9.0,0.0,64.0,7.0,0.0,0
1028,2019,19,United States Grand Prix,8,Kimi,Räikkönen,51,Alfa Romeo,17.0,17.0,31.0,14.0,0.0,35.0,8.0,0.0,0
1028,2019,19,United States Grand Prix,826,Daniil,Kvyat,5,Toro Rosso,13.0,13.0,34.0,13.0,0.0,64.0,6.0,0.0,0
1028,2019,19,United States Grand Prix,840,Lance,Stroll,211,Racing Point,14.0,14.0,21.0,15.0,0.0,64.0,7.0,0.0,0
1028,2019,19,United States Grand Prix,841,Antonio,Giovinazzi,51,Alfa Romeo,16.0,16.0,4.0,18.0,0.0,35.0,8.0,0.0,0
1028,2019,19,United States Grand Prix,154,Romain,Grosjean,210,Haas F1 Team,15.0,15.0,8.0,17.0,0.0,28.0,9.0,0.0,0
1028,2019,19,United States Grand Prix,842,Pierre,Gasly,5,Toro Rosso,10.0,10.0,77.0,6.0,0.0,64.0,6.0,0.0,0
1028,2019,19,United States Grand Prix,847,George,Russell,3,Williams,18.0,18.0,0.0,20.0,0.0,1.0,10.0,0.0,0
1028,2019,19,United States Grand Prix,825,Kevin,Magnussen,210,Haas F1 Team,12.0,12.0,20.0,16.0,0.0,28.0,9.0,0.0,0
1028,2019,19,United States Grand Prix,9,Robert,Kubica,3,Williams,19.0,20.0,1.0,19.0,0.0,1.0,10.0,0.0,0
1028,2019,19,United States Grand Prix,20,Sebastian,Vettel,6,Ferrari,2.0,2.0,230.0,4.0,1.0,466.0,2.0,3.0,0
1029,2019,20,Brazilian Grand Prix,830,Max,Verstappen,9,Red Bull,1.0,1.0,235.0,4.0,2.0,366.0,3.0,2.0,1
1029,2019,20,Brazilian Grand Prix,842,Pierre,Gasly,5,Toro Rosso,6.0,7.0,77.0,8.0,0.0,64.0,7.0,0.0,1
1029,2019,20,Brazilian Grand Prix,832,Carlos,Sainz,1,McLaren,20.0,20.0,80.0,7.0,0.0,121.0,4.0,0.0,1
1029,2019,20,Brazilian Grand Prix,8,Kimi,Räikkönen,51,Alfa Romeo,8.0,9.0,31.0,14.0,0.0,35.0,8.0,0.0,0
1029,2019,20,Brazilian Grand Prix,841,Antonio,Giovinazzi,51,Alfa Romeo,12.0,13.0,4.0,18.0,0.0,35.0,8.0,0.0,0
1029,2019,20,Brazilian Grand Prix,817,Daniel,Ricciardo,4,Renault,11.0,12.0,46.0,9.0,0.0,83.0,5.0,0.0,0
1029,2019,20,Brazilian Grand Prix,1,Lewis,Hamilton,131,Mercedes,3.0,3.0,381.0,1.0,10.0,695.0,1.0,14.0,0
1029,2019,20,Brazilian Grand Prix,846,Lando,Norris,1,McLaren,10.0,11.0,41.0,11.0,0.0,121.0,4.0,0.0,0
1029,2019,20,Brazilian Grand Prix,815,Sergio,Pérez,211,Racing Point,15.0,15.0,44.0,10.0,0.0,65.0,6.0,0.0,0
1029,2019,20,Brazilian Grand Prix,826,Daniil,Kvyat,5,Toro Rosso,16.0,16.0,34.0,13.0,0.0,64.0,7.0,0.0,0
1029,2019,20,Brazilian Grand Prix,825,Kevin,Magnussen,210,Haas F1 Team,9.0,10.0,20.0,16.0,0.0,28.0,9.0,0.0,0
1029,2019,20,Brazilian Grand Prix,847,George,Russell,3,Williams,18.0,18.0,0.0,20.0,0.0,1.0,10.0,0.0,0
1029,2019,20,Brazilian Grand Prix,154,Romain,Grosjean,210,Haas F1 Team,7.0,8.0,8.0,17.0,0.0,28.0,9.0,0.0,0
1029,2019,20,Brazilian Grand Prix,848,Alexander,Albon,9,Red Bull,5.0,6.0,84.0,6.0,0.0,366.0,3.0,2.0,0
1029,2019,20,Brazilian Grand Prix,807,Nico,Hülkenberg,4,Renault,13.0,14.0,37.0,12.0,0.0,83.0,5.0,0.0,0
1029,2019,20,Brazilian Grand Prix,9,Robert,Kubica,3,Williams,19.0,19.0,1.0,19.0,0.0,1.0,10.0,0.0,0
1029,2019,20,Brazilian Grand Prix,20,Sebastian,Vettel,6,Ferrari,2.0,2.0,230.0,5.0,1.0,479.0,2.0,3.0,0
1029,2019,20,Brazilian Grand Prix,844,Charles,Leclerc,6,Ferrari,14.0,4.0,249.0,3.0,2.0,479.0,2.0,3.0,0
1029,2019,20,Brazilian Grand Prix,840,Lance,Stroll,211,Racing Point,17.0,17.0,21.0,15.0,0.0,65.0,6.0,0.0,0
1029,2019,20,Brazilian Grand Prix,822,Valtteri,Bottas,131,Mercedes,4.0,5.0,314.0,2.0,4.0,695.0,1.0,14.0,0
1030,2019,21,Abu Dhabi Grand Prix,1,Lewis,Hamilton,131,Mercedes,1.0,1.0,387.0,1.0,10.0,701.0,1.0,14.0,1
1030,2019,21,Abu Dhabi Grand Prix,830,Max,Verstappen,9,Red Bull,2.0,3.0,260.0,3.0,3.0,391.0,3.0,3.0,1
1030,2019,21,Abu Dhabi Grand Prix,844,Charles,Leclerc,6,Ferrari,3.0,4.0,249.0,4.0,2.0,479.0,2.0,3.0,1
1030,2019,21,Abu Dhabi Grand Prix,822,Valtteri,Bottas,131,Mercedes,20.0,2.0,314.0,2.0,4.0,701.0,1.0,14.0,0
1030,2019,21,Abu Dhabi Grand Prix,20,Sebastian,Vettel,6,Ferrari,4.0,5.0,230.0,5.0,1.0,479.0,2.0,3.0,0
1030,2019,21,Abu Dhabi Grand Prix,848,Alexander,Albon,9,Red Bull,5.0,6.0,84.0,8.0,0.0,391.0,3.0,3.0,0
1030,2019,21,Abu Dhabi Grand Prix,815,Sergio,Pérez,211,Racing Point,10.0,11.0,46.0,10.0,0.0,67.0,7.0,0.0,0
1030,2019,21,Abu Dhabi Grand Prix,846,Lando,Norris,1,McLaren,6.0,7.0,45.0,11.0,0.0,140.0,4.0,0.0,0
1030,2019,21,Abu Dhabi Grand Prix,826,Daniil,Kvyat,5,Toro Rosso,13.0,14.0,35.0,14.0,0.0,83.0,6.0,0.0,0
1030,2019,21,Abu Dhabi Grand Prix,832,Carlos,Sainz,1,McLaren,8.0,9.0,95.0,7.0,0.0,140.0,4.0,0.0,0
1030,2019,21,Abu Dhabi Grand Prix,817,Daniel,Ricciardo,4,Renault,7.0,8.0,54.0,9.0,0.0,91.0,5.0,0.0,0
1030,2019,21,Abu Dhabi Grand Prix,807,Nico,Hülkenberg,4,Renault,9.0,10.0,37.0,13.0,0.0,91.0,5.0,0.0,0
1030,2019,21,Abu Dhabi Grand Prix,8,Kimi,Räikkönen,51,Alfa Romeo,17.0,18.0,43.0,12.0,0.0,57.0,8.0,0.0,0
1030,2019,21,Abu Dhabi Grand Prix,825,Kevin,Magnussen,210,Haas F1 Team,14.0,15.0,20.0,16.0,0.0,28.0,9.0,0.0,0
1030,2019,21,Abu Dhabi Grand Prix,154,Romain,Grosjean,210,Haas F1 Team,15.0,16.0,8.0,18.0,0.0,28.0,9.0,0.0,0
1030,2019,21,Abu Dhabi Grand Prix,841,Antonio,Giovinazzi,51,Alfa Romeo,16.0,17.0,14.0,17.0,0.0,57.0,8.0,0.0,0
1030,2019,21,Abu Dhabi Grand Prix,847,George,Russell,3,Williams,18.0,19.0,0.0,20.0,0.0,1.0,10.0,0.0,0
1030,2019,21,Abu Dhabi Grand Prix,842,Pierre,Gasly,5,Toro Rosso,11.0,12.0,95.0,6.0,0.0,83.0,6.0,0.0,0
1030,2019,21,Abu Dhabi Grand Prix,9,Robert,Kubica,3,Williams,19.0,20.0,1.0,19.0,0.0,1.0,10.0,0.0,0
1030,2019,21,Abu Dhabi Grand Prix,840,Lance,Stroll,211,Racing Point,12.0,13.0,21.0,15.0,0.0,67.0,7.0,0.0,0
1031,2020,1,Austrian Grand Prix,844,Charles,Leclerc,6,Ferrari,7.0,7.0,264.0,4.0,2.0,504.0,2.0,3.0,1
1031,2020,1,Austrian Grand Prix,846,Lando,Norris,1,McLaren,3.0,4.0,49.0,11.0,0.0,145.0,4.0,0.0,1
1031,2020,1,Austrian Grand Prix,1,Lewis,Hamilton,131,Mercedes,5.0,2.0,413.0,1.0,11.0,739.0,1.0,15.0,0
1031,2020,1,Austrian Grand Prix,832,Carlos,Sainz,1,McLaren,8.0,8.0,96.0,6.0,0.0,145.0,4.0,0.0,0
1031,2020,1,Austrian Grand Prix,815,Sergio,Pérez,211,Racing Point,6.0,6.0,52.0,10.0,0.0,73.0,7.0,0.0,0
1031,2020,1,Austrian Grand Prix,842,Pierre,Gasly,213,AlphaTauri,12.0,12.0,95.0,7.0,0.0,0.0,13.0,0.0,0
1031,2020,1,Austrian Grand Prix,839,Esteban,Ocon,4,Renault,14.0,14.0,49.0,12.0,0.0,91.0,5.0,0.0,0
1031,2020,1,Austrian Grand Prix,841,Antonio,Giovinazzi,51,Alfa Romeo,18.0,18.0,14.0,17.0,0.0,57.0,8.0,0.0,0
1031,2020,1,Austrian Grand Prix,20,Sebastian,Vettel,6,Ferrari,11.0,11.0,240.0,5.0,1.0,504.0,2.0,3.0,0
1031,2020,1,Austrian Grand Prix,849,Nicholas,Latifi,3,Williams,20.0,20.0,0.0,28.0,0.0,1.0,10.0,0.0,0
1031,2020,1,Austrian Grand Prix,826,Daniil,Kvyat,213,AlphaTauri,13.0,13.0,37.0,13.0,0.0,0.0,13.0,0.0,0
1031,2020,1,Austrian Grand Prix,848,Alexander,Albon,9,Red Bull,4.0,5.0,92.0,8.0,0.0,417.0,3.0,3.0,0
1031,2020,1,Austrian Grand Prix,8,Kimi,Räikkönen,51,Alfa Romeo,19.0,19.0,43.0,12.0,0.0,57.0,8.0,0.0,0
1031,2020,1,Austrian Grand Prix,847,George,Russell,3,Williams,17.0,17.0,0.0,20.0,0.0,1.0,10.0,0.0,0
1031,2020,1,Austrian Grand Prix,154,Romain,Grosjean,210,Haas F1 Team,15.0,15.0,8.0,18.0,0.0,28.0,9.0,0.0,0
1031,2020,1,Austrian Grand Prix,825,Kevin,Magnussen,210,Haas F1 Team,16.0,16.0,20.0,16.0,0.0,28.0,9.0,0.0,0
1031,2020,1,Austrian Grand Prix,840,Lance,Stroll,211,Racing Point,9.0,9.0,21.0,15.0,0.0,73.0,7.0,0.0,0
1031,2020,1,Austrian Grand Prix,817,Daniel,Ricciardo,4,Renault,10.0,10.0,54.0,9.0,0.0,91.0,5.0,0.0,0
1031,2020,1,Austrian Grand Prix,830,Max,Verstappen,9,Red Bull,2.0,3.0,278.0,3.0,3.0,417.0,3.0,3.0,0
1032,2020,2,Styrian Grand Prix,1,Lewis,Hamilton,131,Mercedes,1.0,1.0,12.0,4.0,0.0,37.0,1.0,1.0,1
1032,2020,2,Styrian Grand Prix,822,Valtteri,Bottas,131,Mercedes,4.0,4.0,25.0,1.0,1.0,37.0,1.0,1.0,1
1032,2020,2,Styrian Grand Prix,830,Max,Verstappen,9,Red Bull,2.0,2.0,0.0,20.0,0.0,0.0,9.0,0.0,1
1032,2020,2,Styrian Grand Prix,848,Alexander,Albon,9,Red Bull,6.0,7.0,0.0,13.0,0.0,0.0,9.0,0.0,0
1032,2020,2,Styrian Grand Prix,846,Lando,Norris,1,McLaren,9.0,6.0,16.0,3.0,0.0,26.0,2.0,0.0,0
1032,2020,2,Styrian Grand Prix,815,Sergio,Pérez,211,Racing Point,17.0,17.0,8.0,6.0,0.0,8.0,4.0,0.0,0
1032,2020,2,Styrian Grand Prix,840,Lance,Stroll,211,Racing Point,12.0,13.0,0.0,18.0,0.0,8.0,4.0,0.0,0
1032,2020,2,Styrian Grand Prix,817,Daniel,Ricciardo,4,Renault,8.0,9.0,0.0,19.0,0.0,4.0,6.0,0.0,0
1032,2020,2,Styrian Grand Prix,832,Carlos,Sainz,1,McLaren,3.0,3.0,10.0,5.0,0.0,26.0,2.0,0.0,0
1032,2020,2,Styrian Grand Prix,826,Daniil,Kvyat,213,AlphaTauri,13.0,14.0,0.0,12.0,0.0,6.0,5.0,0.0,0
1032,2020,2,Styrian Grand Prix,8,Kimi,Räikkönen,51,Alfa Romeo,16.0,16.0,0.0,14.0,0.0,2.0,7.0,0.0,0
1032,2020,2,Styrian Grand Prix,825,Kevin,Magnussen,210,Haas F1 Team,15.0,15.0,0.0,17.0,0.0,0.0,10.0,0.0,0
1032,2020,2,Styrian Grand Prix,154,Romain,Grosjean,210,Haas F1 Team,0.0,20.0,0.0,16.0,0.0,0.0,10.0,0.0,0
1032,2020,2,Styrian Grand Prix,841,Antonio,Giovinazzi,51,Alfa Romeo,19.0,19.0,2.0,9.0,0.0,2.0,7.0,0.0,0
1032,2020,2,Styrian Grand Prix,842,Pierre,Gasly,213,AlphaTauri,7.0,8.0,6.0,7.0,0.0,6.0,5.0,0.0,0
1032,2020,2,Styrian Grand Prix,847,George,Russell,3,Williams,11.0,12.0,0.0,15.0,0.0,0.0,8.0,0.0,0
1032,2020,2,Styrian Grand Prix,849,Nicholas,Latifi,3,Williams,18.0,18.0,0.0,11.0,0.0,0.0,8.0,0.0,0
1032,2020,2,Styrian Grand Prix,839,Esteban,Ocon,4,Renault,5.0,5.0,4.0,8.0,0.0,4.0,6.0,0.0,0
1032,2020,2,Styrian Grand Prix,844,Charles,Leclerc,6,Ferrari,14.0,11.0,18.0,2.0,0.0,19.0,3.0,0.0,0
1032,2020,2,Styrian Grand Prix,20,Sebastian,Vettel,6,Ferrari,10.0,10.0,1.0,10.0,0.0,19.0,3.0,0.0,0
1033,2020,3,Hungarian Grand Prix,1,Lewis,Hamilton,131,Mercedes,1.0,1.0,37.0,2.0,1.0,80.0,1.0,2.0,1
1033,2020,3,Hungarian Grand Prix,830,Max,Verstappen,9,Red Bull,7.0,7.0,15.0,6.0,0.0,27.0,3.0,0.0,1
1033,2020,3,Hungarian Grand Prix,822,Valtteri,Bottas,131,Mercedes,2.0,2.0,43.0,1.0,1.0,80.0,1.0,2.0,1
1033,2020,3,Hungarian Grand Prix,840,Lance,Stroll,211,Racing Point,3.0,3.0,6.0,10.0,0.0,22.0,4.0,0.0,0
1033,2020,3,Hungarian Grand Prix,848,Alexander,Albon,9,Red Bull,13.0,13.0,12.0,8.0,0.0,27.0,3.0,0.0,0
1033,2020,3,Hungarian Grand Prix,20,Sebastian,Vettel,6,Ferrari,5.0,5.0,1.0,15.0,0.0,19.0,5.0,0.0,0
1033,2020,3,Hungarian Grand Prix,815,Sergio,Pérez,211,Racing Point,4.0,4.0,16.0,5.0,0.0,22.0,4.0,0.0,0
1033,2020,3,Hungarian Grand Prix,817,Daniel,Ricciardo,4,Renault,11.0,11.0,4.0,12.0,0.0,8.0,6.0,0.0,0
1033,2020,3,Hungarian Grand Prix,832,Carlos,Sainz,1,McLaren,9.0,9.0,13.0,7.0,0.0,39.0,2.0,0.0,0
1033,2020,3,Hungarian Grand Prix,825,Kevin,Magnussen,210,Haas F1 Team,0.0,16.0,0.0,18.0,0.0,0.0,10.0,0.0,0
1033,2020,3,Hungarian Grand Prix,844,Charles,Leclerc,6,Ferrari,6.0,6.0,18.0,4.0,0.0,19.0,5.0,0.0,0
1033,2020,3,Hungarian Grand Prix,826,Daniil,Kvyat,213,AlphaTauri,17.0,17.0,1.0,14.0,0.0,7.0,7.0,0.0,0
1033,2020,3,Hungarian Grand Prix,846,Lando,Norris,1,McLaren,8.0,8.0,26.0,3.0,0.0,39.0,2.0,0.0,0
1033,2020,3,Hungarian Grand Prix,839,Esteban,Ocon,4,Renault,14.0,14.0,4.0,11.0,0.0,8.0,6.0,0.0,0
1033,2020,3,Hungarian Grand Prix,8,Kimi,Räikkönen,51,Alfa Romeo,20.0,20.0,0.0,17.0,0.0,2.0,8.0,0.0,0
1033,2020,3,Hungarian Grand Prix,154,Romain,Grosjean,210,Haas F1 Team,0.0,18.0,0.0,19.0,0.0,0.0,10.0,0.0,0
1033,2020,3,Hungarian Grand Prix,841,Antonio,Giovinazzi,51,Alfa Romeo,19.0,19.0,2.0,13.0,0.0,2.0,8.0,0.0,0
1033,2020,3,Hungarian Grand Prix,847,George,Russell,3,Williams,12.0,12.0,0.0,20.0,0.0,0.0,9.0,0.0,0
1033,2020,3,Hungarian Grand Prix,849,Nicholas,Latifi,3,Williams,15.0,15.0,0.0,16.0,0.0,0.0,9.0,0.0,0
1033,2020,3,Hungarian Grand Prix,842,Pierre,Gasly,213,AlphaTauri,10.0,10.0,6.0,9.0,0.0,7.0,7.0,0.0,0
1034,2020,4,British Grand Prix,1,Lewis,Hamilton,131,Mercedes,1.0,1.0,63.0,1.0,2.0,121.0,1.0,3.0,1
1034,2020,4,British Grand Prix,830,Max,Verstappen,9,Red Bull,3.0,3.0,33.0,3.0,0.0,55.0,2.0,0.0,1
1034,2020,4,British Grand Prix,844,Charles,Leclerc,6,Ferrari,4.0,4.0,18.0,7.0,0.0,27.0,5.0,0.0,1
1034,2020,4,British Grand Prix,817,Daniel,Ricciardo,4,Renault,8.0,8.0,8.0,11.0,0.0,12.0,6.0,0.0,0
1034,2020,4,British Grand Prix,846,Lando,Norris,1,McLaren,5.0,5.0,26.0,4.0,0.0,41.0,3.0,0.0,0
1034,2020,4,British Grand Prix,839,Esteban,Ocon,4,Renault,9.0,9.0,4.0,13.0,0.0,12.0,6.0,0.0,0
1034,2020,4,British Grand Prix,842,Pierre,Gasly,213,AlphaTauri,11.0,11.0,6.0,12.0,0.0,7.0,7.0,0.0,0
1034,2020,4,British Grand Prix,848,Alexander,Albon,9,Red Bull,12.0,12.0,22.0,5.0,0.0,55.0,2.0,0.0,0
1034,2020,4,British Grand Prix,840,Lance,Stroll,211,Racing Point,6.0,6.0,18.0,8.0,0.0,40.0,4.0,0.0,0
1034,2020,4,British Grand Prix,20,Sebastian,Vettel,6,Ferrari,10.0,10.0,9.0,10.0,0.0,27.0,5.0,0.0,0
1034,2020,4,British Grand Prix,822,Valtteri,Bottas,131,Mercedes,2.0,2.0,58.0,2.0,1.0,121.0,1.0,3.0,0
1034,2020,4,British Grand Prix,847,George,Russell,3,Williams,20.0,15.0,0.0,20.0,0.0,0.0,10.0,0.0,0
1034,2020,4,British Grand Prix,832,Carlos,Sainz,1,McLaren,7.0,7.0,15.0,9.0,0.0,41.0,3.0,0.0,0
1034,2020,4,British Grand Prix,841,Antonio,Giovinazzi,51,Alfa Romeo,15.0,17.0,2.0,14.0,0.0,2.0,8.0,0.0,0
1034,2020,4,British Grand Prix,849,Nicholas,Latifi,3,Williams,18.0,20.0,0.0,18.0,0.0,0.0,10.0,0.0,0
1034,2020,4,British Grand Prix,154,Romain,Grosjean,210,Haas F1 Team,17.0,19.0,0.0,19.0,0.0,1.0,9.0,0.0,0
1034,2020,4,British Grand Prix,8,Kimi,Räikkönen,51,Alfa Romeo,16.0,18.0,0.0,17.0,0.0,2.0,8.0,0.0,0
1034,2020,4,British Grand Prix,826,Daniil,Kvyat,213,AlphaTauri,19.0,14.0,1.0,15.0,0.0,7.0,7.0,0.0,0
1034,2020,4,British Grand Prix,825,Kevin,Magnussen,210,Haas F1 Team,14.0,16.0,1.0,16.0,0.0,1.0,9.0,0.0,0
1034,2020,4,British Grand Prix,807,Nico,Hülkenberg,211,Racing Point,13.0,13.0,37.0,14.0,0.0,40.0,4.0,0.0,0
1035,2020,5,70th Anniversary Grand Prix,830,Max,Verstappen,9,Red Bull,4.0,4.0,52.0,3.0,0.0,78.0,2.0,0.0,1
1035,2020,5,70th Anniversary Grand Prix,1,Lewis,Hamilton,131,Mercedes,2.0,2.0,88.0,1.0,3.0,146.0,1.0,4.0,1
1035,2020,5,70th Anniversary Grand Prix,822,Valtteri,Bottas,131,Mercedes,1.0,1.0,58.0,2.0,1.0,146.0,1.0,4.0,1
1035,2020,5,70th Anniversary Grand Prix,844,Charles,Leclerc,6,Ferrari,8.0,8.0,33.0,5.0,0.0,43.0,4.0,0.0,0
1035,2020,5,70th Anniversary Grand Prix,848,Alexander,Albon,9,Red Bull,9.0,9.0,26.0,6.0,0.0,78.0,2.0,0.0,0
1035,2020,5,70th Anniversary Grand Prix,840,Lance,Stroll,211,Racing Point,6.0,6.0,20.0,8.0,0.0,42.0,5.0,0.0,0
1035,2020,5,70th Anniversary Grand Prix,807,Nico,Hülkenberg,211,Racing Point,3.0,3.0,0.0,21.0,0.0,42.0,5.0,0.0,0
1035,2020,5,70th Anniversary Grand Prix,839,Esteban,Ocon,4,Renault,14.0,11.0,12.0,11.0,0.0,32.0,6.0,0.0,0
1035,2020,5,70th Anniversary Grand Prix,846,Lando,Norris,1,McLaren,10.0,10.0,36.0,4.0,0.0,51.0,3.0,0.0,0
1035,2020,5,70th Anniversary Grand Prix,826,Daniil,Kvyat,213,AlphaTauri,16.0,16.0,1.0,15.0,0.0,13.0,7.0,0.0,0
1035,2020,5,70th Anniversary Grand Prix,842,Pierre,Gasly,213,AlphaTauri,7.0,7.0,12.0,12.0,0.0,13.0,7.0,0.0,0
1035,2020,5,70th Anniversary Grand Prix,20,Sebastian,Vettel,6,Ferrari,11.0,12.0,10.0,13.0,0.0,43.0,4.0,0.0,0
1035,2020,5,70th Anniversary Grand Prix,832,Carlos,Sainz,1,McLaren,12.0,13.0,15.0,10.0,0.0,51.0,3.0,0.0,0
1035,2020,5,70th Anniversary Grand Prix,817,Daniel,Ricciardo,4,Renault,5.0,5.0,20.0,9.0,0.0,32.0,6.0,0.0,0
1035,2020,5,70th Anniversary Grand Prix,8,Kimi,Räikkönen,51,Alfa Romeo,20.0,20.0,0.0,18.0,0.0,2.0,8.0,0.0,0
1035,2020,5,70th Anniversary Grand Prix,154,Romain,Grosjean,210,Haas F1 Team,13.0,14.0,0.0,20.0,0.0,1.0,9.0,0.0,0
1035,2020,5,70th Anniversary Grand Prix,841,Antonio,Giovinazzi,51,Alfa Romeo,19.0,19.0,2.0,14.0,0.0,2.0,8.0,0.0,0
1035,2020,5,70th Anniversary Grand Prix,847,George,Russell,3,Williams,15.0,15.0,0.0,19.0,0.0,0.0,10.0,0.0,0
1035,2020,5,70th Anniversary Grand Prix,849,Nicholas,Latifi,3,Williams,18.0,18.0,0.0,17.0,0.0,0.0,10.0,0.0,0
1035,2020,5,70th Anniversary Grand Prix,825,Kevin,Magnussen,210,Haas F1 Team,17.0,17.0,1.0,16.0,0.0,1.0,9.0,0.0,0
1036,2020,6,Spanish Grand Prix,1,Lewis,Hamilton,131,Mercedes,1.0,1.0,107.0,1.0,3.0,180.0,1.0,4.0,1
1036,2020,6,Spanish Grand Prix,830,Max,Verstappen,9,Red Bull,3.0,3.0,77.0,2.0,1.0,113.0,2.0,1.0,1
1036,2020,6,Spanish Grand Prix,822,Valtteri,Bottas,131,Mercedes,2.0,2.0,73.0,3.0,1.0,180.0,1.0,4.0,1
1036,2020,6,Spanish Grand Prix,840,Lance,Stroll,211,Racing Point,5.0,5.0,28.0,7.0,0.0,41.0,5.0,0.0,0
1036,2020,6,Spanish Grand Prix,815,Sergio,Pérez,211,Racing Point,4.0,4.0,22.0,8.0,0.0,41.0,5.0,0.0,0
1036,2020,6,Spanish Grand Prix,832,Carlos,Sainz,1,McLaren,7.0,7.0,15.0,11.0,0.0,53.0,4.0,0.0,0
1036,2020,6,Spanish Grand Prix,20,Sebastian,Vettel,6,Ferrari,11.0,11.0,10.0,13.0,0.0,55.0,3.0,0.0,0
1036,2020,6,Spanish Grand Prix,848,Alexander,Albon,9,Red Bull,6.0,6.0,36.0,6.0,0.0,113.0,2.0,1.0,0
1036,2020,6,Spanish Grand Prix,842,Pierre,Gasly,213,AlphaTauri,10.0,10.0,12.0,12.0,0.0,14.0,7.0,0.0,0
1036,2020,6,Spanish Grand Prix,846,Lando,Norris,1,McLaren,8.0,8.0,38.0,5.0,0.0,53.0,4.0,0.0,0
1036,2020,6,Spanish Grand Prix,817,Daniel,Ricciardo,4,Renault,13.0,13.0,20.0,9.0,0.0,36.0,6.0,0.0,0
1036,2020,6,Spanish Grand Prix,826,Daniil,Kvyat,213,AlphaTauri,12.0,12.0,2.0,16.0,0.0,14.0,7.0,0.0,0
1036,2020,6,Spanish Grand Prix,839,Esteban,Ocon,4,Renault,15.0,15.0,16.0,10.0,0.0,36.0,6.0,0.0,0
1036,2020,6,Spanish Grand Prix,8,Kimi,Räikkönen,51,Alfa Romeo,14.0,14.0,0.0,18.0,0.0,2.0,8.0,0.0,0
1036,2020,6,Spanish Grand Prix,825,Kevin,Magnussen,210,Haas F1 Team,16.0,16.0,1.0,17.0,0.0,1.0,9.0,0.0,0
1036,2020,6,Spanish Grand Prix,841,Antonio,Giovinazzi,51,Alfa Romeo,20.0,20.0,2.0,15.0,0.0,2.0,8.0,0.0,0
1036,2020,6,Spanish Grand Prix,847,George,Russell,3,Williams,18.0,18.0,0.0,20.0,0.0,0.0,10.0,0.0,0
1036,2020,6,Spanish Grand Prix,849,Nicholas,Latifi,3,Williams,19.0,19.0,0.0,19.0,0.0,0.0,10.0,0.0,0
1036,2020,6,Spanish Grand Prix,154,Romain,Grosjean,210,Haas F1 Team,17.0,17.0,0.0,21.0,0.0,1.0,9.0,0.0,0
1036,2020,6,Spanish Grand Prix,844,Charles,Leclerc,6,Ferrari,9.0,9.0,45.0,4.0,0.0,55.0,3.0,0.0,0
1037,2020,7,Belgian Grand Prix,1,Lewis,Hamilton,131,Mercedes,1.0,1.0,132.0,1.0,4.0,221.0,1.0,5.0,1
1037,2020,7,Belgian Grand Prix,822,Valtteri,Bottas,131,Mercedes,2.0,2.0,89.0,3.0,1.0,221.0,1.0,5.0,1
1037,2020,7,Belgian Grand Prix,830,Max,Verstappen,9,Red Bull,3.0,3.0,95.0,2.0,1.0,135.0,2.0,1.0,1
1037,2020,7,Belgian Grand Prix,817,Daniel,Ricciardo,4,Renault,4.0,4.0,20.0,10.0,0.0,36.0,6.0,0.0,0
1037,2020,7,Belgian Grand Prix,839,Esteban,Ocon,4,Renault,6.0,6.0,16.0,12.0,0.0,36.0,6.0,0.0,0
1037,2020,7,Belgian Grand Prix,848,Alexander,Albon,9,Red Bull,5.0,5.0,40.0,6.0,0.0,135.0,2.0,1.0,0
1037,2020,7,Belgian Grand Prix,846,Lando,Norris,1,McLaren,10.0,10.0,39.0,7.0,0.0,62.0,4.0,0.0,0
1037,2020,7,Belgian Grand Prix,842,Pierre,Gasly,213,AlphaTauri,12.0,12.0,14.0,13.0,0.0,16.0,7.0,0.0,0
1037,2020,7,Belgian Grand Prix,840,Lance,Stroll,211,Racing Point,9.0,9.0,40.0,5.0,0.0,63.0,3.0,0.0,0
1037,2020,7,Belgian Grand Prix,815,Sergio,Pérez,211,Racing Point,8.0,8.0,32.0,8.0,0.0,63.0,3.0,0.0,0
1037,2020,7,Belgian Grand Prix,826,Daniil,Kvyat,213,AlphaTauri,11.0,11.0,2.0,16.0,0.0,16.0,7.0,0.0,0
1037,2020,7,Belgian Grand Prix,8,Kimi,Räikkönen,51,Alfa Romeo,16.0,16.0,0.0,18.0,0.0,2.0,8.0,0.0,0
1037,2020,7,Belgian Grand Prix,20,Sebastian,Vettel,6,Ferrari,14.0,14.0,16.0,11.0,0.0,61.0,5.0,0.0,0
1037,2020,7,Belgian Grand Prix,844,Charles,Leclerc,6,Ferrari,13.0,13.0,45.0,4.0,0.0,61.0,5.0,0.0,0
1037,2020,7,Belgian Grand Prix,154,Romain,Grosjean,210,Haas F1 Team,17.0,17.0,0.0,21.0,0.0,1.0,9.0,0.0,0
1037,2020,7,Belgian Grand Prix,849,Nicholas,Latifi,3,Williams,19.0,19.0,0.0,19.0,0.0,0.0,10.0,0.0,0
1037,2020,7,Belgian Grand Prix,825,Kevin,Magnussen,210,Haas F1 Team,20.0,20.0,1.0,17.0,0.0,1.0,9.0,0.0,0
1037,2020,7,Belgian Grand Prix,841,Antonio,Giovinazzi,51,Alfa Romeo,18.0,18.0,2.0,15.0,0.0,2.0,8.0,0.0,0
1037,2020,7,Belgian Grand Prix,847,George,Russell,3,Williams,15.0,15.0,0.0,20.0,0.0,0.0,10.0,0.0,0
1037,2020,7,Belgian Grand Prix,832,Carlos,Sainz,1,McLaren,7.0,7.0,23.0,9.0,0.0,62.0,4.0,0.0,0
1038,2020,8,Italian Grand Prix,842,Pierre,Gasly,213,AlphaTauri,10.0,10.0,18.0,12.0,0.0,20.0,7.0,0.0,1
1038,2020,8,Italian Grand Prix,832,Carlos,Sainz,1,McLaren,3.0,3.0,23.0,11.0,0.0,68.0,3.0,0.0,1
1038,2020,8,Italian Grand Prix,840,Lance,Stroll,211,Racing Point,8.0,8.0,42.0,7.0,0.0,66.0,4.0,0.0,1
1038,2020,8,Italian Grand Prix,846,Lando,Norris,1,McLaren,6.0,6.0,45.0,6.0,0.0,68.0,3.0,0.0,0
1038,2020,8,Italian Grand Prix,822,Valtteri,Bottas,131,Mercedes,2.0,2.0,107.0,3.0,1.0,264.0,1.0,6.0,0
1038,2020,8,Italian Grand Prix,817,Daniel,Ricciardo,4,Renault,7.0,7.0,33.0,8.0,0.0,59.0,6.0,0.0,0
1038,2020,8,Italian Grand Prix,1,Lewis,Hamilton,131,Mercedes,1.0,1.0,157.0,1.0,5.0,264.0,1.0,6.0,0
1038,2020,8,Italian Grand Prix,839,Esteban,Ocon,4,Renault,12.0,12.0,26.0,10.0,0.0,59.0,6.0,0.0,0
1038,2020,8,Italian Grand Prix,826,Daniil,Kvyat,213,AlphaTauri,11.0,11.0,2.0,16.0,0.0,20.0,7.0,0.0,0
1038,2020,8,Italian Grand Prix,815,Sergio,Pérez,211,Racing Point,4.0,4.0,33.0,9.0,0.0,66.0,4.0,0.0,0
1038,2020,8,Italian Grand Prix,849,Nicholas,Latifi,3,Williams,20.0,20.0,0.0,19.0,0.0,0.0,10.0,0.0,0
1038,2020,8,Italian Grand Prix,154,Romain,Grosjean,210,Haas F1 Team,16.0,16.0,0.0,21.0,0.0,1.0,9.0,0.0,0
1038,2020,8,Italian Grand Prix,8,Kimi,Räikkönen,51,Alfa Romeo,14.0,14.0,0.0,18.0,0.0,2.0,8.0,0.0,0
1038,2020,8,Italian Grand Prix,847,George,Russell,3,Williams,19.0,19.0,0.0,20.0,0.0,0.0,10.0,0.0,0
1038,2020,8,Italian Grand Prix,848,Alexander,Albon,9,Red Bull,9.0,9.0,48.0,4.0,0.0,158.0,2.0,1.0,0
1038,2020,8,Italian Grand Prix,841,Antonio,Giovinazzi,51,Alfa Romeo,18.0,18.0,2.0,15.0,0.0,2.0,8.0,0.0,0
1038,2020,8,Italian Grand Prix,830,Max,Verstappen,9,Red Bull,5.0,5.0,110.0,2.0,1.0,158.0,2.0,1.0,0
1038,2020,8,Italian Grand Prix,844,Charles,Leclerc,6,Ferrari,13.0,13.0,45.0,5.0,0.0,61.0,5.0,0.0,0
1038,2020,8,Italian Grand Prix,825,Kevin,Magnussen,210,Haas F1 Team,15.0,15.0,1.0,17.0,0.0,1.0,9.0,0.0,0
1038,2020,8,Italian Grand Prix,20,Sebastian,Vettel,6,Ferrari,17.0,17.0,16.0,13.0,0.0,61.0,5.0,0.0,0
1039,2020,9,Tuscan Grand Prix,1,Lewis,Hamilton,131,Mercedes,1.0,1.0,164.0,1.0,5.0,281.0,1.0,6.0,1
1039,2020,9,Tuscan Grand Prix,822,Valtteri,Bottas,131,Mercedes,2.0,2.0,117.0,2.0,1.0,281.0,1.0,6.0,1
1039,2020,9,Tuscan Grand Prix,848,Alexander,Albon,9,Red Bull,4.0,4.0,48.0,6.0,0.0,158.0,2.0,1.0,1
1039,2020,9,Tuscan Grand Prix,817,Daniel,Ricciardo,4,Renault,8.0,8.0,41.0,10.0,0.0,71.0,5.0,0.0,0
1039,2020,9,Tuscan Grand Prix,815,Sergio,Pérez,211,Racing Point,7.0,6.0,34.0,11.0,0.0,82.0,4.0,0.0,0
1039,2020,9,Tuscan Grand Prix,846,Lando,Norris,1,McLaren,11.0,11.0,57.0,5.0,0.0,98.0,3.0,0.0,0
1039,2020,9,Tuscan Grand Prix,826,Daniil,Kvyat,213,AlphaTauri,12.0,12.0,4.0,15.0,0.0,47.0,7.0,1.0,0
1039,2020,9,Tuscan Grand Prix,844,Charles,Leclerc,6,Ferrari,5.0,5.0,45.0,7.0,0.0,61.0,6.0,0.0,0
1039,2020,9,Tuscan Grand Prix,8,Kimi,Räikkönen,51,Alfa Romeo,13.0,13.0,0.0,19.0,0.0,2.0,8.0,0.0,0
1039,2020,9,Tuscan Grand Prix,20,Sebastian,Vettel,6,Ferrari,14.0,14.0,16.0,13.0,0.0,61.0,6.0,0.0,0
1039,2020,9,Tuscan Grand Prix,847,George,Russell,3,Williams,18.0,18.0,0.0,21.0,0.0,0.0,10.0,0.0,0
1039,2020,9,Tuscan Grand Prix,154,Romain,Grosjean,210,Haas F1 Team,15.0,15.0,0.0,20.0,0.0,1.0,9.0,0.0,0
1039,2020,9,Tuscan Grand Prix,840,Lance,Stroll,211,Racing Point,6.0,7.0,57.0,4.0,0.0,82.0,4.0,0.0,0
1039,2020,9,Tuscan Grand Prix,839,Esteban,Ocon,4,Renault,10.0,10.0,30.0,12.0,0.0,71.0,5.0,0.0,0
1039,2020,9,Tuscan Grand Prix,849,Nicholas,Latifi,3,Williams,19.0,19.0,0.0,18.0,0.0,0.0,10.0,0.0,0
1039,2020,9,Tuscan Grand Prix,825,Kevin,Magnussen,210,Haas F1 Team,20.0,20.0,1.0,17.0,0.0,1.0,9.0,0.0,0
1039,2020,9,Tuscan Grand Prix,841,Antonio,Giovinazzi,51,Alfa Romeo,17.0,17.0,2.0,16.0,0.0,2.0,8.0,0.0,0
1039,2020,9,Tuscan Grand Prix,832,Carlos,Sainz,1,McLaren,9.0,9.0,41.0,9.0,0.0,98.0,3.0,0.0,0
1039,2020,9,Tuscan Grand Prix,830,Max,Verstappen,9,Red Bull,3.0,3.0,110.0,3.0,1.0,158.0,2.0,1.0,0
1039,2020,9,Tuscan Grand Prix,842,Pierre,Gasly,213,AlphaTauri,16.0,16.0,43.0,8.0,1.0,47.0,7.0,1.0,0
1040,2020,10,Russian Grand Prix,822,Valtteri,Bottas,131,Mercedes,3.0,3.0,135.0,2.0,1.0,325.0,1.0,7.0,1
1040,2020,10,Russian Grand Prix,830,Max,Verstappen,9,Red Bull,2.0,2.0,110.0,3.0,1.0,173.0,2.0,1.0,1
1040,2020,10,Russian Grand Prix,1,Lewis,Hamilton,131,Mercedes,1.0,1.0,190.0,1.0,6.0,325.0,1.0,7.0,1
1040,2020,10,Russian Grand Prix,815,Sergio,Pérez,211,Racing Point,4.0,4.0,44.0,9.0,0.0,92.0,4.0,0.0,0
1040,2020,10,Russian Grand Prix,817,Daniel,Ricciardo,4,Renault,5.0,5.0,53.0,7.0,0.0,83.0,5.0,0.0,0
1040,2020,10,Russian Grand Prix,844,Charles,Leclerc,6,Ferrari,10.0,11.0,49.0,8.0,0.0,66.0,6.0,0.0,0
1040,2020,10,Russian Grand Prix,839,Esteban,Ocon,4,Renault,7.0,7.0,30.0,12.0,0.0,83.0,5.0,0.0,0
1040,2020,10,Russian Grand Prix,826,Daniil,Kvyat,213,AlphaTauri,11.0,12.0,10.0,14.0,0.0,53.0,7.0,1.0,0
1040,2020,10,Russian Grand Prix,842,Pierre,Gasly,213,AlphaTauri,9.0,9.0,43.0,10.0,1.0,53.0,7.0,1.0,0
1040,2020,10,Russian Grand Prix,848,Alexander,Albon,9,Red Bull,15.0,10.0,63.0,5.0,0.0,173.0,2.0,1.0,0
1040,2020,10,Russian Grand Prix,841,Antonio,Giovinazzi,51,Alfa Romeo,17.0,17.0,2.0,17.0,0.0,4.0,8.0,0.0,0
1040,2020,10,Russian Grand Prix,825,Kevin,Magnussen,210,Haas F1 Team,18.0,18.0,1.0,18.0,0.0,1.0,9.0,0.0,0
1040,2020,10,Russian Grand Prix,20,Sebastian,Vettel,6,Ferrari,14.0,15.0,17.0,13.0,0.0,66.0,6.0,0.0,0
1040,2020,10,Russian Grand Prix,8,Kimi,Räikkönen,51,Alfa Romeo,19.0,20.0,2.0,16.0,0.0,4.0,8.0,0.0,0
1040,2020,10,Russian Grand Prix,846,Lando,Norris,1,McLaren,8.0,8.0,65.0,4.0,0.0,106.0,3.0,0.0,0
1040,2020,10,Russian Grand Prix,849,Nicholas,Latifi,3,Williams,20.0,19.0,0.0,19.0,0.0,0.0,10.0,0.0,0
1040,2020,10,Russian Grand Prix,154,Romain,Grosjean,210,Haas F1 Team,16.0,16.0,0.0,21.0,0.0,1.0,9.0,0.0,0
1040,2020,10,Russian Grand Prix,847,George,Russell,3,Williams,13.0,14.0,0.0,20.0,0.0,0.0,10.0,0.0,0
1040,2020,10,Russian Grand Prix,832,Carlos,Sainz,1,McLaren,6.0,6.0,41.0,11.0,0.0,106.0,3.0,0.0,0
1040,2020,10,Russian Grand Prix,840,Lance,Stroll,211,Racing Point,12.0,13.0,57.0,6.0,0.0,92.0,4.0,0.0,0
1041,2020,11,Eifel Grand Prix,1,Lewis,Hamilton,131,Mercedes,2.0,2.0,205.0,1.0,6.0,366.0,1.0,8.0,1
1041,2020,11,Eifel Grand Prix,830,Max,Verstappen,9,Red Bull,3.0,3.0,128.0,3.0,1.0,192.0,2.0,1.0,1
1041,2020,11,Eifel Grand Prix,817,Daniel,Ricciardo,4,Renault,6.0,6.0,63.0,6.0,0.0,99.0,5.0,0.0,1
1041,2020,11,Eifel Grand Prix,815,Sergio,Pérez,211,Racing Point,9.0,9.0,56.0,9.0,0.0,104.0,4.0,0.0,0
1041,2020,11,Eifel Grand Prix,832,Carlos,Sainz,1,McLaren,10.0,10.0,41.0,11.0,0.0,106.0,3.0,0.0,0
1041,2020,11,Eifel Grand Prix,842,Pierre,Gasly,213,AlphaTauri,12.0,12.0,45.0,10.0,1.0,59.0,7.0,1.0,0
1041,2020,11,Eifel Grand Prix,844,Charles,Leclerc,6,Ferrari,4.0,4.0,57.0,7.0,0.0,74.0,6.0,0.0,0
1041,2020,11,Eifel Grand Prix,807,Nico,Hülkenberg,211,Racing Point,20.0,20.0,6.0,15.0,0.0,104.0,4.0,0.0,0
1041,2020,11,Eifel Grand Prix,154,Romain,Grosjean,210,Haas F1 Team,16.0,16.0,0.0,21.0,0.0,1.0,9.0,0.0,0
1041,2020,11,Eifel Grand Prix,841,Antonio,Giovinazzi,51,Alfa Romeo,14.0,14.0,2.0,17.0,0.0,4.0,8.0,0.0,0
1041,2020,11,Eifel Grand Prix,20,Sebastian,Vettel,6,Ferrari,11.0,11.0,17.0,13.0,0.0,74.0,6.0,0.0,0
1041,2020,11,Eifel Grand Prix,8,Kimi,Räikkönen,51,Alfa Romeo,19.0,19.0,2.0,16.0,0.0,4.0,8.0,0.0,0
1041,2020,11,Eifel Grand Prix,825,Kevin,Magnussen,210,Haas F1 Team,15.0,15.0,1.0,18.0,0.0,1.0,9.0,0.0,0
1041,2020,11,Eifel Grand Prix,849,Nicholas,Latifi,3,Williams,18.0,18.0,0.0,19.0,0.0,0.0,10.0,0.0,0
1041,2020,11,Eifel Grand Prix,826,Daniil,Kvyat,213,AlphaTauri,13.0,13.0,14.0,14.0,0.0,59.0,7.0,1.0,0
1041,2020,11,Eifel Grand Prix,846,Lando,Norris,1,McLaren,8.0,8.0,65.0,4.0,0.0,106.0,3.0,0.0,0
1041,2020,11,Eifel Grand Prix,848,Alexander,Albon,9,Red Bull,5.0,5.0,64.0,5.0,0.0,192.0,2.0,1.0,0
1041,2020,11,Eifel Grand Prix,839,Esteban,Ocon,4,Renault,7.0,7.0,36.0,12.0,0.0,99.0,5.0,0.0,0
1041,2020,11,Eifel Grand Prix,822,Valtteri,Bottas,131,Mercedes,1.0,1.0,161.0,2.0,2.0,366.0,1.0,8.0,0
1041,2020,11,Eifel Grand Prix,847,George,Russell,3,Williams,17.0,17.0,0.0,20.0,0.0,0.0,10.0,0.0,0
1042,2020,12,Portuguese Grand Prix,1,Lewis,Hamilton,131,Mercedes,1.0,1.0,230.0,1.0,7.0,391.0,1.0,9.0,1
1042,2020,12,Portuguese Grand Prix,822,Valtteri,Bottas,131,Mercedes,2.0,2.0,161.0,2.0,2.0,391.0,1.0,9.0,1
1042,2020,12,Portuguese Grand Prix,830,Max,Verstappen,9,Red Bull,3.0,3.0,147.0,3.0,1.0,211.0,2.0,1.0,1
1042,2020,12,Portuguese Grand Prix,844,Charles,Leclerc,6,Ferrari,4.0,4.0,63.0,8.0,0.0,80.0,6.0,0.0,0
1042,2020,12,Portuguese Grand Prix,842,Pierre,Gasly,213,AlphaTauri,9.0,9.0,53.0,10.0,1.0,67.0,7.0,1.0,0
1042,2020,12,Portuguese Grand Prix,832,Carlos,Sainz,1,McLaren,7.0,7.0,51.0,11.0,0.0,116.0,4.0,0.0,0
1042,2020,12,Portuguese Grand Prix,815,Sergio,Pérez,211,Racing Point,5.0,5.0,68.0,5.0,0.0,120.0,3.0,0.0,0
1042,2020,12,Portuguese Grand Prix,839,Esteban,Ocon,4,Renault,11.0,11.0,36.0,12.0,0.0,114.0,5.0,0.0,0
1042,2020,12,Portuguese Grand Prix,817,Daniel,Ricciardo,4,Renault,10.0,10.0,78.0,4.0,0.0,114.0,5.0,0.0,0
1042,2020,12,Portuguese Grand Prix,20,Sebastian,Vettel,6,Ferrari,15.0,15.0,17.0,13.0,0.0,80.0,6.0,0.0,0
1042,2020,12,Portuguese Grand Prix,8,Kimi,Räikkönen,51,Alfa Romeo,16.0,16.0,2.0,17.0,0.0,5.0,8.0,0.0,0
1042,2020,12,Portuguese Grand Prix,848,Alexander,Albon,9,Red Bull,6.0,6.0,64.0,7.0,0.0,211.0,2.0,1.0,0
1042,2020,12,Portuguese Grand Prix,846,Lando,Norris,1,McLaren,8.0,8.0,65.0,6.0,0.0,116.0,4.0,0.0,0
1042,2020,12,Portuguese Grand Prix,847,George,Russell,3,Williams,14.0,14.0,0.0,21.0,0.0,0.0,10.0,0.0,0
1042,2020,12,Portuguese Grand Prix,841,Antonio,Giovinazzi,51,Alfa Romeo,17.0,17.0,3.0,16.0,0.0,5.0,8.0,0.0,0
1042,2020,12,Portuguese Grand Prix,825,Kevin,Magnussen,210,Haas F1 Team,19.0,19.0,1.0,19.0,0.0,3.0,9.0,0.0,0
1042,2020,12,Portuguese Grand Prix,154,Romain,Grosjean,210,Haas F1 Team,18.0,18.0,2.0,18.0,0.0,3.0,9.0,0.0,0
1042,2020,12,Portuguese Grand Prix,849,Nicholas,Latifi,3,Williams,20.0,20.0,0.0,20.0,0.0,0.0,10.0,0.0,0
1042,2020,12,Portuguese Grand Prix,826,Daniil,Kvyat,213,AlphaTauri,13.0,13.0,14.0,14.0,0.0,67.0,7.0,1.0,0
1042,2020,12,Portuguese Grand Prix,840,Lance,Stroll,211,Racing Point,12.0,12.0,57.0,9.0,0.0,120.0,3.0,0.0,0
1043,2020,13,Emilia Romagna Grand Prix,1,Lewis,Hamilton,131,Mercedes,2.0,2.0,256.0,1.0,8.0,435.0,1.0,10.0,1
1043,2020,13,Emilia Romagna Grand Prix,822,Valtteri,Bottas,131,Mercedes,1.0,1.0,179.0,2.0,2.0,435.0,1.0,10.0,1
1043,2020,13,Emilia Romagna Grand Prix,817,Daniel,Ricciardo,4,Renault,5.0,5.0,80.0,4.0,0.0,120.0,5.0,0.0,1
1043,2020,13,Emilia Romagna Grand Prix,826,Daniil,Kvyat,213,AlphaTauri,8.0,8.0,14.0,14.0,0.0,77.0,7.0,1.0,0
1043,2020,13,Emilia Romagna Grand Prix,844,Charles,Leclerc,6,Ferrari,7.0,7.0,75.0,5.0,0.0,93.0,6.0,0.0,0
1043,2020,13,Emilia Romagna Grand Prix,815,Sergio,Pérez,211,Racing Point,11.0,11.0,74.0,6.0,0.0,126.0,3.0,0.0,0
1043,2020,13,Emilia Romagna Grand Prix,832,Carlos,Sainz,1,McLaren,10.0,10.0,59.0,10.0,0.0,124.0,4.0,0.0,0
1043,2020,13,Emilia Romagna Grand Prix,846,Lando,Norris,1,McLaren,9.0,9.0,65.0,7.0,0.0,124.0,4.0,0.0,0
1043,2020,13,Emilia Romagna Grand Prix,8,Kimi,Räikkönen,51,Alfa Romeo,18.0,18.0,2.0,17.0,0.0,5.0,8.0,0.0,0
1043,2020,13,Emilia Romagna Grand Prix,841,Antonio,Giovinazzi,51,Alfa Romeo,20.0,20.0,3.0,16.0,0.0,5.0,8.0,0.0,0
1043,2020,13,Emilia Romagna Grand Prix,849,Nicholas,Latifi,3,Williams,19.0,19.0,0.0,20.0,0.0,0.0,10.0,0.0,0
1043,2020,13,Emilia Romagna Grand Prix,20,Sebastian,Vettel,6,Ferrari,14.0,14.0,18.0,13.0,0.0,93.0,6.0,0.0,0
1043,2020,13,Emilia Romagna Grand Prix,840,Lance,Stroll,211,Racing Point,15.0,15.0,57.0,11.0,0.0,126.0,3.0,0.0,0
1043,2020,13,Emilia Romagna Grand Prix,154,Romain,Grosjean,210,Haas F1 Team,16.0,16.0,2.0,18.0,0.0,3.0,9.0,0.0,0
1043,2020,13,Emilia Romagna Grand Prix,848,Alexander,Albon,9,Red Bull,6.0,6.0,64.0,8.0,0.0,226.0,2.0,1.0,0
1043,2020,13,Emilia Romagna Grand Prix,847,George,Russell,3,Williams,13.0,13.0,0.0,21.0,0.0,0.0,10.0,0.0,0
1043,2020,13,Emilia Romagna Grand Prix,830,Max,Verstappen,9,Red Bull,3.0,3.0,162.0,3.0,1.0,226.0,2.0,1.0,0
1043,2020,13,Emilia Romagna Grand Prix,825,Kevin,Magnussen,210,Haas F1 Team,17.0,17.0,1.0,19.0,0.0,3.0,9.0,0.0,0
1043,2020,13,Emilia Romagna Grand Prix,839,Esteban,Ocon,4,Renault,12.0,12.0,40.0,12.0,0.0,120.0,5.0,0.0,0
1043,2020,13,Emilia Romagna Grand Prix,842,Pierre,Gasly,213,AlphaTauri,4.0,4.0,63.0,9.0,1.0,77.0,7.0,1.0,0
1044,2020,14,Turkish Grand Prix,1,Lewis,Hamilton,131,Mercedes,6.0,6.0,282.0,1.0,9.0,479.0,1.0,11.0,1
1044,2020,14,Turkish Grand Prix,815,Sergio,Pérez,211,Racing Point,3.0,3.0,82.0,6.0,0.0,134.0,5.0,0.0,1
1044,2020,14,Turkish Grand Prix,20,Sebastian,Vettel,6,Ferrari,11.0,12.0,18.0,14.0,0.0,103.0,6.0,0.0,1
1044,2020,14,Turkish Grand Prix,844,Charles,Leclerc,6,Ferrari,12.0,14.0,85.0,5.0,0.0,103.0,6.0,0.0,0
1044,2020,14,Turkish Grand Prix,832,Carlos,Sainz,1,McLaren,15.0,13.0,65.0,8.0,0.0,134.0,4.0,0.0,0
1044,2020,14,Turkish Grand Prix,830,Max,Verstappen,9,Red Bull,2.0,2.0,162.0,3.0,1.0,226.0,2.0,1.0,0
1044,2020,14,Turkish Grand Prix,848,Alexander,Albon,9,Red Bull,4.0,4.0,64.0,9.0,0.0,226.0,2.0,1.0,0
1044,2020,14,Turkish Grand Prix,846,Lando,Norris,1,McLaren,14.0,11.0,69.0,7.0,0.0,134.0,4.0,0.0,0
1044,2020,14,Turkish Grand Prix,840,Lance,Stroll,211,Racing Point,1.0,1.0,57.0,11.0,0.0,134.0,5.0,0.0,0
1044,2020,14,Turkish Grand Prix,817,Daniel,Ricciardo,4,Renault,5.0,5.0,95.0,4.0,0.0,135.0,3.0,0.0,0
1044,2020,14,Turkish Grand Prix,839,Esteban,Ocon,4,Renault,7.0,7.0,40.0,12.0,0.0,135.0,3.0,0.0,0
1044,2020,14,Turkish Grand Prix,826,Daniil,Kvyat,213,AlphaTauri,16.0,17.0,26.0,13.0,0.0,89.0,7.0,1.0,0
1044,2020,14,Turkish Grand Prix,842,Pierre,Gasly,213,AlphaTauri,19.0,15.0,63.0,10.0,1.0,89.0,7.0,1.0,0
1044,2020,14,Turkish Grand Prix,822,Valtteri,Bottas,131,Mercedes,9.0,9.0,197.0,2.0,2.0,479.0,1.0,11.0,0
1044,2020,14,Turkish Grand Prix,8,Kimi,Räikkönen,51,Alfa Romeo,8.0,8.0,4.0,16.0,0.0,8.0,8.0,0.0,0
1044,2020,14,Turkish Grand Prix,847,George,Russell,3,Williams,0.0,18.0,0.0,21.0,0.0,0.0,10.0,0.0,0
1044,2020,14,Turkish Grand Prix,825,Kevin,Magnussen,210,Haas F1 Team,13.0,16.0,1.0,19.0,0.0,3.0,9.0,0.0,0
1044,2020,14,Turkish Grand Prix,154,Romain,Grosjean,210,Haas F1 Team,17.0,19.0,2.0,18.0,0.0,3.0,9.0,0.0,0
1044,2020,14,Turkish Grand Prix,849,Nicholas,Latifi,3,Williams,0.0,20.0,0.0,20.0,0.0,0.0,10.0,0.0,0
1044,2020,14,Turkish Grand Prix,841,Antonio,Giovinazzi,51,Alfa Romeo,10.0,10.0,4.0,17.0,0.0,8.0,8.0,0.0,0
1045,2020,15,Bahrain Grand Prix,1,Lewis,Hamilton,131,Mercedes,1.0,1.0,307.0,1.0,10.0,504.0,1.0,12.0,1
1045,2020,15,Bahrain Grand Prix,830,Max,Verstappen,9,Red Bull,3.0,3.0,170.0,3.0,1.0,240.0,2.0,1.0,1
1045,2020,15,Bahrain Grand Prix,848,Alexander,Albon,9,Red Bull,4.0,4.0,70.0,9.0,0.0,240.0,2.0,1.0,1
1045,2020,15,Bahrain Grand Prix,846,Lando,Norris,1,McLaren,9.0,9.0,74.0,8.0,0.0,149.0,4.0,0.0,0
1045,2020,15,Bahrain Grand Prix,832,Carlos,Sainz,1,McLaren,15.0,15.0,75.0,7.0,0.0,149.0,4.0,0.0,0
1045,2020,15,Bahrain Grand Prix,842,Pierre,Gasly,213,AlphaTauri,8.0,8.0,63.0,10.0,1.0,89.0,7.0,1.0,0
1045,2020,15,Bahrain Grand Prix,817,Daniel,Ricciardo,4,Renault,6.0,6.0,96.0,6.0,0.0,136.0,5.0,0.0,0
1045,2020,15,Bahrain Grand Prix,822,Valtteri,Bottas,131,Mercedes,2.0,2.0,197.0,2.0,2.0,504.0,1.0,12.0,0
1045,2020,15,Bahrain Grand Prix,839,Esteban,Ocon,4,Renault,7.0,7.0,40.0,12.0,0.0,136.0,5.0,0.0,0
1045,2020,15,Bahrain Grand Prix,844,Charles,Leclerc,6,Ferrari,12.0,12.0,97.0,5.0,0.0,130.0,6.0,0.0,0
1045,2020,15,Bahrain Grand Prix,826,Daniil,Kvyat,213,AlphaTauri,10.0,10.0,26.0,14.0,0.0,89.0,7.0,1.0,0
1045,2020,15,Bahrain Grand Prix,847,George,Russell,3,Williams,14.0,14.0,0.0,21.0,0.0,0.0,10.0,0.0,0
1045,2020,15,Bahrain Grand Prix,20,Sebastian,Vettel,6,Ferrari,11.0,11.0,33.0,13.0,0.0,130.0,6.0,0.0,0
1045,2020,15,Bahrain Grand Prix,849,Nicholas,Latifi,3,Williams,20.0,20.0,0.0,20.0,0.0,0.0,10.0,0.0,0
1045,2020,15,Bahrain Grand Prix,8,Kimi,Räikkönen,51,Alfa Romeo,17.0,17.0,4.0,16.0,0.0,8.0,8.0,0.0,0
1045,2020,15,Bahrain Grand Prix,841,Antonio,Giovinazzi,51,Alfa Romeo,16.0,16.0,4.0,17.0,0.0,8.0,8.0,0.0,0
1045,2020,15,Bahrain Grand Prix,825,Kevin,Magnussen,210,Haas F1 Team,18.0,18.0,1.0,19.0,0.0,3.0,9.0,0.0,0
1045,2020,15,Bahrain Grand Prix,815,Sergio,Pérez,211,Racing Point,5.0,5.0,100.0,4.0,0.0,154.0,3.0,0.0,0
1045,2020,15,Bahrain Grand Prix,840,Lance,Stroll,211,Racing Point,13.0,13.0,59.0,11.0,0.0,154.0,3.0,0.0,0
1045,2020,15,Bahrain Grand Prix,154,Romain,Grosjean,210,Haas F1 Team,19.0,19.0,2.0,18.0,0.0,3.0,9.0,0.0,0
1046,2020,16,Sakhir Grand Prix,815,Sergio,Pérez,211,Racing Point,5.0,5.0,100.0,5.0,0.0,154.0,4.0,0.0,1
1046,2020,16,Sakhir Grand Prix,839,Esteban,Ocon,4,Renault,11.0,11.0,42.0,12.0,0.0,144.0,5.0,0.0,1
1046,2020,16,Sakhir Grand Prix,840,Lance,Stroll,211,Racing Point,10.0,10.0,59.0,11.0,0.0,154.0,4.0,0.0,1
1046,2020,16,Sakhir Grand Prix,832,Carlos,Sainz,1,McLaren,8.0,8.0,85.0,8.0,0.0,171.0,3.0,0.0,0
1046,2020,16,Sakhir Grand Prix,817,Daniel,Ricciardo,4,Renault,7.0,7.0,102.0,4.0,0.0,144.0,5.0,0.0,0
1046,2020,16,Sakhir Grand Prix,848,Alexander,Albon,9,Red Bull,12.0,12.0,85.0,9.0,0.0,274.0,2.0,1.0,0
1046,2020,16,Sakhir Grand Prix,826,Daniil,Kvyat,213,AlphaTauri,6.0,6.0,26.0,14.0,0.0,97.0,7.0,1.0,0
1046,2020,16,Sakhir Grand Prix,822,Valtteri,Bottas,131,Mercedes,1.0,1.0,201.0,2.0,2.0,533.0,1.0,13.0,0
1046,2020,16,Sakhir Grand Prix,847,George,Russell,131,Mercedes,2.0,2.0,0.0,21.0,0.0,533.0,1.0,13.0,0
1046,2020,16,Sakhir Grand Prix,846,Lando,Norris,1,McLaren,19.0,15.0,86.0,7.0,0.0,171.0,3.0,0.0,0
1046,2020,16,Sakhir Grand Prix,842,Pierre,Gasly,213,AlphaTauri,9.0,9.0,71.0,10.0,1.0,97.0,7.0,1.0,0
1046,2020,16,Sakhir Grand Prix,20,Sebastian,Vettel,6,Ferrari,13.0,13.0,33.0,13.0,0.0,131.0,6.0,0.0,0
1046,2020,16,Sakhir Grand Prix,841,Antonio,Giovinazzi,51,Alfa Romeo,14.0,14.0,4.0,17.0,0.0,8.0,8.0,0.0,0
1046,2020,16,Sakhir Grand Prix,8,Kimi,Räikkönen,51,Alfa Romeo,18.0,19.0,4.0,16.0,0.0,8.0,8.0,0.0,0
1046,2020,16,Sakhir Grand Prix,825,Kevin,Magnussen,210,Haas F1 Team,15.0,16.0,1.0,19.0,0.0,3.0,9.0,0.0,0
1046,2020,16,Sakhir Grand Prix,851,Jack,Aitken,3,Williams,17.0,18.0,0.0,28.0,0.0,0.0,10.0,0.0,0
1046,2020,16,Sakhir Grand Prix,850,Pietro,Fittipaldi,210,Haas F1 Team,20.0,20.0,0.0,28.0,0.0,3.0,9.0,0.0,0
1046,2020,16,Sakhir Grand Prix,849,Nicholas,Latifi,3,Williams,16.0,17.0,0.0,20.0,0.0,0.0,10.0,0.0,0
1046,2020,16,Sakhir Grand Prix,830,Max,Verstappen,9,Red Bull,3.0,3.0,189.0,3.0,1.0,274.0,2.0,1.0,0
1046,2020,16,Sakhir Grand Prix,844,Charles,Leclerc,6,Ferrari,4.0,4.0,98.0,6.0,0.0,131.0,6.0,0.0,0
1047,2020,17,Abu Dhabi Grand Prix,830,Max,Verstappen,9,Red Bull,1.0,1.0,189.0,3.0,1.0,282.0,2.0,1.0,1
1047,2020,17,Abu Dhabi Grand Prix,822,Valtteri,Bottas,131,Mercedes,2.0,2.0,205.0,2.0,2.0,540.0,1.0,13.0,1
1047,2020,17,Abu Dhabi Grand Prix,1,Lewis,Hamilton,131,Mercedes,3.0,3.0,332.0,1.0,11.0,540.0,1.0,13.0,1
1047,2020,17,Abu Dhabi Grand Prix,848,Alexander,Albon,9,Red Bull,5.0,5.0,93.0,8.0,0.0,282.0,2.0,1.0,0
1047,2020,17,Abu Dhabi Grand Prix,846,Lando,Norris,1,McLaren,4.0,4.0,87.0,9.0,0.0,184.0,4.0,0.0,0
1047,2020,17,Abu Dhabi Grand Prix,832,Carlos,Sainz,1,McLaren,6.0,6.0,97.0,7.0,0.0,184.0,4.0,0.0,0
1047,2020,17,Abu Dhabi Grand Prix,817,Daniel,Ricciardo,4,Renault,11.0,12.0,112.0,5.0,0.0,172.0,5.0,0.0,0
1047,2020,17,Abu Dhabi Grand Prix,842,Pierre,Gasly,213,AlphaTauri,9.0,10.0,71.0,11.0,1.0,103.0,7.0,1.0,0
1047,2020,17,Abu Dhabi Grand Prix,839,Esteban,Ocon,4,Renault,10.0,11.0,60.0,12.0,0.0,172.0,5.0,0.0,0
1047,2020,17,Abu Dhabi Grand Prix,840,Lance,Stroll,211,Racing Point,8.0,8.0,74.0,10.0,0.0,194.0,3.0,1.0,0
1047,2020,17,Abu Dhabi Grand Prix,826,Daniil,Kvyat,213,AlphaTauri,7.0,7.0,32.0,14.0,0.0,103.0,7.0,1.0,0
1047,2020,17,Abu Dhabi Grand Prix,8,Kimi,Räikkönen,51,Alfa Romeo,15.0,16.0,4.0,16.0,0.0,8.0,8.0,0.0,0
1047,2020,17,Abu Dhabi Grand Prix,844,Charles,Leclerc,6,Ferrari,12.0,9.0,98.0,6.0,0.0,131.0,6.0,0.0,0
1047,2020,17,Abu Dhabi Grand Prix,20,Sebastian,Vettel,6,Ferrari,13.0,13.0,33.0,13.0,0.0,131.0,6.0,0.0,0
1047,2020,17,Abu Dhabi Grand Prix,847,George,Russell,3,Williams,16.0,18.0,3.0,18.0,0.0,0.0,10.0,0.0,0
1047,2020,17,Abu Dhabi Grand Prix,841,Antonio,Giovinazzi,51,Alfa Romeo,14.0,14.0,4.0,17.0,0.0,8.0,8.0,0.0,0
1047,2020,17,Abu Dhabi Grand Prix,849,Nicholas,Latifi,3,Williams,18.0,20.0,0.0,21.0,0.0,0.0,10.0,0.0,0
1047,2020,17,Abu Dhabi Grand Prix,825,Kevin,Magnussen,210,Haas F1 Team,20.0,17.0,1.0,20.0,0.0,3.0,9.0,0.0,0
1047,2020,17,Abu Dhabi Grand Prix,850,Pietro,Fittipaldi,210,Haas F1 Team,17.0,19.0,0.0,23.0,0.0,3.0,9.0,0.0,0
1047,2020,17,Abu Dhabi Grand Prix,815,Sergio,Pérez,211,Racing Point,19.0,15.0,125.0,4.0,1.0,194.0,3.0,1.0,0
1052,2021,1,Bahrain Grand Prix,1,Lewis,Hamilton,131,Mercedes,2.0,2.0,347.0,1.0,11.0,573.0,1.0,13.0,1
1052,2021,1,Bahrain Grand Prix,830,Max,Verstappen,9,Red Bull,1.0,1.0,214.0,3.0,2.0,319.0,2.0,2.0,1
1052,2021,1,Bahrain Grand Prix,822,Valtteri,Bottas,131,Mercedes,3.0,3.0,223.0,2.0,2.0,573.0,1.0,13.0,1
1052,2021,1,Bahrain Grand Prix,846,Lando,Norris,1,McLaren,7.0,7.0,97.0,9.0,0.0,202.0,3.0,0.0,0
1052,2021,1,Bahrain Grand Prix,815,Sergio,Pérez,9,Red Bull,0.0,11.0,125.0,4.0,1.0,319.0,2.0,2.0,0
1052,2021,1,Bahrain Grand Prix,844,Charles,Leclerc,6,Ferrari,4.0,4.0,98.0,8.0,0.0,131.0,6.0,0.0,0
1052,2021,1,Bahrain Grand Prix,817,Daniel,Ricciardo,1,McLaren,6.0,6.0,119.0,5.0,0.0,202.0,3.0,0.0,0
1052,2021,1,Bahrain Grand Prix,832,Carlos,Sainz,6,Ferrari,8.0,8.0,105.0,6.0,0.0,131.0,6.0,0.0,0
1052,2021,1,Bahrain Grand Prix,852,Yuki,Tsunoda,213,AlphaTauri,13.0,13.0,0.0,28.0,0.0,107.0,7.0,1.0,0
1052,2021,1,Bahrain Grand Prix,840,Lance,Stroll,117,Aston Martin,10.0,10.0,75.0,11.0,0.0,0.0,10.0,0.0,0
1052,2021,1,Bahrain Grand Prix,8,Kimi,Räikkönen,51,Alfa Romeo,14.0,14.0,4.0,16.0,0.0,8.0,8.0,0.0,0
1052,2021,1,Bahrain Grand Prix,841,Antonio,Giovinazzi,51,Alfa Romeo,12.0,12.0,4.0,17.0,0.0,8.0,8.0,0.0,0
1052,2021,1,Bahrain Grand Prix,839,Esteban,Ocon,214,Alpine F1 Team,16.0,16.0,62.0,12.0,0.0,0.0,13.0,0.0,0
1052,2021,1,Bahrain Grand Prix,847,George,Russell,3,Williams,15.0,15.0,3.0,18.0,0.0,0.0,10.0,0.0,0
1052,2021,1,Bahrain Grand Prix,20,Sebastian,Vettel,117,Aston Martin,20.0,18.0,33.0,13.0,0.0,0.0,10.0,0.0,0
1052,2021,1,Bahrain Grand Prix,854,Mick,Schumacher,210,Haas F1 Team,18.0,19.0,0.0,28.0,0.0,3.0,9.0,0.0,0
1052,2021,1,Bahrain Grand Prix,842,Pierre,Gasly,213,AlphaTauri,5.0,5.0,75.0,10.0,1.0,107.0,7.0,1.0,0
1052,2021,1,Bahrain Grand Prix,849,Nicholas,Latifi,3,Williams,17.0,17.0,0.0,21.0,0.0,0.0,10.0,0.0,0
1052,2021,1,Bahrain Grand Prix,4,Fernando,Alonso,214,Alpine F1 Team,9.0,9.0,50.0,11.0,0.0,0.0,13.0,0.0,0
1052,2021,1,Bahrain Grand Prix,853,Nikita,Mazepin,210,Haas F1 Team,19.0,20.0,0.0,28.0,0.0,3.0,9.0,0.0,0
1053,2021,2,Emilia Romagna Grand Prix,830,Max,Verstappen,9,Red Bull,3.0,3.0,18.0,2.0,0.0,28.0,2.0,0.0,1
1053,2021,2,Emilia Romagna Grand Prix,1,Lewis,Hamilton,131,Mercedes,1.0,1.0,25.0,1.0,1.0,41.0,1.0,1.0,1
1053,2021,2,Emilia Romagna Grand Prix,846,Lando,Norris,1,McLaren,7.0,7.0,12.0,4.0,0.0,18.0,3.0,0.0,1
1053,2021,2,Emilia Romagna Grand Prix,844,Charles,Leclerc,6,Ferrari,4.0,4.0,8.0,6.0,0.0,12.0,4.0,0.0,0
1053,2021,2,Emilia Romagna Grand Prix,832,Carlos,Sainz,6,Ferrari,11.0,11.0,4.0,8.0,0.0,12.0,4.0,0.0,0
1053,2021,2,Emilia Romagna Grand Prix,817,Daniel,Ricciardo,1,McLaren,6.0,6.0,6.0,7.0,0.0,18.0,3.0,0.0,0
1053,2021,2,Emilia Romagna Grand Prix,842,Pierre,Gasly,213,AlphaTauri,5.0,5.0,0.0,17.0,0.0,2.0,5.0,0.0,0
1053,2021,2,Emilia Romagna Grand Prix,840,Lance,Stroll,117,Aston Martin,10.0,10.0,1.0,10.0,0.0,1.0,6.0,0.0,0
1053,2021,2,Emilia Romagna Grand Prix,839,Esteban,Ocon,214,Alpine F1 Team,9.0,9.0,0.0,13.0,0.0,0.0,8.0,0.0,0
1053,2021,2,Emilia Romagna Grand Prix,4,Fernando,Alonso,214,Alpine F1 Team,15.0,15.0,0.0,19.0,0.0,0.0,8.0,0.0,0
1053,2021,2,Emilia Romagna Grand Prix,815,Sergio,Pérez,9,Red Bull,2.0,2.0,10.0,5.0,0.0,28.0,2.0,0.0,0
1053,2021,2,Emilia Romagna Grand Prix,852,Yuki,Tsunoda,213,AlphaTauri,20.0,20.0,2.0,9.0,0.0,2.0,5.0,0.0,0
1053,2021,2,Emilia Romagna Grand Prix,8,Kimi,Räikkönen,51,Alfa Romeo,16.0,16.0,0.0,11.0,0.0,0.0,7.0,0.0,0
1053,2021,2,Emilia Romagna Grand Prix,841,Antonio,Giovinazzi,51,Alfa Romeo,17.0,17.0,0.0,12.0,0.0,0.0,7.0,0.0,0
1053,2021,2,Emilia Romagna Grand Prix,20,Sebastian,Vettel,117,Aston Martin,0.0,13.0,0.0,15.0,0.0,1.0,6.0,0.0,0
1053,2021,2,Emilia Romagna Grand Prix,854,Mick,Schumacher,210,Haas F1 Team,18.0,18.0,0.0,16.0,0.0,0.0,10.0,0.0,0
1053,2021,2,Emilia Romagna Grand Prix,853,Nikita,Mazepin,210,Haas F1 Team,19.0,19.0,0.0,20.0,0.0,0.0,10.0,0.0,0
1053,2021,2,Emilia Romagna Grand Prix,822,Valtteri,Bottas,131,Mercedes,8.0,8.0,16.0,3.0,0.0,41.0,1.0,1.0,0
1053,2021,2,Emilia Romagna Grand Prix,847,George,Russell,3,Williams,12.0,12.0,0.0,14.0,0.0,0.0,9.0,0.0,0
1053,2021,2,Emilia Romagna Grand Prix,849,Nicholas,Latifi,3,Williams,14.0,14.0,0.0,18.0,0.0,0.0,9.0,0.0,0
1054,2021,3,Portuguese Grand Prix,1,Lewis,Hamilton,131,Mercedes,2.0,2.0,44.0,1.0,1.0,60.0,1.0,1.0,1
1054,2021,3,Portuguese Grand Prix,830,Max,Verstappen,9,Red Bull,3.0,3.0,43.0,2.0,1.0,53.0,2.0,1.0,1
1054,2021,3,Portuguese Grand Prix,822,Valtteri,Bottas,131,Mercedes,1.0,1.0,16.0,5.0,0.0,60.0,1.0,1.0,1
1054,2021,3,Portuguese Grand Prix,815,Sergio,Pérez,9,Red Bull,4.0,4.0,10.0,8.0,0.0,53.0,2.0,1.0,0
1054,2021,3,Portuguese Grand Prix,846,Lando,Norris,1,McLaren,7.0,7.0,27.0,3.0,0.0,41.0,3.0,0.0,0
1054,2021,3,Portuguese Grand Prix,844,Charles,Leclerc,6,Ferrari,8.0,8.0,20.0,4.0,0.0,34.0,4.0,0.0,0
1054,2021,3,Portuguese Grand Prix,839,Esteban,Ocon,214,Alpine F1 Team,6.0,6.0,2.0,12.0,0.0,3.0,7.0,0.0,0
1054,2021,3,Portuguese Grand Prix,4,Fernando,Alonso,214,Alpine F1 Team,13.0,13.0,1.0,13.0,0.0,3.0,7.0,0.0,0
1054,2021,3,Portuguese Grand Prix,817,Daniel,Ricciardo,1,McLaren,16.0,16.0,14.0,7.0,0.0,41.0,3.0,0.0,0
1054,2021,3,Portuguese Grand Prix,842,Pierre,Gasly,213,AlphaTauri,9.0,9.0,6.0,9.0,0.0,8.0,5.0,0.0,0
1054,2021,3,Portuguese Grand Prix,832,Carlos,Sainz,6,Ferrari,5.0,5.0,14.0,6.0,0.0,34.0,4.0,0.0,0
1054,2021,3,Portuguese Grand Prix,841,Antonio,Giovinazzi,51,Alfa Romeo,12.0,12.0,0.0,15.0,0.0,0.0,8.0,0.0,0
1054,2021,3,Portuguese Grand Prix,20,Sebastian,Vettel,117,Aston Martin,10.0,10.0,0.0,17.0,0.0,5.0,6.0,0.0,0
1054,2021,3,Portuguese Grand Prix,840,Lance,Stroll,117,Aston Martin,17.0,17.0,5.0,10.0,0.0,5.0,6.0,0.0,0
1054,2021,3,Portuguese Grand Prix,852,Yuki,Tsunoda,213,AlphaTauri,14.0,14.0,2.0,11.0,0.0,8.0,5.0,0.0,0
1054,2021,3,Portuguese Grand Prix,847,George,Russell,3,Williams,11.0,11.0,0.0,16.0,0.0,0.0,9.0,0.0,0
1054,2021,3,Portuguese Grand Prix,854,Mick,Schumacher,210,Haas F1 Team,19.0,19.0,0.0,18.0,0.0,0.0,10.0,0.0,0
1054,2021,3,Portuguese Grand Prix,849,Nicholas,Latifi,3,Williams,18.0,18.0,0.0,20.0,0.0,0.0,9.0,0.0,0
1054,2021,3,Portuguese Grand Prix,853,Nikita,Mazepin,210,Haas F1 Team,20.0,20.0,0.0,19.0,0.0,0.0,10.0,0.0,0
1054,2021,3,Portuguese Grand Prix,8,Kimi,Räikkönen,51,Alfa Romeo,15.0,15.0,0.0,14.0,0.0,0.0,8.0,0.0,0
1055,2021,4,Spanish Grand Prix,1,Lewis,Hamilton,131,Mercedes,1.0,1.0,69.0,1.0,2.0,101.0,1.0,2.0,1
1055,2021,4,Spanish Grand Prix,830,Max,Verstappen,9,Red Bull,2.0,2.0,61.0,2.0,1.0,83.0,2.0,1.0,1
1055,2021,4,Spanish Grand Prix,822,Valtteri,Bottas,131,Mercedes,3.0,3.0,32.0,4.0,0.0,101.0,1.0,2.0,1
1055,2021,4,Spanish Grand Prix,844,Charles,Leclerc,6,Ferrari,4.0,4.0,28.0,5.0,0.0,42.0,4.0,0.0,0
1055,2021,4,Spanish Grand Prix,815,Sergio,Pérez,9,Red Bull,8.0,8.0,22.0,6.0,0.0,83.0,2.0,1.0,0
1055,2021,4,Spanish Grand Prix,817,Daniel,Ricciardo,1,McLaren,7.0,7.0,16.0,7.0,0.0,53.0,3.0,0.0,0
1055,2021,4,Spanish Grand Prix,832,Carlos,Sainz,6,Ferrari,6.0,6.0,14.0,8.0,0.0,42.0,4.0,0.0,0
1055,2021,4,Spanish Grand Prix,846,Lando,Norris,1,McLaren,9.0,9.0,37.0,3.0,0.0,53.0,3.0,0.0,0
1055,2021,4,Spanish Grand Prix,839,Esteban,Ocon,214,Alpine F1 Team,5.0,5.0,8.0,9.0,0.0,13.0,5.0,0.0,0
1055,2021,4,Spanish Grand Prix,842,Pierre,Gasly,213,AlphaTauri,12.0,12.0,7.0,10.0,0.0,9.0,6.0,0.0,0
1055,2021,4,Spanish Grand Prix,840,Lance,Stroll,117,Aston Martin,11.0,11.0,5.0,11.0,0.0,5.0,7.0,0.0,0
1055,2021,4,Spanish Grand Prix,8,Kimi,Räikkönen,51,Alfa Romeo,17.0,17.0,0.0,14.0,0.0,0.0,8.0,0.0,0
1055,2021,4,Spanish Grand Prix,20,Sebastian,Vettel,117,Aston Martin,13.0,13.0,0.0,16.0,0.0,5.0,7.0,0.0,0
1055,2021,4,Spanish Grand Prix,847,George,Russell,3,Williams,15.0,15.0,0.0,17.0,0.0,0.0,9.0,0.0,0
1055,2021,4,Spanish Grand Prix,841,Antonio,Giovinazzi,51,Alfa Romeo,14.0,14.0,0.0,15.0,0.0,0.0,8.0,0.0,0
1055,2021,4,Spanish Grand Prix,849,Nicholas,Latifi,3,Williams,19.0,19.0,0.0,20.0,0.0,0.0,9.0,0.0,0
1055,2021,4,Spanish Grand Prix,4,Fernando,Alonso,214,Alpine F1 Team,10.0,10.0,5.0,12.0,0.0,13.0,5.0,0.0,0
1055,2021,4,Spanish Grand Prix,854,Mick,Schumacher,210,Haas F1 Team,18.0,18.0,0.0,18.0,0.0,0.0,10.0,0.0,0
1055,2021,4,Spanish Grand Prix,853,Nikita,Mazepin,210,Haas F1 Team,20.0,20.0,0.0,19.0,0.0,0.0,10.0,0.0,0
1055,2021,4,Spanish Grand Prix,852,Yuki,Tsunoda,213,AlphaTauri,16.0,16.0,2.0,13.0,0.0,9.0,6.0,0.0,0
1056,2021,5,Monaco Grand Prix,832,Carlos,Sainz,6,Ferrari,4.0,4.0,20.0,8.0,0.0,60.0,4.0,0.0,1
1056,2021,5,Monaco Grand Prix,830,Max,Verstappen,9,Red Bull,2.0,2.0,80.0,2.0,1.0,112.0,2.0,1.0,1
1056,2021,5,Monaco Grand Prix,846,Lando,Norris,1,McLaren,5.0,5.0,41.0,4.0,0.0,65.0,3.0,0.0,1
1056,2021,5,Monaco Grand Prix,815,Sergio,Pérez,9,Red Bull,9.0,9.0,32.0,6.0,0.0,112.0,2.0,1.0,0
1056,2021,5,Monaco Grand Prix,20,Sebastian,Vettel,117,Aston Martin,8.0,8.0,0.0,16.0,0.0,5.0,7.0,0.0,0
1056,2021,5,Monaco Grand Prix,842,Pierre,Gasly,213,AlphaTauri,6.0,6.0,8.0,10.0,0.0,10.0,6.0,0.0,0
1056,2021,5,Monaco Grand Prix,1,Lewis,Hamilton,131,Mercedes,7.0,7.0,94.0,1.0,3.0,141.0,1.0,3.0,0
1056,2021,5,Monaco Grand Prix,840,Lance,Stroll,117,Aston Martin,13.0,13.0,5.0,11.0,0.0,5.0,7.0,0.0,0
1056,2021,5,Monaco Grand Prix,839,Esteban,Ocon,214,Alpine F1 Team,11.0,11.0,10.0,9.0,0.0,15.0,5.0,0.0,0
1056,2021,5,Monaco Grand Prix,841,Antonio,Giovinazzi,51,Alfa Romeo,10.0,10.0,0.0,15.0,0.0,0.0,8.0,0.0,0
1056,2021,5,Monaco Grand Prix,8,Kimi,Räikkönen,51,Alfa Romeo,14.0,14.0,0.0,14.0,0.0,0.0,8.0,0.0,0
1056,2021,5,Monaco Grand Prix,817,Daniel,Ricciardo,1,McLaren,12.0,12.0,24.0,7.0,0.0,65.0,3.0,0.0,0
1056,2021,5,Monaco Grand Prix,4,Fernando,Alonso,214,Alpine F1 Team,17.0,17.0,5.0,12.0,0.0,15.0,5.0,0.0,0
1056,2021,5,Monaco Grand Prix,847,George,Russell,3,Williams,15.0,15.0,0.0,17.0,0.0,0.0,9.0,0.0,0
1056,2021,5,Monaco Grand Prix,849,Nicholas,Latifi,3,Williams,18.0,18.0,0.0,19.0,0.0,0.0,9.0,0.0,0
1056,2021,5,Monaco Grand Prix,852,Yuki,Tsunoda,213,AlphaTauri,16.0,16.0,2.0,13.0,0.0,10.0,6.0,0.0,0
1056,2021,5,Monaco Grand Prix,853,Nikita,Mazepin,210,Haas F1 Team,19.0,19.0,0.0,20.0,0.0,0.0,10.0,0.0,0
1056,2021,5,Monaco Grand Prix,854,Mick,Schumacher,210,Haas F1 Team,20.0,25.0,0.0,18.0,0.0,0.0,10.0,0.0,0
1056,2021,5,Monaco Grand Prix,822,Valtteri,Bottas,131,Mercedes,3.0,3.0,47.0,3.0,0.0,141.0,1.0,3.0,0
1056,2021,5,Monaco Grand Prix,844,Charles,Leclerc,6,Ferrari,1.0,1.0,40.0,5.0,0.0,60.0,4.0,0.0,0
1057,2021,6,Azerbaijan Grand Prix,815,Sergio,Pérez,9,Red Bull,6.0,7.0,44.0,5.0,0.0,149.0,1.0,2.0,1
1057,2021,6,Azerbaijan Grand Prix,20,Sebastian,Vettel,117,Aston Martin,11.0,11.0,10.0,11.0,0.0,19.0,5.0,0.0,1
1057,2021,6,Azerbaijan Grand Prix,842,Pierre,Gasly,213,AlphaTauri,4.0,4.0,16.0,9.0,0.0,18.0,6.0,0.0,1
1057,2021,6,Azerbaijan Grand Prix,844,Charles,Leclerc,6,Ferrari,1.0,1.0,40.0,6.0,0.0,78.0,4.0,0.0,0
1057,2021,6,Azerbaijan Grand Prix,846,Lando,Norris,1,McLaren,9.0,6.0,56.0,3.0,0.0,80.0,3.0,0.0,0
1057,2021,6,Azerbaijan Grand Prix,4,Fernando,Alonso,214,Alpine F1 Team,8.0,9.0,5.0,13.0,0.0,17.0,7.0,0.0,0
1057,2021,6,Azerbaijan Grand Prix,852,Yuki,Tsunoda,213,AlphaTauri,7.0,8.0,2.0,14.0,0.0,18.0,6.0,0.0,0
1057,2021,6,Azerbaijan Grand Prix,832,Carlos,Sainz,6,Ferrari,5.0,5.0,38.0,7.0,0.0,78.0,4.0,0.0,0
1057,2021,6,Azerbaijan Grand Prix,817,Daniel,Ricciardo,1,McLaren,13.0,13.0,24.0,8.0,0.0,80.0,3.0,0.0,0
1057,2021,6,Azerbaijan Grand Prix,8,Kimi,Räikkönen,51,Alfa Romeo,14.0,14.0,0.0,16.0,0.0,1.0,8.0,0.0,0
1057,2021,6,Azerbaijan Grand Prix,841,Antonio,Giovinazzi,51,Alfa Romeo,20.0,20.0,1.0,15.0,0.0,1.0,8.0,0.0,0
1057,2021,6,Azerbaijan Grand Prix,822,Valtteri,Bottas,131,Mercedes,10.0,10.0,47.0,4.0,0.0,148.0,2.0,3.0,0
1057,2021,6,Azerbaijan Grand Prix,854,Mick,Schumacher,210,Haas F1 Team,17.0,17.0,0.0,19.0,0.0,0.0,10.0,0.0,0
1057,2021,6,Azerbaijan Grand Prix,853,Nikita,Mazepin,210,Haas F1 Team,18.0,18.0,0.0,20.0,0.0,0.0,10.0,0.0,0
1057,2021,6,Azerbaijan Grand Prix,1,Lewis,Hamilton,131,Mercedes,2.0,2.0,101.0,2.0,3.0,148.0,2.0,3.0,0
1057,2021,6,Azerbaijan Grand Prix,849,Nicholas,Latifi,3,Williams,16.0,16.0,0.0,18.0,0.0,0.0,9.0,0.0,0
1057,2021,6,Azerbaijan Grand Prix,847,George,Russell,3,Williams,15.0,15.0,0.0,17.0,0.0,0.0,9.0,0.0,0
1057,2021,6,Azerbaijan Grand Prix,830,Max,Verstappen,9,Red Bull,3.0,3.0,105.0,1.0,2.0,149.0,1.0,2.0,0
1057,2021,6,Azerbaijan Grand Prix,840,Lance,Stroll,117,Aston Martin,19.0,19.0,9.0,12.0,0.0,19.0,5.0,0.0,0
1057,2021,6,Azerbaijan Grand Prix,839,Esteban,Ocon,214,Alpine F1 Team,12.0,12.0,12.0,10.0,0.0,17.0,7.0,0.0,0
1059,2021,7,French Grand Prix,830,Max,Verstappen,9,Red Bull,1.0,1.0,105.0,1.0,2.0,174.0,1.0,3.0,1
1059,2021,7,French Grand Prix,1,Lewis,Hamilton,131,Mercedes,2.0,2.0,101.0,2.0,3.0,148.0,2.0,3.0,1
1059,2021,7,French Grand Prix,815,Sergio,Pérez,9,Red Bull,4.0,4.0,69.0,3.0,1.0,174.0,1.0,3.0,1
1059,2021,7,French Grand Prix,822,Valtteri,Bottas,131,Mercedes,3.0,3.0,47.0,6.0,0.0,148.0,2.0,3.0,0
1059,2021,7,French Grand Prix,846,Lando,Norris,1,McLaren,8.0,8.0,66.0,4.0,0.0,92.0,4.0,0.0,0
1059,2021,7,French Grand Prix,817,Daniel,Ricciardo,1,McLaren,10.0,10.0,26.0,10.0,0.0,92.0,4.0,0.0,0
1059,2021,7,French Grand Prix,842,Pierre,Gasly,213,AlphaTauri,6.0,6.0,31.0,8.0,0.0,39.0,5.0,0.0,0
1059,2021,7,French Grand Prix,4,Fernando,Alonso,214,Alpine F1 Team,9.0,9.0,13.0,11.0,0.0,25.0,7.0,0.0,0
1059,2021,7,French Grand Prix,20,Sebastian,Vettel,117,Aston Martin,12.0,12.0,28.0,9.0,0.0,37.0,6.0,0.0,0
1059,2021,7,French Grand Prix,840,Lance,Stroll,117,Aston Martin,19.0,19.0,9.0,13.0,0.0,37.0,6.0,0.0,0
1059,2021,7,French Grand Prix,832,Carlos,Sainz,6,Ferrari,5.0,5.0,42.0,7.0,0.0,94.0,3.0,0.0,0
1059,2021,7,French Grand Prix,847,George,Russell,3,Williams,14.0,14.0,0.0,18.0,0.0,0.0,10.0,0.0,0
1059,2021,7,French Grand Prix,852,Yuki,Tsunoda,213,AlphaTauri,0.0,20.0,8.0,14.0,0.0,39.0,5.0,0.0,0
1059,2021,7,French Grand Prix,839,Esteban,Ocon,214,Alpine F1 Team,11.0,11.0,12.0,12.0,0.0,25.0,7.0,0.0,0
1059,2021,7,French Grand Prix,841,Antonio,Giovinazzi,51,Alfa Romeo,13.0,13.0,1.0,16.0,0.0,2.0,8.0,0.0,0
1059,2021,7,French Grand Prix,844,Charles,Leclerc,6,Ferrari,7.0,7.0,52.0,5.0,0.0,94.0,3.0,0.0,0
1059,2021,7,French Grand Prix,8,Kimi,Räikkönen,51,Alfa Romeo,17.0,17.0,1.0,15.0,0.0,2.0,8.0,0.0,0
1059,2021,7,French Grand Prix,849,Nicholas,Latifi,3,Williams,16.0,16.0,0.0,20.0,0.0,0.0,10.0,0.0,0
1059,2021,7,French Grand Prix,854,Mick,Schumacher,210,Haas F1 Team,15.0,15.0,0.0,17.0,0.0,0.0,9.0,0.0,0
1059,2021,7,French Grand Prix,853,Nikita,Mazepin,210,Haas F1 Team,18.0,18.0,0.0,19.0,0.0,0.0,9.0,0.0,0
1058,2021,8,Styrian Grand Prix,830,Max,Verstappen,9,Red Bull,1.0,1.0,131.0,1.0,3.0,215.0,1.0,4.0,1
1058,2021,8,Styrian Grand Prix,1,Lewis,Hamilton,131,Mercedes,2.0,3.0,119.0,2.0,3.0,178.0,2.0,3.0,1
1058,2021,8,Styrian Grand Prix,822,Valtteri,Bottas,131,Mercedes,5.0,2.0,59.0,5.0,0.0,178.0,2.0,3.0,1
1058,2021,8,Styrian Grand Prix,815,Sergio,Pérez,9,Red Bull,4.0,5.0,84.0,3.0,1.0,215.0,1.0,4.0,0
1058,2021,8,Styrian Grand Prix,846,Lando,Norris,1,McLaren,3.0,4.0,76.0,4.0,0.0,110.0,3.0,0.0,0
1058,2021,8,Styrian Grand Prix,832,Carlos,Sainz,6,Ferrari,12.0,12.0,42.0,7.0,0.0,94.0,4.0,0.0,0
1058,2021,8,Styrian Grand Prix,844,Charles,Leclerc,6,Ferrari,7.0,7.0,52.0,6.0,0.0,94.0,4.0,0.0,0
1058,2021,8,Styrian Grand Prix,840,Lance,Stroll,117,Aston Martin,9.0,10.0,10.0,13.0,0.0,40.0,6.0,0.0,0
1058,2021,8,Styrian Grand Prix,4,Fernando,Alonso,214,Alpine F1 Team,8.0,9.0,17.0,11.0,0.0,29.0,7.0,0.0,0
1058,2021,8,Styrian Grand Prix,852,Yuki,Tsunoda,213,AlphaTauri,11.0,8.0,8.0,14.0,0.0,45.0,5.0,0.0,0
1058,2021,8,Styrian Grand Prix,8,Kimi,Räikkönen,51,Alfa Romeo,18.0,18.0,1.0,15.0,0.0,2.0,8.0,0.0,0
1058,2021,8,Styrian Grand Prix,20,Sebastian,Vettel,117,Aston Martin,14.0,14.0,30.0,10.0,0.0,40.0,6.0,0.0,0
1058,2021,8,Styrian Grand Prix,817,Daniel,Ricciardo,1,McLaren,13.0,13.0,34.0,9.0,0.0,110.0,3.0,0.0,0
1058,2021,8,Styrian Grand Prix,839,Esteban,Ocon,214,Alpine F1 Team,17.0,17.0,12.0,12.0,0.0,29.0,7.0,0.0,0
1058,2021,8,Styrian Grand Prix,841,Antonio,Giovinazzi,51,Alfa Romeo,15.0,15.0,1.0,16.0,0.0,2.0,8.0,0.0,0
1058,2021,8,Styrian Grand Prix,854,Mick,Schumacher,210,Haas F1 Team,19.0,19.0,0.0,18.0,0.0,0.0,10.0,0.0,0
1058,2021,8,Styrian Grand Prix,849,Nicholas,Latifi,3,Williams,16.0,16.0,0.0,20.0,0.0,0.0,9.0,0.0,0
1058,2021,8,Styrian Grand Prix,853,Nikita,Mazepin,210,Haas F1 Team,20.0,20.0,0.0,19.0,0.0,0.0,10.0,0.0,0
1058,2021,8,Styrian Grand Prix,847,George,Russell,3,Williams,10.0,11.0,0.0,17.0,0.0,0.0,9.0,0.0,0
1058,2021,8,Styrian Grand Prix,842,Pierre,Gasly,213,AlphaTauri,6.0,6.0,37.0,8.0,0.0,45.0,5.0,0.0,0
1060,2021,9,Austrian Grand Prix,830,Max,Verstappen,9,Red Bull,1.0,1.0,156.0,1.0,4.0,252.0,1.0,5.0,1
1060,2021,9,Austrian Grand Prix,822,Valtteri,Bottas,131,Mercedes,5.0,5.0,74.0,5.0,0.0,212.0,2.0,3.0,1
1060,2021,9,Austrian Grand Prix,846,Lando,Norris,1,McLaren,2.0,2.0,86.0,4.0,0.0,120.0,3.0,0.0,1
1060,2021,9,Austrian Grand Prix,1,Lewis,Hamilton,131,Mercedes,4.0,4.0,138.0,2.0,3.0,212.0,2.0,3.0,0
1060,2021,9,Austrian Grand Prix,832,Carlos,Sainz,6,Ferrari,10.0,11.0,50.0,7.0,0.0,108.0,4.0,0.0,0
1060,2021,9,Austrian Grand Prix,815,Sergio,Pérez,9,Red Bull,3.0,3.0,96.0,3.0,1.0,252.0,1.0,5.0,0
1060,2021,9,Austrian Grand Prix,817,Daniel,Ricciardo,1,McLaren,13.0,13.0,34.0,9.0,0.0,120.0,3.0,0.0,0
1060,2021,9,Austrian Grand Prix,844,Charles,Leclerc,6,Ferrari,12.0,12.0,58.0,6.0,0.0,108.0,4.0,0.0,0
1060,2021,9,Austrian Grand Prix,842,Pierre,Gasly,213,AlphaTauri,6.0,6.0,37.0,8.0,0.0,46.0,5.0,0.0,0
1060,2021,9,Austrian Grand Prix,4,Fernando,Alonso,214,Alpine F1 Team,14.0,14.0,19.0,11.0,0.0,31.0,7.0,0.0,0
1060,2021,9,Austrian Grand Prix,847,George,Russell,3,Williams,8.0,9.0,0.0,17.0,0.0,0.0,9.0,0.0,0
1060,2021,9,Austrian Grand Prix,852,Yuki,Tsunoda,213,AlphaTauri,7.0,7.0,9.0,14.0,0.0,46.0,5.0,0.0,0
1060,2021,9,Austrian Grand Prix,840,Lance,Stroll,117,Aston Martin,9.0,10.0,14.0,12.0,0.0,44.0,6.0,0.0,0
1060,2021,9,Austrian Grand Prix,841,Antonio,Giovinazzi,51,Alfa Romeo,15.0,15.0,1.0,16.0,0.0,2.0,8.0,0.0,0
1060,2021,9,Austrian Grand Prix,8,Kimi,Räikkönen,51,Alfa Romeo,16.0,16.0,1.0,15.0,0.0,2.0,8.0,0.0,0
1060,2021,9,Austrian Grand Prix,849,Nicholas,Latifi,3,Williams,18.0,18.0,0.0,20.0,0.0,0.0,9.0,0.0,0
1060,2021,9,Austrian Grand Prix,20,Sebastian,Vettel,117,Aston Martin,11.0,8.0,30.0,10.0,0.0,44.0,6.0,0.0,0
1060,2021,9,Austrian Grand Prix,854,Mick,Schumacher,210,Haas F1 Team,19.0,19.0,0.0,18.0,0.0,0.0,10.0,0.0,0
1060,2021,9,Austrian Grand Prix,853,Nikita,Mazepin,210,Haas F1 Team,20.0,20.0,0.0,19.0,0.0,0.0,10.0,0.0,0
1060,2021,9,Austrian Grand Prix,839,Esteban,Ocon,214,Alpine F1 Team,17.0,17.0,12.0,13.0,0.0,31.0,7.0,0.0,0
1061,2021,10,British Grand Prix,1,Lewis,Hamilton,131,Mercedes,2.0,1.0,150.0,2.0,3.0,242.0,2.0,3.0,1
1061,2021,10,British Grand Prix,844,Charles,Leclerc,6,Ferrari,4.0,4.0,62.0,6.0,0.0,122.0,4.0,0.0,1
1061,2021,10,British Grand Prix,822,Valtteri,Bottas,131,Mercedes,3.0,3.0,92.0,5.0,0.0,242.0,2.0,3.0,1
1061,2021,10,British Grand Prix,846,Lando,Norris,1,McLaren,5.0,6.0,101.0,4.0,0.0,141.0,3.0,0.0,0
1061,2021,10,British Grand Prix,817,Daniel,Ricciardo,1,McLaren,6.0,7.0,40.0,8.0,0.0,141.0,3.0,0.0,0
1061,2021,10,British Grand Prix,832,Carlos,Sainz,6,Ferrari,10.0,9.0,60.0,7.0,0.0,122.0,4.0,0.0,0
1061,2021,10,British Grand Prix,4,Fernando,Alonso,214,Alpine F1 Team,7.0,11.0,20.0,11.0,0.0,32.0,7.0,0.0,0
1061,2021,10,British Grand Prix,840,Lance,Stroll,117,Aston Martin,14.0,15.0,14.0,12.0,0.0,44.0,6.0,0.0,0
1061,2021,10,British Grand Prix,839,Esteban,Ocon,214,Alpine F1 Team,9.0,13.0,12.0,13.0,0.0,32.0,7.0,0.0,0
1061,2021,10,British Grand Prix,852,Yuki,Tsunoda,213,AlphaTauri,16.0,16.0,9.0,14.0,0.0,48.0,5.0,0.0,0
1061,2021,10,British Grand Prix,842,Pierre,Gasly,213,AlphaTauri,11.0,12.0,39.0,9.0,0.0,48.0,5.0,0.0,0
1061,2021,10,British Grand Prix,847,George,Russell,3,Williams,12.0,8.0,0.0,17.0,0.0,0.0,9.0,0.0,0
1061,2021,10,British Grand Prix,841,Antonio,Giovinazzi,51,Alfa Romeo,15.0,14.0,1.0,16.0,0.0,2.0,8.0,0.0,0
1061,2021,10,British Grand Prix,849,Nicholas,Latifi,3,Williams,17.0,18.0,0.0,20.0,0.0,0.0,9.0,0.0,0
1061,2021,10,British Grand Prix,8,Kimi,Räikkönen,51,Alfa Romeo,13.0,17.0,1.0,15.0,0.0,2.0,8.0,0.0,0
1061,2021,10,British Grand Prix,815,Sergio,Pérez,9,Red Bull,0.0,5.0,104.0,3.0,1.0,286.0,1.0,6.0,0
1061,2021,10,British Grand Prix,853,Nikita,Mazepin,210,Haas F1 Team,19.0,20.0,0.0,19.0,0.0,0.0,10.0,0.0,0
1061,2021,10,British Grand Prix,854,Mick,Schumacher,210,Haas F1 Team,18.0,19.0,0.0,18.0,0.0,0.0,10.0,0.0,0
1061,2021,10,British Grand Prix,20,Sebastian,Vettel,117,Aston Martin,8.0,10.0,30.0,10.0,0.0,44.0,6.0,0.0,0
1061,2021,10,British Grand Prix,830,Max,Verstappen,9,Red Bull,1.0,2.0,182.0,1.0,5.0,286.0,1.0,6.0,0
1062,2021,11,Hungarian Grand Prix,839,Esteban,Ocon,214,Alpine F1 Team,8.0,8.0,14.0,13.0,0.0,40.0,7.0,0.0,1
1062,2021,11,Hungarian Grand Prix,1,Lewis,Hamilton,131,Mercedes,1.0,1.0,177.0,2.0,4.0,285.0,2.0,4.0,1
1062,2021,11,Hungarian Grand Prix,832,Carlos,Sainz,6,Ferrari,15.0,15.0,68.0,7.0,0.0,148.0,4.0,0.0,1
1062,2021,11,Hungarian Grand Prix,4,Fernando,Alonso,214,Alpine F1 Team,9.0,9.0,26.0,11.0,0.0,40.0,7.0,0.0,0
1062,2021,11,Hungarian Grand Prix,842,Pierre,Gasly,213,AlphaTauri,5.0,5.0,39.0,9.0,0.0,49.0,5.0,0.0,0
1062,2021,11,Hungarian Grand Prix,852,Yuki,Tsunoda,213,AlphaTauri,16.0,16.0,10.0,14.0,0.0,49.0,5.0,0.0,0
1062,2021,11,Hungarian Grand Prix,849,Nicholas,Latifi,3,Williams,18.0,18.0,0.0,19.0,0.0,0.0,9.0,0.0,0
1062,2021,11,Hungarian Grand Prix,847,George,Russell,3,Williams,17.0,17.0,0.0,17.0,0.0,0.0,9.0,0.0,0
1062,2021,11,Hungarian Grand Prix,830,Max,Verstappen,9,Red Bull,3.0,3.0,185.0,1.0,5.0,289.0,1.0,6.0,0
1062,2021,11,Hungarian Grand Prix,8,Kimi,Räikkönen,51,Alfa Romeo,13.0,13.0,1.0,15.0,0.0,2.0,8.0,0.0,0
1062,2021,11,Hungarian Grand Prix,817,Daniel,Ricciardo,1,McLaren,11.0,11.0,50.0,8.0,0.0,163.0,3.0,0.0,0
1062,2021,11,Hungarian Grand Prix,854,Mick,Schumacher,210,Haas F1 Team,20.0,20.0,0.0,18.0,0.0,0.0,10.0,0.0,0
1062,2021,11,Hungarian Grand Prix,841,Antonio,Giovinazzi,51,Alfa Romeo,0.0,14.0,1.0,16.0,0.0,2.0,8.0,0.0,0
1062,2021,11,Hungarian Grand Prix,853,Nikita,Mazepin,210,Haas F1 Team,19.0,19.0,0.0,20.0,0.0,0.0,10.0,0.0,0
1062,2021,11,Hungarian Grand Prix,846,Lando,Norris,1,McLaren,6.0,6.0,113.0,3.0,0.0,163.0,3.0,0.0,0
1062,2021,11,Hungarian Grand Prix,822,Valtteri,Bottas,131,Mercedes,2.0,2.0,108.0,4.0,0.0,285.0,2.0,4.0,0
1062,2021,11,Hungarian Grand Prix,815,Sergio,Pérez,9,Red Bull,4.0,4.0,104.0,5.0,1.0,289.0,1.0,6.0,0
1062,2021,11,Hungarian Grand Prix,844,Charles,Leclerc,6,Ferrari,7.0,7.0,80.0,6.0,0.0,148.0,4.0,0.0,0
1062,2021,11,Hungarian Grand Prix,840,Lance,Stroll,117,Aston Martin,12.0,12.0,18.0,12.0,0.0,48.0,6.0,0.0,0
1062,2021,11,Hungarian Grand Prix,20,Sebastian,Vettel,117,Aston Martin,10.0,10.0,30.0,10.0,0.0,48.0,6.0,0.0,0
1063,2021,12,Belgian Grand Prix,830,Max,Verstappen,9,Red Bull,1.0,1.0,187.0,2.0,5.0,291.0,2.0,6.0,1
1063,2021,12,Belgian Grand Prix,847,George,Russell,3,Williams,2.0,2.0,4.0,16.0,0.0,10.0,8.0,0.0,1
1063,2021,12,Belgian Grand Prix,1,Lewis,Hamilton,131,Mercedes,3.0,3.0,195.0,1.0,4.0,303.0,1.0,4.0,1
1063,2021,12,Belgian Grand Prix,817,Daniel,Ricciardo,1,McLaren,4.0,4.0,50.0,9.0,0.0,163.0,4.0,0.0,0
1063,2021,12,Belgian Grand Prix,20,Sebastian,Vettel,117,Aston Martin,5.0,5.0,30.0,12.0,0.0,48.0,7.0,0.0,0
1063,2021,12,Belgian Grand Prix,842,Pierre,Gasly,213,AlphaTauri,6.0,6.0,50.0,8.0,0.0,68.0,6.0,0.0,0
1063,2021,12,Belgian Grand Prix,839,Esteban,Ocon,214,Alpine F1 Team,8.0,9.0,39.0,10.0,1.0,77.0,5.0,1.0,0
1063,2021,12,Belgian Grand Prix,844,Charles,Leclerc,6,Ferrari,9.0,11.0,80.0,7.0,0.0,163.0,3.0,0.0,0
1063,2021,12,Belgian Grand Prix,849,Nicholas,Latifi,3,Williams,10.0,12.0,6.0,15.0,0.0,10.0,8.0,0.0,0
1063,2021,12,Belgian Grand Prix,832,Carlos,Sainz,6,Ferrari,11.0,13.0,83.0,6.0,0.0,163.0,3.0,0.0,0
1063,2021,12,Belgian Grand Prix,4,Fernando,Alonso,214,Alpine F1 Team,12.0,14.0,38.0,11.0,0.0,77.0,5.0,1.0,0
1063,2021,12,Belgian Grand Prix,822,Valtteri,Bottas,131,Mercedes,13.0,8.0,108.0,4.0,0.0,303.0,1.0,4.0,0
1063,2021,12,Belgian Grand Prix,841,Antonio,Giovinazzi,51,Alfa Romeo,14.0,16.0,1.0,18.0,0.0,3.0,9.0,0.0,0
1063,2021,12,Belgian Grand Prix,846,Lando,Norris,1,McLaren,15.0,10.0,113.0,3.0,0.0,163.0,4.0,0.0,0
1063,2021,12,Belgian Grand Prix,852,Yuki,Tsunoda,213,AlphaTauri,16.0,17.0,18.0,13.0,0.0,68.0,6.0,0.0,0
1063,2021,12,Belgian Grand Prix,854,Mick,Schumacher,210,Haas F1 Team,17.0,18.0,0.0,19.0,0.0,0.0,10.0,0.0,0
1063,2021,12,Belgian Grand Prix,853,Nikita,Mazepin,210,Haas F1 Team,18.0,20.0,0.0,20.0,0.0,0.0,10.0,0.0,0
1063,2021,12,Belgian Grand Prix,8,Kimi,Räikkönen,51,Alfa Romeo,0.0,19.0,2.0,17.0,0.0,3.0,9.0,0.0,0
1063,2021,12,Belgian Grand Prix,815,Sergio,Pérez,9,Red Bull,0.0,7.0,104.0,5.0,1.0,291.0,2.0,6.0,0
1063,2021,12,Belgian Grand Prix,840,Lance,Stroll,117,Aston Martin,19.0,15.0,18.0,14.0,0.0,48.0,7.0,0.0,0
1064,2021,13,Dutch Grand Prix,830,Max,Verstappen,9,Red Bull,1.0,1.0,199.5,2.0,6.0,303.5,2.0,7.0,1
1064,2021,13,Dutch Grand Prix,1,Lewis,Hamilton,131,Mercedes,2.0,2.0,202.5,1.0,4.0,310.5,1.0,4.0,1
1064,2021,13,Dutch Grand Prix,822,Valtteri,Bottas,131,Mercedes,3.0,3.0,108.0,4.0,0.0,310.5,1.0,4.0,1
1064,2021,13,Dutch Grand Prix,842,Pierre,Gasly,213,AlphaTauri,4.0,4.0,54.0,9.0,0.0,72.0,6.0,0.0,0
1064,2021,13,Dutch Grand Prix,844,Charles,Leclerc,6,Ferrari,5.0,5.0,82.0,7.0,0.0,165.5,4.0,0.0,0
1064,2021,13,Dutch Grand Prix,4,Fernando,Alonso,214,Alpine F1 Team,9.0,9.0,38.0,11.0,0.0,80.0,5.0,1.0,0
1064,2021,13,Dutch Grand Prix,832,Carlos,Sainz,6,Ferrari,6.0,6.0,83.5,6.0,0.0,165.5,4.0,0.0,0
1064,2021,13,Dutch Grand Prix,815,Sergio,Pérez,9,Red Bull,0.0,16.0,104.0,5.0,1.0,303.5,2.0,7.0,0
1064,2021,13,Dutch Grand Prix,839,Esteban,Ocon,214,Alpine F1 Team,8.0,8.0,42.0,10.0,1.0,80.0,5.0,1.0,0
1064,2021,13,Dutch Grand Prix,846,Lando,Norris,1,McLaren,13.0,13.0,113.0,3.0,0.0,169.0,3.0,0.0,0
1064,2021,13,Dutch Grand Prix,817,Daniel,Ricciardo,1,McLaren,10.0,10.0,56.0,8.0,0.0,169.0,3.0,0.0,0
1064,2021,13,Dutch Grand Prix,840,Lance,Stroll,117,Aston Martin,12.0,12.0,18.0,14.0,0.0,53.0,7.0,0.0,0
1064,2021,13,Dutch Grand Prix,20,Sebastian,Vettel,117,Aston Martin,15.0,17.0,35.0,12.0,0.0,53.0,7.0,0.0,0
1064,2021,13,Dutch Grand Prix,841,Antonio,Giovinazzi,51,Alfa Romeo,7.0,7.0,1.0,18.0,0.0,3.0,9.0,0.0,0
1064,2021,13,Dutch Grand Prix,9,Robert,Kubica,51,Alfa Romeo,16.0,18.0,1.0,19.0,0.0,3.0,9.0,0.0,0
1064,2021,13,Dutch Grand Prix,849,Nicholas,Latifi,3,Williams,0.0,14.0,7.0,16.0,0.0,20.0,8.0,0.0,0
1064,2021,13,Dutch Grand Prix,847,George,Russell,3,Williams,11.0,11.0,13.0,15.0,0.0,20.0,8.0,0.0,0
1064,2021,13,Dutch Grand Prix,854,Mick,Schumacher,210,Haas F1 Team,17.0,19.0,0.0,19.0,0.0,0.0,10.0,0.0,0
1064,2021,13,Dutch Grand Prix,852,Yuki,Tsunoda,213,AlphaTauri,14.0,15.0,18.0,13.0,0.0,72.0,6.0,0.0,0
1064,2021,13,Dutch Grand Prix,853,Nikita,Mazepin,210,Haas F1 Team,18.0,20.0,0.0,20.0,0.0,0.0,10.0,0.0,0
1065,2021,14,Italian Grand Prix,817,Daniel,Ricciardo,1,McLaren,2.0,5.0,56.0,9.0,0.0,170.0,4.0,0.0,1
1065,2021,14,Italian Grand Prix,846,Lando,Norris,1,McLaren,3.0,4.0,114.0,4.0,0.0,170.0,4.0,0.0,1
1065,2021,14,Italian Grand Prix,822,Valtteri,Bottas,131,Mercedes,19.0,1.0,123.0,3.0,0.0,344.5,1.0,4.0,1
1065,2021,14,Italian Grand Prix,844,Charles,Leclerc,6,Ferrari,5.0,8.0,92.0,6.0,0.0,181.5,3.0,0.0,0
1065,2021,14,Italian Grand Prix,815,Sergio,Pérez,9,Red Bull,8.0,9.0,108.0,5.0,1.0,332.5,2.0,8.0,0
1065,2021,14,Italian Grand Prix,832,Carlos,Sainz,6,Ferrari,6.0,7.0,89.5,7.0,0.0,181.5,3.0,0.0,0
1065,2021,14,Italian Grand Prix,840,Lance,Stroll,117,Aston Martin,9.0,12.0,18.0,14.0,0.0,53.0,7.0,0.0,0
1065,2021,14,Italian Grand Prix,4,Fernando,Alonso,214,Alpine F1 Team,10.0,13.0,46.0,10.0,0.0,90.0,5.0,1.0,0
1065,2021,14,Italian Grand Prix,847,George,Russell,3,Williams,14.0,15.0,13.0,15.0,0.0,20.0,8.0,0.0,0
1065,2021,14,Italian Grand Prix,839,Esteban,Ocon,214,Alpine F1 Team,12.0,14.0,44.0,11.0,1.0,90.0,5.0,1.0,0
1065,2021,14,Italian Grand Prix,849,Nicholas,Latifi,3,Williams,13.0,16.0,7.0,16.0,0.0,20.0,8.0,0.0,0
1065,2021,14,Italian Grand Prix,20,Sebastian,Vettel,117,Aston Martin,11.0,11.0,35.0,12.0,0.0,53.0,7.0,0.0,0
1065,2021,14,Italian Grand Prix,841,Antonio,Giovinazzi,51,Alfa Romeo,7.0,10.0,1.0,18.0,0.0,3.0,9.0,0.0,0
1065,2021,14,Italian Grand Prix,9,Robert,Kubica,51,Alfa Romeo,17.0,19.0,0.0,21.0,0.0,3.0,9.0,0.0,0
1065,2021,14,Italian Grand Prix,854,Mick,Schumacher,210,Haas F1 Team,18.0,18.0,0.0,19.0,0.0,0.0,10.0,0.0,0
1065,2021,14,Italian Grand Prix,853,Nikita,Mazepin,210,Haas F1 Team,16.0,20.0,0.0,20.0,0.0,0.0,10.0,0.0,0
1065,2021,14,Italian Grand Prix,1,Lewis,Hamilton,131,Mercedes,4.0,2.0,221.5,2.0,4.0,344.5,1.0,4.0,0
1065,2021,14,Italian Grand Prix,830,Max,Verstappen,9,Red Bull,1.0,3.0,224.5,1.0,7.0,332.5,2.0,8.0,0
1065,2021,14,Italian Grand Prix,842,Pierre,Gasly,213,AlphaTauri,0.0,6.0,66.0,8.0,0.0,84.0,6.0,0.0,0
1065,2021,14,Italian Grand Prix,852,Yuki,Tsunoda,213,AlphaTauri,0.0,17.0,18.0,13.0,0.0,84.0,6.0,0.0,0
1066,2021,15,Russian Grand Prix,1,Lewis,Hamilton,131,Mercedes,4.0,4.0,221.5,2.0,4.0,362.5,1.0,4.0,1
1066,2021,15,Russian Grand Prix,830,Max,Verstappen,9,Red Bull,20.0,20.0,226.5,1.0,7.0,344.5,2.0,8.0,1
1066,2021,15,Russian Grand Prix,832,Carlos,Sainz,6,Ferrari,2.0,2.0,97.5,7.0,0.0,201.5,4.0,0.0,1
1066,2021,15,Russian Grand Prix,817,Daniel,Ricciardo,1,McLaren,5.0,5.0,83.0,8.0,1.0,215.0,3.0,1.0,0
1066,2021,15,Russian Grand Prix,822,Valtteri,Bottas,131,Mercedes,16.0,7.0,141.0,3.0,0.0,362.5,1.0,4.0,0
1066,2021,15,Russian Grand Prix,4,Fernando,Alonso,214,Alpine F1 Team,6.0,6.0,50.0,10.0,0.0,95.0,5.0,1.0,0
1066,2021,15,Russian Grand Prix,846,Lando,Norris,1,McLaren,1.0,1.0,132.0,4.0,0.0,215.0,3.0,1.0,0
1066,2021,15,Russian Grand Prix,8,Kimi,Räikkönen,51,Alfa Romeo,13.0,16.0,2.0,17.0,0.0,3.0,9.0,0.0,0
1066,2021,15,Russian Grand Prix,815,Sergio,Pérez,9,Red Bull,8.0,9.0,118.0,5.0,1.0,344.5,2.0,8.0,0
1066,2021,15,Russian Grand Prix,847,George,Russell,3,Williams,3.0,3.0,15.0,15.0,0.0,22.0,8.0,0.0,0
1066,2021,15,Russian Grand Prix,840,Lance,Stroll,117,Aston Martin,7.0,8.0,24.0,13.0,0.0,59.0,7.0,0.0,0
1066,2021,15,Russian Grand Prix,20,Sebastian,Vettel,117,Aston Martin,10.0,11.0,35.0,12.0,0.0,59.0,7.0,0.0,0
1066,2021,15,Russian Grand Prix,842,Pierre,Gasly,213,AlphaTauri,11.0,12.0,66.0,9.0,0.0,84.0,6.0,0.0,0
1066,2021,15,Russian Grand Prix,839,Esteban,Ocon,214,Alpine F1 Team,9.0,10.0,45.0,11.0,1.0,95.0,5.0,1.0,0
1066,2021,15,Russian Grand Prix,844,Charles,Leclerc,6,Ferrari,19.0,15.0,104.0,6.0,0.0,201.5,4.0,0.0,0
1066,2021,15,Russian Grand Prix,841,Antonio,Giovinazzi,51,Alfa Romeo,17.0,18.0,1.0,18.0,0.0,3.0,9.0,0.0,0
1066,2021,15,Russian Grand Prix,852,Yuki,Tsunoda,213,AlphaTauri,12.0,13.0,18.0,14.0,0.0,84.0,6.0,0.0,0
1066,2021,15,Russian Grand Prix,853,Nikita,Mazepin,210,Haas F1 Team,15.0,19.0,0.0,21.0,0.0,0.0,10.0,0.0,0
1066,2021,15,Russian Grand Prix,849,Nicholas,Latifi,3,Williams,18.0,14.0,7.0,16.0,0.0,22.0,8.0,0.0,0
1066,2021,15,Russian Grand Prix,854,Mick,Schumacher,210,Haas F1 Team,14.0,17.0,0.0,19.0,0.0,0.0,10.0,0.0,0
1067,2021,16,Turkish Grand Prix,822,Valtteri,Bottas,131,Mercedes,1.0,2.0,151.0,3.0,0.0,397.5,1.0,5.0,1
1067,2021,16,Turkish Grand Prix,830,Max,Verstappen,9,Red Bull,2.0,3.0,244.5,2.0,7.0,364.5,2.0,8.0,1
1067,2021,16,Turkish Grand Prix,815,Sergio,Pérez,9,Red Bull,6.0,7.0,120.0,5.0,1.0,364.5,2.0,8.0,1
1067,2021,16,Turkish Grand Prix,844,Charles,Leclerc,6,Ferrari,3.0,4.0,104.0,7.0,0.0,216.5,4.0,0.0,0
1067,2021,16,Turkish Grand Prix,1,Lewis,Hamilton,131,Mercedes,11.0,1.0,246.5,1.0,5.0,397.5,1.0,5.0,0
1067,2021,16,Turkish Grand Prix,842,Pierre,Gasly,213,AlphaTauri,4.0,5.0,66.0,9.0,0.0,84.0,6.0,0.0,0
1067,2021,16,Turkish Grand Prix,846,Lando,Norris,1,McLaren,7.0,8.0,139.0,4.0,0.0,234.0,3.0,1.0,0
1067,2021,16,Turkish Grand Prix,832,Carlos,Sainz,6,Ferrari,19.0,15.0,112.5,6.0,0.0,216.5,4.0,0.0,0
1067,2021,16,Turkish Grand Prix,840,Lance,Stroll,117,Aston Martin,8.0,9.0,24.0,13.0,0.0,59.0,7.0,0.0,0
1067,2021,16,Turkish Grand Prix,839,Esteban,Ocon,214,Alpine F1 Team,12.0,12.0,45.0,11.0,1.0,103.0,5.0,1.0,0
1067,2021,16,Turkish Grand Prix,841,Antonio,Giovinazzi,51,Alfa Romeo,16.0,18.0,1.0,18.0,0.0,7.0,9.0,0.0,0
1067,2021,16,Turkish Grand Prix,8,Kimi,Räikkönen,51,Alfa Romeo,17.0,19.0,6.0,17.0,0.0,7.0,9.0,0.0,0
1067,2021,16,Turkish Grand Prix,817,Daniel,Ricciardo,1,McLaren,20.0,16.0,95.0,8.0,1.0,234.0,3.0,1.0,0
1067,2021,16,Turkish Grand Prix,852,Yuki,Tsunoda,213,AlphaTauri,9.0,10.0,18.0,14.0,0.0,84.0,6.0,0.0,0
1067,2021,16,Turkish Grand Prix,847,George,Russell,3,Williams,13.0,13.0,16.0,15.0,0.0,23.0,8.0,0.0,0
1067,2021,16,Turkish Grand Prix,4,Fernando,Alonso,214,Alpine F1 Team,5.0,6.0,58.0,10.0,0.0,103.0,5.0,1.0,0
1067,2021,16,Turkish Grand Prix,849,Nicholas,Latifi,3,Williams,15.0,17.0,7.0,16.0,0.0,23.0,8.0,0.0,0
1067,2021,16,Turkish Grand Prix,20,Sebastian,Vettel,117,Aston Martin,10.0,11.0,35.0,12.0,0.0,59.0,7.0,0.0,0
1067,2021,16,Turkish Grand Prix,854,Mick,Schumacher,210,Haas F1 Team,14.0,14.0,0.0,19.0,0.0,0.0,10.0,0.0,0
1067,2021,16,Turkish Grand Prix,853,Nikita,Mazepin,210,Haas F1 Team,18.0,20.0,0.0,21.0,0.0,0.0,10.0,0.0,0
1069,2021,17,United States Grand Prix,830,Max,Verstappen,9,Red Bull,1.0,1.0,262.5,1.0,7.0,397.5,2.0,8.0,1
1069,2021,17,United States Grand Prix,1,Lewis,Hamilton,131,Mercedes,2.0,2.0,256.5,2.0,5.0,433.5,1.0,6.0,1
1069,2021,17,United States Grand Prix,815,Sergio,Pérez,9,Red Bull,3.0,3.0,135.0,5.0,1.0,397.5,2.0,8.0,1
1069,2021,17,United States Grand Prix,844,Charles,Leclerc,6,Ferrari,4.0,5.0,116.0,7.0,0.0,232.5,4.0,0.0,0
1069,2021,17,United States Grand Prix,817,Daniel,Ricciardo,1,McLaren,6.0,7.0,95.0,8.0,1.0,240.0,3.0,1.0,0
1069,2021,17,United States Grand Prix,822,Valtteri,Bottas,131,Mercedes,9.0,4.0,177.0,3.0,1.0,433.5,1.0,6.0,0
1069,2021,17,United States Grand Prix,832,Carlos,Sainz,6,Ferrari,5.0,6.0,116.5,6.0,0.0,232.5,4.0,0.0,0
1069,2021,17,United States Grand Prix,846,Lando,Norris,1,McLaren,7.0,8.0,145.0,4.0,0.0,240.0,3.0,1.0,0
1069,2021,17,United States Grand Prix,852,Yuki,Tsunoda,213,AlphaTauri,10.0,10.0,18.0,14.0,0.0,92.0,6.0,0.0,0
1069,2021,17,United States Grand Prix,20,Sebastian,Vettel,117,Aston Martin,18.0,12.0,35.0,12.0,0.0,61.0,7.0,0.0,0
1069,2021,17,United States Grand Prix,841,Antonio,Giovinazzi,51,Alfa Romeo,12.0,13.0,1.0,18.0,0.0,7.0,9.0,0.0,0
1069,2021,17,United States Grand Prix,840,Lance,Stroll,117,Aston Martin,13.0,16.0,26.0,13.0,0.0,61.0,7.0,0.0,0
1069,2021,17,United States Grand Prix,8,Kimi,Räikkönen,51,Alfa Romeo,15.0,18.0,6.0,17.0,0.0,7.0,9.0,0.0,0
1069,2021,17,United States Grand Prix,847,George,Russell,3,Williams,20.0,15.0,16.0,15.0,0.0,23.0,8.0,0.0,0
1069,2021,17,United States Grand Prix,849,Nicholas,Latifi,3,Williams,14.0,17.0,7.0,16.0,0.0,23.0,8.0,0.0,0
1069,2021,17,United States Grand Prix,854,Mick,Schumacher,210,Haas F1 Team,16.0,19.0,0.0,19.0,0.0,0.0,10.0,0.0,0
1069,2021,17,United States Grand Prix,853,Nikita,Mazepin,210,Haas F1 Team,17.0,20.0,0.0,21.0,0.0,0.0,10.0,0.0,0
1069,2021,17,United States Grand Prix,4,Fernando,Alonso,214,Alpine F1 Team,19.0,14.0,58.0,10.0,0.0,104.0,5.0,1.0,0
1069,2021,17,United States Grand Prix,839,Esteban,Ocon,214,Alpine F1 Team,11.0,11.0,46.0,11.0,1.0,104.0,5.0,1.0,0
1069,2021,17,United States Grand Prix,842,Pierre,Gasly,213,AlphaTauri,8.0,9.0,74.0,9.0,0.0,92.0,6.0,0.0,0
1070,2021,18,Mexico City Grand Prix,830,Max,Verstappen,9,Red Bull,3.0,3.0,287.5,1.0,8.0,437.5,2.0,9.0,1
1070,2021,18,Mexico City Grand Prix,1,Lewis,Hamilton,131,Mercedes,2.0,2.0,275.5,2.0,5.0,460.5,1.0,6.0,1
1070,2021,18,Mexico City Grand Prix,815,Sergio,Pérez,9,Red Bull,4.0,4.0,150.0,4.0,1.0,437.5,2.0,9.0,1
1070,2021,18,Mexico City Grand Prix,842,Pierre,Gasly,213,AlphaTauri,5.0,5.0,74.0,9.0,0.0,94.0,6.0,0.0,0
1070,2021,18,Mexico City Grand Prix,844,Charles,Leclerc,6,Ferrari,8.0,8.0,128.0,6.0,0.0,250.5,4.0,0.0,0
1070,2021,18,Mexico City Grand Prix,832,Carlos,Sainz,6,Ferrari,6.0,6.0,122.5,7.0,0.0,250.5,4.0,0.0,0
1070,2021,18,Mexico City Grand Prix,20,Sebastian,Vettel,117,Aston Martin,9.0,11.0,36.0,12.0,0.0,62.0,7.0,0.0,0
1070,2021,18,Mexico City Grand Prix,8,Kimi,Räikkönen,51,Alfa Romeo,10.0,12.0,6.0,17.0,0.0,7.0,9.0,0.0,0
1070,2021,18,Mexico City Grand Prix,4,Fernando,Alonso,214,Alpine F1 Team,12.0,16.0,58.0,10.0,0.0,104.0,5.0,1.0,0
1070,2021,18,Mexico City Grand Prix,846,Lando,Norris,1,McLaren,18.0,10.0,149.0,5.0,0.0,254.0,3.0,1.0,0
1070,2021,18,Mexico City Grand Prix,841,Antonio,Giovinazzi,51,Alfa Romeo,11.0,14.0,1.0,18.0,0.0,7.0,9.0,0.0,0
1070,2021,18,Mexico City Grand Prix,817,Daniel,Ricciardo,1,McLaren,7.0,7.0,105.0,8.0,1.0,254.0,3.0,1.0,0
1070,2021,18,Mexico City Grand Prix,839,Esteban,Ocon,214,Alpine F1 Team,19.0,15.0,46.0,11.0,1.0,104.0,5.0,1.0,0
1070,2021,18,Mexico City Grand Prix,840,Lance,Stroll,117,Aston Martin,20.0,20.0,26.0,13.0,0.0,62.0,7.0,0.0,0
1070,2021,18,Mexico City Grand Prix,822,Valtteri,Bottas,131,Mercedes,1.0,1.0,185.0,3.0,1.0,460.5,1.0,6.0,0
1070,2021,18,Mexico City Grand Prix,847,George,Russell,3,Williams,16.0,13.0,16.0,15.0,0.0,23.0,8.0,0.0,0
1070,2021,18,Mexico City Grand Prix,849,Nicholas,Latifi,3,Williams,13.0,17.0,7.0,16.0,0.0,23.0,8.0,0.0,0
1070,2021,18,Mexico City Grand Prix,853,Nikita,Mazepin,210,Haas F1 Team,15.0,19.0,0.0,21.0,0.0,0.0,10.0,0.0,0
1070,2021,18,Mexico City Grand Prix,854,Mick,Schumacher,210,Haas F1 Team,14.0,18.0,0.0,19.0,0.0,0.0,10.0,0.0,0
1070,2021,18,Mexico City Grand Prix,852,Yuki,Tsunoda,213,AlphaTauri,17.0,9.0,20.0,14.0,0.0,94.0,6.0,0.0,0
1071,2021,19,São Paulo Grand Prix,1,Lewis,Hamilton,131,Mercedes,10.0,1.0,293.5,2.0,5.0,478.5,1.0,6.0,1
1071,2021,19,São Paulo Grand Prix,830,Max,Verstappen,9,Red Bull,2.0,2.0,312.5,1.0,9.0,477.5,2.0,10.0,1
1071,2021,19,São Paulo Grand Prix,822,Valtteri,Bottas,131,Mercedes,1.0,3.0,185.0,3.0,1.0,478.5,1.0,6.0,1
1071,2021,19,São Paulo Grand Prix,815,Sergio,Pérez,9,Red Bull,4.0,4.0,165.0,4.0,1.0,477.5,2.0,10.0,0
1071,2021,19,São Paulo Grand Prix,844,Charles,Leclerc,6,Ferrari,6.0,7.0,138.0,6.0,0.0,268.5,3.0,0.0,0
1071,2021,19,São Paulo Grand Prix,832,Carlos,Sainz,6,Ferrari,3.0,6.0,130.5,7.0,0.0,268.5,3.0,0.0,0
1071,2021,19,São Paulo Grand Prix,842,Pierre,Gasly,213,AlphaTauri,7.0,5.0,86.0,9.0,0.0,106.0,6.0,0.0,0
1071,2021,19,São Paulo Grand Prix,839,Esteban,Ocon,214,Alpine F1 Team,8.0,11.0,46.0,11.0,1.0,106.0,5.0,1.0,0
1071,2021,19,São Paulo Grand Prix,4,Fernando,Alonso,214,Alpine F1 Team,12.0,10.0,60.0,10.0,0.0,106.0,5.0,1.0,0
1071,2021,19,São Paulo Grand Prix,846,Lando,Norris,1,McLaren,5.0,8.0,150.0,5.0,0.0,255.0,4.0,1.0,0
1071,2021,19,São Paulo Grand Prix,20,Sebastian,Vettel,117,Aston Martin,9.0,12.0,42.0,12.0,0.0,68.0,7.0,0.0,0
1071,2021,19,São Paulo Grand Prix,8,Kimi,Räikkönen,51,Alfa Romeo,0.0,14.0,10.0,16.0,0.0,11.0,9.0,0.0,0
1071,2021,19,São Paulo Grand Prix,847,George,Russell,3,Williams,17.0,18.0,16.0,15.0,0.0,23.0,8.0,0.0,0
1071,2021,19,São Paulo Grand Prix,841,Antonio,Giovinazzi,51,Alfa Romeo,13.0,15.0,1.0,18.0,0.0,11.0,9.0,0.0,0
1071,2021,19,São Paulo Grand Prix,852,Yuki,Tsunoda,213,AlphaTauri,15.0,13.0,20.0,14.0,0.0,106.0,6.0,0.0,0
1071,2021,19,São Paulo Grand Prix,849,Nicholas,Latifi,3,Williams,16.0,17.0,7.0,17.0,0.0,23.0,8.0,0.0,0
1071,2021,19,São Paulo Grand Prix,853,Nikita,Mazepin,210,Haas F1 Team,19.0,20.0,0.0,21.0,0.0,0.0,10.0,0.0,0
1071,2021,19,São Paulo Grand Prix,854,Mick,Schumacher,210,Haas F1 Team,18.0,19.0,0.0,19.0,0.0,0.0,10.0,0.0,0
1071,2021,19,São Paulo Grand Prix,817,Daniel,Ricciardo,1,McLaren,11.0,9.0,105.0,8.0,1.0,255.0,4.0,1.0,0
1071,2021,19,São Paulo Grand Prix,840,Lance,Stroll,117,Aston Martin,14.0,16.0,26.0,13.0,0.0,68.0,7.0,0.0,0
1051,2021,20,Qatar Grand Prix,1,Lewis,Hamilton,131,Mercedes,1.0,1.0,318.5,2.0,6.0,521.5,1.0,7.0,1
1051,2021,20,Qatar Grand Prix,830,Max,Verstappen,9,Red Bull,7.0,2.0,332.5,1.0,9.0,510.5,2.0,10.0,1
1051,2021,20,Qatar Grand Prix,4,Fernando,Alonso,214,Alpine F1 Team,3.0,5.0,62.0,10.0,0.0,112.0,5.0,1.0,1
1051,2021,20,Qatar Grand Prix,815,Sergio,Pérez,9,Red Bull,11.0,11.0,178.0,4.0,1.0,510.5,2.0,10.0,0
1051,2021,20,Qatar Grand Prix,839,Esteban,Ocon,214,Alpine F1 Team,9.0,9.0,50.0,11.0,1.0,112.0,5.0,1.0,0
1051,2021,20,Qatar Grand Prix,840,Lance,Stroll,117,Aston Martin,12.0,12.0,26.0,13.0,0.0,68.0,7.0,0.0,0
1051,2021,20,Qatar Grand Prix,832,Carlos,Sainz,6,Ferrari,5.0,7.0,139.5,7.0,0.0,287.5,3.0,0.0,0
1051,2021,20,Qatar Grand Prix,844,Charles,Leclerc,6,Ferrari,13.0,13.0,148.0,6.0,0.0,287.5,3.0,0.0,0
1051,2021,20,Qatar Grand Prix,846,Lando,Norris,1,McLaren,4.0,6.0,151.0,5.0,0.0,256.0,4.0,1.0,0
1051,2021,20,Qatar Grand Prix,20,Sebastian,Vettel,117,Aston Martin,10.0,10.0,42.0,12.0,0.0,68.0,7.0,0.0,0
1051,2021,20,Qatar Grand Prix,842,Pierre,Gasly,213,AlphaTauri,2.0,4.0,92.0,9.0,0.0,112.0,6.0,0.0,0
1051,2021,20,Qatar Grand Prix,817,Daniel,Ricciardo,1,McLaren,14.0,14.0,105.0,8.0,1.0,256.0,4.0,1.0,0
1051,2021,20,Qatar Grand Prix,852,Yuki,Tsunoda,213,AlphaTauri,8.0,8.0,20.0,14.0,0.0,112.0,6.0,0.0,0
1051,2021,20,Qatar Grand Prix,8,Kimi,Räikkönen,51,Alfa Romeo,16.0,16.0,10.0,16.0,0.0,11.0,9.0,0.0,0
1051,2021,20,Qatar Grand Prix,841,Antonio,Giovinazzi,51,Alfa Romeo,18.0,18.0,1.0,18.0,0.0,11.0,9.0,0.0,0
1051,2021,20,Qatar Grand Prix,854,Mick,Schumacher,210,Haas F1 Team,19.0,19.0,0.0,19.0,0.0,0.0,10.0,0.0,0
1051,2021,20,Qatar Grand Prix,847,George,Russell,3,Williams,15.0,15.0,16.0,15.0,0.0,23.0,8.0,0.0,0
1051,2021,20,Qatar Grand Prix,853,Nikita,Mazepin,210,Haas F1 Team,20.0,20.0,0.0,21.0,0.0,0.0,10.0,0.0,0
1051,2021,20,Qatar Grand Prix,849,Nicholas,Latifi,3,Williams,17.0,17.0,7.0,17.0,0.0,23.0,8.0,0.0,0
1051,2021,20,Qatar Grand Prix,822,Valtteri,Bottas,131,Mercedes,6.0,3.0,203.0,3.0,1.0,521.5,1.0,7.0,0
1072,2021,21,Saudi Arabian Grand Prix,1,Lewis,Hamilton,131,Mercedes,1.0,1.0,343.5,2.0,7.0,546.5,1.0,8.0,1
1072,2021,21,Saudi Arabian Grand Prix,830,Max,Verstappen,9,Red Bull,3.0,3.0,351.5,1.0,9.0,541.5,2.0,10.0,1
1072,2021,21,Saudi Arabian Grand Prix,822,Valtteri,Bottas,131,Mercedes,2.0,2.0,203.0,3.0,1.0,546.5,1.0,8.0,1
1072,2021,21,Saudi Arabian Grand Prix,839,Esteban,Ocon,214,Alpine F1 Team,9.0,9.0,60.0,11.0,1.0,137.0,5.0,1.0,0
1072,2021,21,Saudi Arabian Grand Prix,817,Daniel,Ricciardo,1,McLaren,11.0,11.0,105.0,8.0,1.0,258.0,4.0,1.0,0
1072,2021,21,Saudi Arabian Grand Prix,842,Pierre,Gasly,213,AlphaTauri,6.0,6.0,92.0,9.0,0.0,112.0,6.0,0.0,0
1072,2021,21,Saudi Arabian Grand Prix,844,Charles,Leclerc,6,Ferrari,4.0,4.0,152.0,6.0,0.0,297.5,3.0,0.0,0
1072,2021,21,Saudi Arabian Grand Prix,832,Carlos,Sainz,6,Ferrari,15.0,15.0,145.5,7.0,0.0,297.5,3.0,0.0,0
1072,2021,21,Saudi Arabian Grand Prix,841,Antonio,Giovinazzi,51,Alfa Romeo,10.0,10.0,1.0,18.0,0.0,11.0,9.0,0.0,0
1072,2021,21,Saudi Arabian Grand Prix,846,Lando,Norris,1,McLaren,7.0,7.0,153.0,5.0,0.0,258.0,4.0,1.0,0
1072,2021,21,Saudi Arabian Grand Prix,840,Lance,Stroll,117,Aston Martin,18.0,18.0,34.0,13.0,0.0,77.0,7.0,0.0,0
1072,2021,21,Saudi Arabian Grand Prix,849,Nicholas,Latifi,3,Williams,16.0,16.0,7.0,17.0,0.0,23.0,8.0,0.0,0
1072,2021,21,Saudi Arabian Grand Prix,4,Fernando,Alonso,214,Alpine F1 Team,13.0,13.0,77.0,10.0,0.0,137.0,5.0,1.0,0
1072,2021,21,Saudi Arabian Grand Prix,852,Yuki,Tsunoda,213,AlphaTauri,8.0,8.0,20.0,14.0,0.0,112.0,6.0,0.0,0
1072,2021,21,Saudi Arabian Grand Prix,8,Kimi,Räikkönen,51,Alfa Romeo,12.0,12.0,10.0,16.0,0.0,11.0,9.0,0.0,0
1072,2021,21,Saudi Arabian Grand Prix,20,Sebastian,Vettel,117,Aston Martin,17.0,17.0,43.0,12.0,0.0,77.0,7.0,0.0,0
1072,2021,21,Saudi Arabian Grand Prix,815,Sergio,Pérez,9,Red Bull,5.0,5.0,190.0,4.0,1.0,541.5,2.0,10.0,0
1072,2021,21,Saudi Arabian Grand Prix,853,Nikita,Mazepin,210,Haas F1 Team,20.0,20.0,0.0,21.0,0.0,0.0,10.0,0.0,0
1072,2021,21,Saudi Arabian Grand Prix,847,George,Russell,3,Williams,14.0,14.0,16.0,15.0,0.0,23.0,8.0,0.0,0
1072,2021,21,Saudi Arabian Grand Prix,854,Mick,Schumacher,210,Haas F1 Team,19.0,19.0,0.0,19.0,0.0,0.0,10.0,0.0,0
1073,2021,22,Abu Dhabi Grand Prix,830,Max,Verstappen,9,Red Bull,1.0,1.0,369.5,1.0,9.0,559.5,2.0,10.0,1
1073,2021,22,Abu Dhabi Grand Prix,1,Lewis,Hamilton,131,Mercedes,2.0,2.0,369.5,2.0,8.0,587.5,1.0,9.0,1
1073,2021,22,Abu Dhabi Grand Prix,832,Carlos,Sainz,6,Ferrari,5.0,5.0,149.5,7.0,0.0,307.5,3.0,0.0,1
1073,2021,22,Abu Dhabi Grand Prix,852,Yuki,Tsunoda,213,AlphaTauri,8.0,8.0,20.0,14.0,0.0,120.0,6.0,0.0,0
1073,2021,22,Abu Dhabi Grand Prix,842,Pierre,Gasly,213,AlphaTauri,12.0,12.0,100.0,9.0,0.0,120.0,6.0,0.0,0
1073,2021,22,Abu Dhabi Grand Prix,822,Valtteri,Bottas,131,Mercedes,6.0,6.0,218.0,3.0,1.0,587.5,1.0,9.0,0
1073,2021,22,Abu Dhabi Grand Prix,846,Lando,Norris,1,McLaren,3.0,3.0,154.0,6.0,0.0,269.0,4.0,1.0,0
1073,2021,22,Abu Dhabi Grand Prix,4,Fernando,Alonso,214,Alpine F1 Team,11.0,11.0,77.0,10.0,0.0,149.0,5.0,1.0,0
1073,2021,22,Abu Dhabi Grand Prix,839,Esteban,Ocon,214,Alpine F1 Team,9.0,9.0,72.0,11.0,1.0,149.0,5.0,1.0,0
1073,2021,22,Abu Dhabi Grand Prix,844,Charles,Leclerc,6,Ferrari,7.0,7.0,158.0,5.0,0.0,307.5,3.0,0.0,0
1073,2021,22,Abu Dhabi Grand Prix,20,Sebastian,Vettel,117,Aston Martin,15.0,15.0,43.0,12.0,0.0,77.0,7.0,0.0,0
1073,2021,22,Abu Dhabi Grand Prix,817,Daniel,Ricciardo,1,McLaren,10.0,10.0,115.0,8.0,1.0,269.0,4.0,1.0,0
1073,2021,22,Abu Dhabi Grand Prix,840,Lance,Stroll,117,Aston Martin,13.0,13.0,34.0,13.0,0.0,77.0,7.0,0.0,0
1073,2021,22,Abu Dhabi Grand Prix,854,Mick,Schumacher,210,Haas F1 Team,19.0,19.0,0.0,19.0,0.0,0.0,10.0,0.0,0
1073,2021,22,Abu Dhabi Grand Prix,815,Sergio,Pérez,9,Red Bull,4.0,4.0,190.0,4.0,1.0,559.5,2.0,10.0,0
1073,2021,22,Abu Dhabi Grand Prix,849,Nicholas,Latifi,3,Williams,16.0,16.0,7.0,17.0,0.0,23.0,8.0,0.0,0
1073,2021,22,Abu Dhabi Grand Prix,841,Antonio,Giovinazzi,51,Alfa Romeo,14.0,14.0,3.0,18.0,0.0,13.0,9.0,0.0,0
1073,2021,22,Abu Dhabi Grand Prix,847,George,Russell,3,Williams,17.0,17.0,16.0,15.0,0.0,23.0,8.0,0.0,0
1073,2021,22,Abu Dhabi Grand Prix,8,Kimi,Räikkönen,51,Alfa Romeo,18.0,18.0,10.0,16.0,0.0,13.0,9.0,0.0,0
1073,2021,22,Abu Dhabi Grand Prix,853,Nikita,Mazepin,210,Haas F1 Team,20.0,20.0,0.0,21.0,0.0,0.0,10.0,0.0,0
1074,2022,1,Bahrain Grand Prix,844,Charles,Leclerc,6,Ferrari,1.0,1.0,159.0,7.0,0.0,323.5,3.0,0.0,1
1074,2022,1,Bahrain Grand Prix,832,Carlos,Sainz,6,Ferrari,3.0,3.0,164.5,5.0,0.0,323.5,3.0,0.0,1
1074,2022,1,Bahrain Grand Prix,1,Lewis,Hamilton,131,Mercedes,5.0,5.0,387.5,2.0,8.0,613.5,1.0,9.0,1
1074,2022,1,Bahrain Grand Prix,847,George,Russell,131,Mercedes,9.0,9.0,16.0,15.0,0.0,613.5,1.0,9.0,0
1074,2022,1,Bahrain Grand Prix,825,Kevin,Magnussen,210,Haas F1 Team,7.0,7.0,1.0,20.0,0.0,0.0,10.0,0.0,0
1074,2022,1,Bahrain Grand Prix,822,Valtteri,Bottas,51,Alfa Romeo,6.0,6.0,226.0,3.0,1.0,13.0,9.0,0.0,0
1074,2022,1,Bahrain Grand Prix,839,Esteban,Ocon,214,Alpine F1 Team,11.0,11.0,74.0,11.0,1.0,155.0,5.0,1.0,0
1074,2022,1,Bahrain Grand Prix,852,Yuki,Tsunoda,213,AlphaTauri,16.0,16.0,32.0,14.0,0.0,142.0,6.0,0.0,0
1074,2022,1,Bahrain Grand Prix,4,Fernando,Alonso,214,Alpine F1 Team,8.0,8.0,81.0,10.0,0.0,155.0,5.0,1.0,0
1074,2022,1,Bahrain Grand Prix,855,Guanyu,Zhou,51,Alfa Romeo,15.0,15.0,0.0,28.0,0.0,13.0,9.0,0.0,0
1074,2022,1,Bahrain Grand Prix,854,Mick,Schumacher,210,Haas F1 Team,12.0,12.0,0.0,19.0,0.0,0.0,10.0,0.0,0
1074,2022,1,Bahrain Grand Prix,840,Lance,Stroll,117,Aston Martin,19.0,19.0,34.0,13.0,0.0,77.0,7.0,0.0,0
1074,2022,1,Bahrain Grand Prix,848,Alexander,Albon,3,Williams,14.0,14.0,105.0,7.0,0.0,23.0,8.0,0.0,0
1074,2022,1,Bahrain Grand Prix,817,Daniel,Ricciardo,1,McLaren,18.0,18.0,115.0,8.0,1.0,275.0,4.0,1.0,0
1074,2022,1,Bahrain Grand Prix,846,Lando,Norris,1,McLaren,13.0,13.0,160.0,6.0,0.0,275.0,4.0,1.0,0
1074,2022,1,Bahrain Grand Prix,849,Nicholas,Latifi,3,Williams,20.0,20.0,7.0,17.0,0.0,23.0,8.0,0.0,0
1074,2022,1,Bahrain Grand Prix,807,Nico,Hülkenberg,117,Aston Martin,17.0,17.0,10.0,15.0,0.0,77.0,7.0,0.0,0
1074,2022,1,Bahrain Grand Prix,815,Sergio,Pérez,9,Red Bull,4.0,4.0,190.0,4.0,1.0,585.5,2.0,11.0,0
1074,2022,1,Bahrain Grand Prix,830,Max,Verstappen,9,Red Bull,2.0,2.0,395.5,1.0,10.0,585.5,2.0,11.0,0
1074,2022,1,Bahrain Grand Prix,842,Pierre,Gasly,213,AlphaTauri,10.0,10.0,110.0,9.0,0.0,142.0,6.0,0.0,0
1075,2022,2,Saudi Arabian Grand Prix,830,Max,Verstappen,9,Red Bull,4.0,4.0,0.0,19.0,0.0,0.0,10.0,0.0,1
1075,2022,2,Saudi Arabian Grand Prix,844,Charles,Leclerc,6,Ferrari,2.0,2.0,26.0,1.0,1.0,44.0,1.0,1.0,1
1075,2022,2,Saudi Arabian Grand Prix,832,Carlos,Sainz,6,Ferrari,3.0,3.0,18.0,2.0,0.0,44.0,1.0,1.0,1
1075,2022,2,Saudi Arabian Grand Prix,815,Sergio,Pérez,9,Red Bull,1.0,1.0,0.0,18.0,0.0,0.0,10.0,0.0,0
1075,2022,2,Saudi Arabian Grand Prix,847,George,Russell,131,Mercedes,6.0,6.0,12.0,4.0,0.0,27.0,2.0,0.0,0
1075,2022,2,Saudi Arabian Grand Prix,839,Esteban,Ocon,214,Alpine F1 Team,5.0,5.0,6.0,7.0,0.0,8.0,5.0,0.0,0
1075,2022,2,Saudi Arabian Grand Prix,846,Lando,Norris,1,McLaren,11.0,11.0,0.0,15.0,0.0,0.0,9.0,0.0,0
1075,2022,2,Saudi Arabian Grand Prix,842,Pierre,Gasly,213,AlphaTauri,9.0,9.0,0.0,20.0,0.0,4.0,6.0,0.0,0
1075,2022,2,Saudi Arabian Grand Prix,825,Kevin,Magnussen,210,Haas F1 Team,10.0,10.0,10.0,5.0,0.0,10.0,3.0,0.0,0
1075,2022,2,Saudi Arabian Grand Prix,1,Lewis,Hamilton,131,Mercedes,15.0,16.0,15.0,3.0,0.0,27.0,2.0,0.0,0
1075,2022,2,Saudi Arabian Grand Prix,855,Guanyu,Zhou,51,Alfa Romeo,12.0,13.0,1.0,10.0,0.0,9.0,4.0,0.0,0
1075,2022,2,Saudi Arabian Grand Prix,807,Nico,Hülkenberg,117,Aston Martin,17.0,18.0,0.0,17.0,0.0,0.0,7.0,0.0,0
1075,2022,2,Saudi Arabian Grand Prix,840,Lance,Stroll,117,Aston Martin,13.0,15.0,0.0,12.0,0.0,0.0,7.0,0.0,0
1075,2022,2,Saudi Arabian Grand Prix,848,Alexander,Albon,3,Williams,16.0,17.0,0.0,13.0,0.0,0.0,8.0,0.0,0
1075,2022,2,Saudi Arabian Grand Prix,822,Valtteri,Bottas,51,Alfa Romeo,8.0,8.0,8.0,6.0,0.0,9.0,4.0,0.0,0
1075,2022,2,Saudi Arabian Grand Prix,4,Fernando,Alonso,214,Alpine F1 Team,7.0,7.0,2.0,9.0,0.0,8.0,5.0,0.0,0
1075,2022,2,Saudi Arabian Grand Prix,817,Daniel,Ricciardo,1,McLaren,14.0,12.0,0.0,14.0,0.0,0.0,9.0,0.0,0
1075,2022,2,Saudi Arabian Grand Prix,849,Nicholas,Latifi,3,Williams,18.0,19.0,0.0,16.0,0.0,0.0,8.0,0.0,0
1075,2022,2,Saudi Arabian Grand Prix,852,Yuki,Tsunoda,213,AlphaTauri,19.0,20.0,4.0,8.0,0.0,4.0,6.0,0.0,0
1075,2022,2,Saudi Arabian Grand Prix,854,Mick,Schumacher,210,Haas F1 Team,0.0,14.0,0.0,11.0,0.0,10.0,3.0,0.0,0
1076,2022,3,Australian Grand Prix,844,Charles,Leclerc,6,Ferrari,1.0,1.0,45.0,1.0,1.0,78.0,1.0,1.0,1
1076,2022,3,Australian Grand Prix,815,Sergio,Pérez,9,Red Bull,3.0,3.0,12.0,7.0,0.0,37.0,3.0,1.0,1
1076,2022,3,Australian Grand Prix,847,George,Russell,131,Mercedes,6.0,6.0,22.0,4.0,0.0,38.0,2.0,0.0,1
1076,2022,3,Australian Grand Prix,1,Lewis,Hamilton,131,Mercedes,5.0,5.0,16.0,5.0,0.0,38.0,2.0,0.0,0
1076,2022,3,Australian Grand Prix,846,Lando,Norris,1,McLaren,4.0,4.0,6.0,10.0,0.0,6.0,8.0,0.0,0
1076,2022,3,Australian Grand Prix,817,Daniel,Ricciardo,1,McLaren,7.0,7.0,0.0,19.0,0.0,6.0,8.0,0.0,0
1076,2022,3,Australian Grand Prix,839,Esteban,Ocon,214,Alpine F1 Team,8.0,8.0,14.0,6.0,0.0,16.0,4.0,0.0,0
1076,2022,3,Australian Grand Prix,822,Valtteri,Bottas,51,Alfa Romeo,12.0,12.0,8.0,9.0,0.0,9.0,6.0,0.0,0
1076,2022,3,Australian Grand Prix,842,Pierre,Gasly,213,AlphaTauri,11.0,11.0,4.0,12.0,0.0,8.0,7.0,0.0,0
1076,2022,3,Australian Grand Prix,848,Alexander,Albon,3,Williams,20.0,16.0,0.0,18.0,0.0,0.0,10.0,0.0,0
1076,2022,3,Australian Grand Prix,855,Guanyu,Zhou,51,Alfa Romeo,14.0,14.0,1.0,14.0,0.0,9.0,6.0,0.0,0
1076,2022,3,Australian Grand Prix,840,Lance,Stroll,117,Aston Martin,19.0,20.0,0.0,16.0,0.0,0.0,9.0,0.0,0
1076,2022,3,Australian Grand Prix,854,Mick,Schumacher,210,Haas F1 Team,15.0,15.0,0.0,15.0,0.0,12.0,5.0,0.0,0
1076,2022,3,Australian Grand Prix,825,Kevin,Magnussen,210,Haas F1 Team,16.0,17.0,12.0,8.0,0.0,12.0,5.0,0.0,0
1076,2022,3,Australian Grand Prix,852,Yuki,Tsunoda,213,AlphaTauri,13.0,13.0,4.0,11.0,0.0,8.0,7.0,0.0,0
1076,2022,3,Australian Grand Prix,849,Nicholas,Latifi,3,Williams,18.0,19.0,0.0,20.0,0.0,0.0,10.0,0.0,0
1076,2022,3,Australian Grand Prix,4,Fernando,Alonso,214,Alpine F1 Team,10.0,10.0,2.0,13.0,0.0,16.0,4.0,0.0,0
1076,2022,3,Australian Grand Prix,830,Max,Verstappen,9,Red Bull,2.0,2.0,25.0,3.0,1.0,37.0,3.0,1.0,0
1076,2022,3,Australian Grand Prix,20,Sebastian,Vettel,117,Aston Martin,17.0,18.0,43.0,12.0,0.0,0.0,9.0,0.0,0
1076,2022,3,Australian Grand Prix,832,Carlos,Sainz,6,Ferrari,9.0,9.0,33.0,2.0,0.0,78.0,1.0,1.0,0
1077,2022,4,Emilia Romagna Grand Prix,830,Max,Verstappen,9,Red Bull,1.0,1.0,25.0,6.0,1.0,55.0,3.0,1.0,1
1077,2022,4,Emilia Romagna Grand Prix,815,Sergio,Pérez,9,Red Bull,3.0,7.0,30.0,4.0,0.0,55.0,3.0,1.0,1
1077,2022,4,Emilia Romagna Grand Prix,846,Lando,Norris,1,McLaren,5.0,3.0,16.0,8.0,0.0,24.0,4.0,0.0,1
1077,2022,4,Emilia Romagna Grand Prix,847,George,Russell,131,Mercedes,11.0,11.0,37.0,2.0,0.0,65.0,2.0,0.0,0
1077,2022,4,Emilia Romagna Grand Prix,822,Valtteri,Bottas,51,Alfa Romeo,7.0,8.0,12.0,10.0,0.0,13.0,6.0,0.0,0
1077,2022,4,Emilia Romagna Grand Prix,844,Charles,Leclerc,6,Ferrari,2.0,2.0,71.0,1.0,2.0,104.0,1.0,2.0,0
1077,2022,4,Emilia Romagna Grand Prix,852,Yuki,Tsunoda,213,AlphaTauri,12.0,16.0,4.0,13.0,0.0,10.0,8.0,0.0,0
1077,2022,4,Emilia Romagna Grand Prix,20,Sebastian,Vettel,117,Aston Martin,13.0,9.0,0.0,21.0,0.0,0.0,10.0,0.0,0
1077,2022,4,Emilia Romagna Grand Prix,825,Kevin,Magnussen,210,Haas F1 Team,8.0,4.0,12.0,9.0,0.0,12.0,7.0,0.0,0
1077,2022,4,Emilia Romagna Grand Prix,840,Lance,Stroll,117,Aston Martin,15.0,15.0,0.0,18.0,0.0,0.0,10.0,0.0,0
1077,2022,4,Emilia Romagna Grand Prix,848,Alexander,Albon,3,Williams,18.0,20.0,1.0,16.0,0.0,1.0,9.0,0.0,0
1077,2022,4,Emilia Romagna Grand Prix,842,Pierre,Gasly,213,AlphaTauri,17.0,17.0,6.0,12.0,0.0,10.0,8.0,0.0,0
1077,2022,4,Emilia Romagna Grand Prix,1,Lewis,Hamilton,131,Mercedes,14.0,13.0,28.0,5.0,0.0,65.0,2.0,0.0,0
1077,2022,4,Emilia Romagna Grand Prix,839,Esteban,Ocon,214,Alpine F1 Team,16.0,19.0,20.0,7.0,0.0,22.0,5.0,0.0,0
1077,2022,4,Emilia Romagna Grand Prix,855,Guanyu,Zhou,51,Alfa Romeo,0.0,14.0,1.0,15.0,0.0,13.0,6.0,0.0,0
1077,2022,4,Emilia Romagna Grand Prix,849,Nicholas,Latifi,3,Williams,19.0,18.0,0.0,20.0,0.0,1.0,9.0,0.0,0
1077,2022,4,Emilia Romagna Grand Prix,854,Mick,Schumacher,210,Haas F1 Team,10.0,12.0,0.0,17.0,0.0,12.0,7.0,0.0,0
1077,2022,4,Emilia Romagna Grand Prix,817,Daniel,Ricciardo,1,McLaren,6.0,6.0,8.0,11.0,0.0,24.0,4.0,0.0,0
1077,2022,4,Emilia Romagna Grand Prix,4,Fernando,Alonso,214,Alpine F1 Team,9.0,5.0,2.0,14.0,0.0,22.0,5.0,0.0,0
1077,2022,4,Emilia Romagna Grand Prix,832,Carlos,Sainz,6,Ferrari,4.0,10.0,33.0,3.0,0.0,104.0,1.0,2.0,0
1078,2022,5,Miami Grand Prix,830,Max,Verstappen,9,Red Bull,3.0,3.0,59.0,2.0,2.0,113.0,2.0,2.0,1
1078,2022,5,Miami Grand Prix,844,Charles,Leclerc,6,Ferrari,1.0,1.0,86.0,1.0,2.0,124.0,1.0,2.0,1
1078,2022,5,Miami Grand Prix,832,Carlos,Sainz,6,Ferrari,2.0,2.0,38.0,5.0,0.0,124.0,1.0,2.0,1
1078,2022,5,Miami Grand Prix,815,Sergio,Pérez,9,Red Bull,4.0,4.0,54.0,3.0,0.0,113.0,2.0,2.0,0
1078,2022,5,Miami Grand Prix,847,George,Russell,131,Mercedes,12.0,12.0,49.0,4.0,0.0,77.0,3.0,0.0,0
1078,2022,5,Miami Grand Prix,1,Lewis,Hamilton,131,Mercedes,6.0,6.0,28.0,7.0,0.0,77.0,3.0,0.0,0
1078,2022,5,Miami Grand Prix,822,Valtteri,Bottas,51,Alfa Romeo,5.0,5.0,24.0,8.0,0.0,25.0,5.0,0.0,0
1078,2022,5,Miami Grand Prix,839,Esteban,Ocon,214,Alpine F1 Team,20.0,20.0,20.0,9.0,0.0,22.0,6.0,0.0,0
1078,2022,5,Miami Grand Prix,848,Alexander,Albon,3,Williams,18.0,18.0,1.0,17.0,0.0,1.0,10.0,0.0,0
1078,2022,5,Miami Grand Prix,840,Lance,Stroll,117,Aston Martin,0.0,10.0,1.0,18.0,0.0,5.0,9.0,0.0,0
1078,2022,5,Miami Grand Prix,4,Fernando,Alonso,214,Alpine F1 Team,11.0,11.0,2.0,15.0,0.0,22.0,6.0,0.0,0
1078,2022,5,Miami Grand Prix,852,Yuki,Tsunoda,213,AlphaTauri,9.0,9.0,10.0,12.0,0.0,16.0,7.0,0.0,0
1078,2022,5,Miami Grand Prix,817,Daniel,Ricciardo,1,McLaren,14.0,14.0,11.0,11.0,0.0,46.0,4.0,0.0,0
1078,2022,5,Miami Grand Prix,849,Nicholas,Latifi,3,Williams,19.0,19.0,0.0,21.0,0.0,1.0,10.0,0.0,0
1078,2022,5,Miami Grand Prix,854,Mick,Schumacher,210,Haas F1 Team,15.0,15.0,0.0,19.0,0.0,15.0,8.0,0.0,0
1078,2022,5,Miami Grand Prix,825,Kevin,Magnussen,210,Haas F1 Team,16.0,16.0,15.0,10.0,0.0,15.0,8.0,0.0,0
1078,2022,5,Miami Grand Prix,20,Sebastian,Vettel,117,Aston Martin,0.0,13.0,4.0,14.0,0.0,5.0,9.0,0.0,0
1078,2022,5,Miami Grand Prix,842,Pierre,Gasly,213,AlphaTauri,7.0,7.0,6.0,13.0,0.0,16.0,7.0,0.0,0
1078,2022,5,Miami Grand Prix,846,Lando,Norris,1,McLaren,8.0,8.0,35.0,6.0,0.0,46.0,4.0,0.0,0
1078,2022,5,Miami Grand Prix,855,Guanyu,Zhou,51,Alfa Romeo,17.0,17.0,1.0,16.0,0.0,25.0,5.0,0.0,0
1079,2022,6,Spanish Grand Prix,830,Max,Verstappen,9,Red Bull,2.0,2.0,85.0,2.0,3.0,151.0,2.0,3.0,1
1079,2022,6,Spanish Grand Prix,815,Sergio,Pérez,9,Red Bull,5.0,5.0,66.0,3.0,0.0,151.0,2.0,3.0,1
1079,2022,6,Spanish Grand Prix,847,George,Russell,131,Mercedes,4.0,4.0,59.0,4.0,0.0,95.0,3.0,0.0,1
1079,2022,6,Spanish Grand Prix,832,Carlos,Sainz,6,Ferrari,3.0,3.0,53.0,5.0,0.0,157.0,1.0,2.0,0
1079,2022,6,Spanish Grand Prix,1,Lewis,Hamilton,131,Mercedes,6.0,6.0,36.0,6.0,0.0,95.0,3.0,0.0,0
1079,2022,6,Spanish Grand Prix,822,Valtteri,Bottas,51,Alfa Romeo,7.0,7.0,30.0,8.0,0.0,31.0,5.0,0.0,0
1079,2022,6,Spanish Grand Prix,839,Esteban,Ocon,214,Alpine F1 Team,12.0,12.0,24.0,9.0,0.0,26.0,6.0,0.0,0
1079,2022,6,Spanish Grand Prix,846,Lando,Norris,1,McLaren,11.0,11.0,35.0,7.0,0.0,46.0,4.0,0.0,0
1079,2022,6,Spanish Grand Prix,4,Fernando,Alonso,214,Alpine F1 Team,20.0,17.0,2.0,16.0,0.0,26.0,6.0,0.0,0
1079,2022,6,Spanish Grand Prix,852,Yuki,Tsunoda,213,AlphaTauri,13.0,13.0,10.0,12.0,0.0,16.0,7.0,0.0,0
1079,2022,6,Spanish Grand Prix,20,Sebastian,Vettel,117,Aston Martin,16.0,16.0,4.0,14.0,0.0,6.0,9.0,0.0,0
1079,2022,6,Spanish Grand Prix,817,Daniel,Ricciardo,1,McLaren,9.0,9.0,11.0,11.0,0.0,46.0,4.0,0.0,0
1079,2022,6,Spanish Grand Prix,842,Pierre,Gasly,213,AlphaTauri,14.0,14.0,6.0,13.0,0.0,16.0,7.0,0.0,0
1079,2022,6,Spanish Grand Prix,854,Mick,Schumacher,210,Haas F1 Team,10.0,10.0,0.0,19.0,0.0,15.0,8.0,0.0,0
1079,2022,6,Spanish Grand Prix,840,Lance,Stroll,117,Aston Martin,17.0,18.0,2.0,17.0,0.0,6.0,9.0,0.0,0
1079,2022,6,Spanish Grand Prix,849,Nicholas,Latifi,3,Williams,19.0,20.0,0.0,21.0,0.0,3.0,10.0,0.0,0
1079,2022,6,Spanish Grand Prix,825,Kevin,Magnussen,210,Haas F1 Team,8.0,8.0,15.0,10.0,0.0,15.0,8.0,0.0,0
1079,2022,6,Spanish Grand Prix,848,Alexander,Albon,3,Williams,18.0,19.0,3.0,15.0,0.0,3.0,10.0,0.0,0
1079,2022,6,Spanish Grand Prix,855,Guanyu,Zhou,51,Alfa Romeo,15.0,15.0,1.0,18.0,0.0,31.0,5.0,0.0,0
1079,2022,6,Spanish Grand Prix,844,Charles,Leclerc,6,Ferrari,1.0,1.0,104.0,1.0,2.0,157.0,1.0,2.0,0
1080,2022,7,Monaco Grand Prix,815,Sergio,Pérez,9,Red Bull,3.0,3.0,85.0,3.0,0.0,195.0,1.0,4.0,1
1080,2022,7,Monaco Grand Prix,832,Carlos,Sainz,6,Ferrari,2.0,2.0,65.0,5.0,0.0,169.0,2.0,2.0,1
1080,2022,7,Monaco Grand Prix,830,Max,Verstappen,9,Red Bull,4.0,4.0,110.0,1.0,4.0,195.0,1.0,4.0,1
1080,2022,7,Monaco Grand Prix,844,Charles,Leclerc,6,Ferrari,1.0,1.0,104.0,2.0,2.0,169.0,2.0,2.0,0
1080,2022,7,Monaco Grand Prix,847,George,Russell,131,Mercedes,6.0,6.0,74.0,4.0,0.0,120.0,3.0,0.0,0
1080,2022,7,Monaco Grand Prix,846,Lando,Norris,1,McLaren,5.0,5.0,39.0,7.0,0.0,50.0,4.0,0.0,0
1080,2022,7,Monaco Grand Prix,4,Fernando,Alonso,214,Alpine F1 Team,7.0,7.0,4.0,15.0,0.0,34.0,6.0,0.0,0
1080,2022,7,Monaco Grand Prix,1,Lewis,Hamilton,131,Mercedes,8.0,8.0,46.0,6.0,0.0,120.0,3.0,0.0,0
1080,2022,7,Monaco Grand Prix,822,Valtteri,Bottas,51,Alfa Romeo,12.0,12.0,38.0,8.0,0.0,39.0,5.0,0.0,0
1080,2022,7,Monaco Grand Prix,20,Sebastian,Vettel,117,Aston Martin,9.0,9.0,4.0,14.0,0.0,6.0,9.0,0.0,0
1080,2022,7,Monaco Grand Prix,842,Pierre,Gasly,213,AlphaTauri,17.0,17.0,6.0,13.0,0.0,17.0,7.0,0.0,0
1080,2022,7,Monaco Grand Prix,839,Esteban,Ocon,214,Alpine F1 Team,10.0,10.0,30.0,9.0,0.0,34.0,6.0,0.0,0
1080,2022,7,Monaco Grand Prix,817,Daniel,Ricciardo,1,McLaren,14.0,14.0,11.0,12.0,0.0,50.0,4.0,0.0,0
1080,2022,7,Monaco Grand Prix,840,Lance,Stroll,117,Aston Martin,18.0,18.0,2.0,17.0,0.0,6.0,9.0,0.0,0
1080,2022,7,Monaco Grand Prix,849,Nicholas,Latifi,3,Williams,19.0,19.0,0.0,21.0,0.0,3.0,10.0,0.0,0
1080,2022,7,Monaco Grand Prix,855,Guanyu,Zhou,51,Alfa Romeo,20.0,20.0,1.0,18.0,0.0,39.0,5.0,0.0,0
1080,2022,7,Monaco Grand Prix,852,Yuki,Tsunoda,213,AlphaTauri,11.0,11.0,11.0,11.0,0.0,17.0,7.0,0.0,0
1080,2022,7,Monaco Grand Prix,848,Alexander,Albon,3,Williams,16.0,16.0,3.0,16.0,0.0,3.0,10.0,0.0,0
1080,2022,7,Monaco Grand Prix,854,Mick,Schumacher,210,Haas F1 Team,15.0,15.0,0.0,19.0,0.0,15.0,8.0,0.0,0
1080,2022,7,Monaco Grand Prix,825,Kevin,Magnussen,210,Haas F1 Team,13.0,13.0,15.0,10.0,0.0,15.0,8.0,0.0,0
1081,2022,8,Azerbaijan Grand Prix,830,Max,Verstappen,9,Red Bull,3.0,3.0,125.0,1.0,4.0,235.0,1.0,5.0,1
1081,2022,8,Azerbaijan Grand Prix,815,Sergio,Pérez,9,Red Bull,2.0,2.0,110.0,3.0,1.0,235.0,1.0,5.0,1
1081,2022,8,Azerbaijan Grand Prix,847,George,Russell,131,Mercedes,5.0,5.0,84.0,4.0,0.0,134.0,3.0,0.0,1
1081,2022,8,Azerbaijan Grand Prix,1,Lewis,Hamilton,131,Mercedes,7.0,7.0,50.0,6.0,0.0,134.0,3.0,0.0,0
1081,2022,8,Azerbaijan Grand Prix,842,Pierre,Gasly,213,AlphaTauri,6.0,6.0,6.0,14.0,0.0,17.0,7.0,0.0,0
1081,2022,8,Azerbaijan Grand Prix,20,Sebastian,Vettel,117,Aston Martin,9.0,9.0,5.0,15.0,0.0,7.0,9.0,0.0,0
1081,2022,8,Azerbaijan Grand Prix,4,Fernando,Alonso,214,Alpine F1 Team,10.0,10.0,10.0,13.0,0.0,40.0,6.0,0.0,0
1081,2022,8,Azerbaijan Grand Prix,817,Daniel,Ricciardo,1,McLaren,12.0,12.0,11.0,11.0,0.0,59.0,4.0,0.0,0
1081,2022,8,Azerbaijan Grand Prix,846,Lando,Norris,1,McLaren,11.0,11.0,48.0,7.0,0.0,59.0,4.0,0.0,0
1081,2022,8,Azerbaijan Grand Prix,839,Esteban,Ocon,214,Alpine F1 Team,13.0,13.0,30.0,9.0,0.0,40.0,6.0,0.0,0
1081,2022,8,Azerbaijan Grand Prix,822,Valtteri,Bottas,51,Alfa Romeo,15.0,15.0,40.0,8.0,0.0,41.0,5.0,0.0,0
1081,2022,8,Azerbaijan Grand Prix,848,Alexander,Albon,3,Williams,17.0,17.0,3.0,16.0,0.0,3.0,10.0,0.0,0
1081,2022,8,Azerbaijan Grand Prix,852,Yuki,Tsunoda,213,AlphaTauri,8.0,8.0,11.0,12.0,0.0,17.0,7.0,0.0,0
1081,2022,8,Azerbaijan Grand Prix,854,Mick,Schumacher,210,Haas F1 Team,20.0,20.0,0.0,19.0,0.0,15.0,8.0,0.0,0
1081,2022,8,Azerbaijan Grand Prix,849,Nicholas,Latifi,3,Williams,18.0,18.0,0.0,21.0,0.0,3.0,10.0,0.0,0
1081,2022,8,Azerbaijan Grand Prix,840,Lance,Stroll,117,Aston Martin,19.0,19.0,2.0,17.0,0.0,7.0,9.0,0.0,0
1081,2022,8,Azerbaijan Grand Prix,825,Kevin,Magnussen,210,Haas F1 Team,16.0,16.0,15.0,10.0,0.0,15.0,8.0,0.0,0
1081,2022,8,Azerbaijan Grand Prix,855,Guanyu,Zhou,51,Alfa Romeo,14.0,14.0,1.0,18.0,0.0,41.0,5.0,0.0,0
1081,2022,8,Azerbaijan Grand Prix,844,Charles,Leclerc,6,Ferrari,1.0,1.0,116.0,2.0,2.0,199.0,2.0,2.0,0
1081,2022,8,Azerbaijan Grand Prix,832,Carlos,Sainz,6,Ferrari,4.0,4.0,83.0,5.0,0.0,199.0,2.0,2.0,0
1082,2022,9,Canadian Grand Prix,830,Max,Verstappen,9,Red Bull,1.0,1.0,150.0,1.0,5.0,279.0,1.0,6.0,1
1082,2022,9,Canadian Grand Prix,832,Carlos,Sainz,6,Ferrari,3.0,3.0,83.0,5.0,0.0,199.0,2.0,2.0,1
1082,2022,9,Canadian Grand Prix,1,Lewis,Hamilton,131,Mercedes,4.0,4.0,62.0,6.0,0.0,161.0,3.0,0.0,1
1082,2022,9,Canadian Grand Prix,847,George,Russell,131,Mercedes,8.0,8.0,99.0,4.0,0.0,161.0,3.0,0.0,0
1082,2022,9,Canadian Grand Prix,844,Charles,Leclerc,6,Ferrari,19.0,15.0,116.0,3.0,2.0,199.0,2.0,2.0,0
1082,2022,9,Canadian Grand Prix,839,Esteban,Ocon,214,Alpine F1 Team,7.0,7.0,31.0,9.0,0.0,47.0,5.0,0.0,0
1082,2022,9,Canadian Grand Prix,822,Valtteri,Bottas,51,Alfa Romeo,11.0,11.0,40.0,8.0,0.0,41.0,6.0,0.0,0
1082,2022,9,Canadian Grand Prix,855,Guanyu,Zhou,51,Alfa Romeo,10.0,10.0,1.0,18.0,0.0,41.0,6.0,0.0,0
1082,2022,9,Canadian Grand Prix,4,Fernando,Alonso,214,Alpine F1 Team,2.0,2.0,16.0,11.0,0.0,47.0,5.0,0.0,0
1082,2022,9,Canadian Grand Prix,840,Lance,Stroll,117,Aston Martin,17.0,18.0,2.0,17.0,0.0,15.0,9.0,0.0,0
1082,2022,9,Canadian Grand Prix,817,Daniel,Ricciardo,1,McLaren,9.0,9.0,15.0,13.0,0.0,65.0,4.0,0.0,0
1082,2022,9,Canadian Grand Prix,20,Sebastian,Vettel,117,Aston Martin,16.0,17.0,13.0,14.0,0.0,15.0,9.0,0.0,0
1082,2022,9,Canadian Grand Prix,848,Alexander,Albon,3,Williams,12.0,12.0,3.0,16.0,0.0,3.0,10.0,0.0,0
1082,2022,9,Canadian Grand Prix,842,Pierre,Gasly,213,AlphaTauri,15.0,16.0,16.0,10.0,0.0,27.0,7.0,0.0,0
1082,2022,9,Canadian Grand Prix,846,Lando,Norris,1,McLaren,14.0,14.0,50.0,7.0,0.0,65.0,4.0,0.0,0
1082,2022,9,Canadian Grand Prix,849,Nicholas,Latifi,3,Williams,18.0,19.0,0.0,21.0,0.0,3.0,10.0,0.0,0
1082,2022,9,Canadian Grand Prix,825,Kevin,Magnussen,210,Haas F1 Team,5.0,5.0,15.0,12.0,0.0,15.0,8.0,0.0,0
1082,2022,9,Canadian Grand Prix,852,Yuki,Tsunoda,213,AlphaTauri,20.0,20.0,11.0,15.0,0.0,27.0,7.0,0.0,0
1082,2022,9,Canadian Grand Prix,854,Mick,Schumacher,210,Haas F1 Team,6.0,6.0,0.0,19.0,0.0,15.0,8.0,0.0,0
1082,2022,9,Canadian Grand Prix,815,Sergio,Pérez,9,Red Bull,13.0,13.0,129.0,2.0,1.0,279.0,1.0,6.0,0
1083,2022,10,British Grand Prix,832,Carlos,Sainz,6,Ferrari,1.0,1.0,102.0,5.0,0.0,228.0,2.0,2.0,1
1083,2022,10,British Grand Prix,815,Sergio,Pérez,9,Red Bull,4.0,4.0,129.0,2.0,1.0,304.0,1.0,7.0,1
1083,2022,10,British Grand Prix,1,Lewis,Hamilton,131,Mercedes,5.0,5.0,77.0,6.0,0.0,188.0,3.0,0.0,1
1083,2022,10,British Grand Prix,844,Charles,Leclerc,6,Ferrari,3.0,3.0,126.0,3.0,2.0,228.0,2.0,2.0,0
1083,2022,10,British Grand Prix,4,Fernando,Alonso,214,Alpine F1 Team,7.0,7.0,18.0,10.0,0.0,57.0,5.0,0.0,0
1083,2022,10,British Grand Prix,846,Lando,Norris,1,McLaren,6.0,6.0,50.0,7.0,0.0,65.0,4.0,0.0,0
1083,2022,10,British Grand Prix,830,Max,Verstappen,9,Red Bull,2.0,2.0,175.0,1.0,6.0,304.0,1.0,7.0,0
1083,2022,10,British Grand Prix,854,Mick,Schumacher,210,Haas F1 Team,19.0,19.0,0.0,19.0,0.0,15.0,9.0,0.0,0
1083,2022,10,British Grand Prix,20,Sebastian,Vettel,117,Aston Martin,18.0,18.0,13.0,14.0,0.0,16.0,8.0,0.0,0
1083,2022,10,British Grand Prix,825,Kevin,Magnussen,210,Haas F1 Team,17.0,17.0,15.0,12.0,0.0,15.0,9.0,0.0,0
1083,2022,10,British Grand Prix,840,Lance,Stroll,117,Aston Martin,20.0,20.0,3.0,18.0,0.0,16.0,8.0,0.0,0
1083,2022,10,British Grand Prix,849,Nicholas,Latifi,3,Williams,10.0,10.0,0.0,21.0,0.0,3.0,10.0,0.0,0
1083,2022,10,British Grand Prix,817,Daniel,Ricciardo,1,McLaren,14.0,14.0,15.0,13.0,0.0,65.0,4.0,0.0,0
1083,2022,10,British Grand Prix,852,Yuki,Tsunoda,213,AlphaTauri,13.0,13.0,11.0,15.0,0.0,27.0,7.0,0.0,0
1083,2022,10,British Grand Prix,839,Esteban,Ocon,214,Alpine F1 Team,15.0,15.0,39.0,9.0,0.0,57.0,5.0,0.0,0
1083,2022,10,British Grand Prix,842,Pierre,Gasly,213,AlphaTauri,11.0,11.0,16.0,11.0,0.0,27.0,7.0,0.0,0
1083,2022,10,British Grand Prix,822,Valtteri,Bottas,51,Alfa Romeo,12.0,12.0,46.0,8.0,0.0,51.0,6.0,0.0,0
1083,2022,10,British Grand Prix,847,George,Russell,131,Mercedes,8.0,8.0,111.0,4.0,0.0,188.0,3.0,0.0,0
1083,2022,10,British Grand Prix,855,Guanyu,Zhou,51,Alfa Romeo,9.0,9.0,5.0,16.0,0.0,51.0,6.0,0.0,0
1083,2022,10,British Grand Prix,848,Alexander,Albon,3,Williams,16.0,16.0,3.0,17.0,0.0,3.0,10.0,0.0,0
1084,2022,11,Austrian Grand Prix,844,Charles,Leclerc,6,Ferrari,2.0,2.0,138.0,3.0,2.0,265.0,2.0,3.0,1
1084,2022,11,Austrian Grand Prix,830,Max,Verstappen,9,Red Bull,1.0,1.0,181.0,1.0,6.0,328.0,1.0,7.0,1
1084,2022,11,Austrian Grand Prix,1,Lewis,Hamilton,131,Mercedes,8.0,9.0,93.0,6.0,0.0,204.0,3.0,0.0,1
1084,2022,11,Austrian Grand Prix,847,George,Russell,131,Mercedes,4.0,4.0,111.0,5.0,0.0,204.0,3.0,0.0,0
1084,2022,11,Austrian Grand Prix,839,Esteban,Ocon,214,Alpine F1 Team,6.0,5.0,39.0,9.0,0.0,67.0,5.0,0.0,0
1084,2022,11,Austrian Grand Prix,854,Mick,Schumacher,210,Haas F1 Team,9.0,7.0,4.0,17.0,0.0,20.0,8.0,0.0,0
1084,2022,11,Austrian Grand Prix,846,Lando,Norris,1,McLaren,10.0,15.0,58.0,7.0,0.0,73.0,4.0,0.0,0
1084,2022,11,Austrian Grand Prix,825,Kevin,Magnussen,210,Haas F1 Team,7.0,6.0,16.0,12.0,0.0,20.0,8.0,0.0,0
1084,2022,11,Austrian Grand Prix,817,Daniel,Ricciardo,1,McLaren,11.0,16.0,15.0,14.0,0.0,73.0,4.0,0.0,0
1084,2022,11,Austrian Grand Prix,4,Fernando,Alonso,214,Alpine F1 Team,19.0,8.0,28.0,10.0,0.0,67.0,5.0,0.0,0
1084,2022,11,Austrian Grand Prix,822,Valtteri,Bottas,51,Alfa Romeo,0.0,12.0,46.0,8.0,0.0,51.0,6.0,0.0,0
1084,2022,11,Austrian Grand Prix,848,Alexander,Albon,3,Williams,15.0,11.0,3.0,18.0,0.0,3.0,10.0,0.0,0
1084,2022,11,Austrian Grand Prix,840,Lance,Stroll,117,Aston Martin,12.0,17.0,3.0,19.0,0.0,18.0,9.0,0.0,0
1084,2022,11,Austrian Grand Prix,855,Guanyu,Zhou,51,Alfa Romeo,13.0,18.0,5.0,16.0,0.0,51.0,6.0,0.0,0
1084,2022,11,Austrian Grand Prix,842,Pierre,Gasly,213,AlphaTauri,14.0,10.0,16.0,11.0,0.0,27.0,7.0,0.0,0
1084,2022,11,Austrian Grand Prix,852,Yuki,Tsunoda,213,AlphaTauri,16.0,14.0,11.0,15.0,0.0,27.0,7.0,0.0,0
1084,2022,11,Austrian Grand Prix,20,Sebastian,Vettel,117,Aston Martin,18.0,20.0,15.0,13.0,0.0,18.0,9.0,0.0,0
1084,2022,11,Austrian Grand Prix,832,Carlos,Sainz,6,Ferrari,3.0,3.0,127.0,4.0,1.0,265.0,2.0,3.0,0
1084,2022,11,Austrian Grand Prix,849,Nicholas,Latifi,3,Williams,17.0,19.0,0.0,20.0,0.0,3.0,10.0,0.0,0
1084,2022,11,Austrian Grand Prix,815,Sergio,Pérez,9,Red Bull,5.0,13.0,147.0,2.0,1.0,328.0,1.0,7.0,0
1085,2022,12,French Grand Prix,830,Max,Verstappen,9,Red Bull,2.0,2.0,208.0,1.0,6.0,359.0,1.0,7.0,1
1085,2022,12,French Grand Prix,1,Lewis,Hamilton,131,Mercedes,4.0,4.0,109.0,6.0,0.0,237.0,3.0,0.0,1
1085,2022,12,French Grand Prix,847,George,Russell,131,Mercedes,6.0,6.0,128.0,5.0,0.0,237.0,3.0,0.0,1
1085,2022,12,French Grand Prix,815,Sergio,Pérez,9,Red Bull,3.0,3.0,151.0,3.0,1.0,359.0,1.0,7.0,0
1085,2022,12,French Grand Prix,832,Carlos,Sainz,6,Ferrari,19.0,9.0,133.0,4.0,1.0,303.0,2.0,4.0,0
1085,2022,12,French Grand Prix,4,Fernando,Alonso,214,Alpine F1 Team,7.0,7.0,29.0,10.0,0.0,81.0,5.0,0.0,0
1085,2022,12,French Grand Prix,846,Lando,Norris,1,McLaren,5.0,5.0,64.0,7.0,0.0,81.0,4.0,0.0,0
1085,2022,12,French Grand Prix,839,Esteban,Ocon,214,Alpine F1 Team,10.0,12.0,52.0,8.0,0.0,81.0,5.0,0.0,0
1085,2022,12,French Grand Prix,817,Daniel,Ricciardo,1,McLaren,9.0,11.0,17.0,12.0,0.0,81.0,4.0,0.0,0
1085,2022,12,French Grand Prix,840,Lance,Stroll,117,Aston Martin,15.0,17.0,3.0,19.0,0.0,18.0,9.0,0.0,0
1085,2022,12,French Grand Prix,20,Sebastian,Vettel,117,Aston Martin,12.0,14.0,15.0,14.0,0.0,18.0,9.0,0.0,0
1085,2022,12,French Grand Prix,842,Pierre,Gasly,213,AlphaTauri,14.0,16.0,16.0,13.0,0.0,27.0,8.0,0.0,0
1085,2022,12,French Grand Prix,848,Alexander,Albon,3,Williams,13.0,15.0,3.0,18.0,0.0,3.0,10.0,0.0,0
1085,2022,12,French Grand Prix,822,Valtteri,Bottas,51,Alfa Romeo,11.0,13.0,46.0,9.0,0.0,51.0,6.0,0.0,0
1085,2022,12,French Grand Prix,854,Mick,Schumacher,210,Haas F1 Team,17.0,19.0,12.0,15.0,0.0,34.0,7.0,0.0,0
1085,2022,12,French Grand Prix,855,Guanyu,Zhou,51,Alfa Romeo,16.0,18.0,5.0,17.0,0.0,51.0,6.0,0.0,0
1085,2022,12,French Grand Prix,849,Nicholas,Latifi,3,Williams,18.0,20.0,0.0,20.0,0.0,3.0,10.0,0.0,0
1085,2022,12,French Grand Prix,825,Kevin,Magnussen,210,Haas F1 Team,20.0,10.0,22.0,11.0,0.0,34.0,7.0,0.0,0
1085,2022,12,French Grand Prix,844,Charles,Leclerc,6,Ferrari,1.0,1.0,170.0,2.0,3.0,303.0,2.0,4.0,0
1085,2022,12,French Grand Prix,852,Yuki,Tsunoda,213,AlphaTauri,8.0,8.0,11.0,16.0,0.0,27.0,8.0,0.0,0
1086,2022,13,Hungarian Grand Prix,830,Max,Verstappen,9,Red Bull,10.0,10.0,233.0,1.0,7.0,396.0,1.0,8.0,1
1086,2022,13,Hungarian Grand Prix,1,Lewis,Hamilton,131,Mercedes,7.0,7.0,127.0,6.0,0.0,270.0,3.0,0.0,1
1086,2022,13,Hungarian Grand Prix,847,George,Russell,131,Mercedes,1.0,1.0,143.0,5.0,0.0,270.0,3.0,0.0,1
1086,2022,13,Hungarian Grand Prix,832,Carlos,Sainz,6,Ferrari,2.0,2.0,144.0,4.0,1.0,314.0,2.0,4.0,0
1086,2022,13,Hungarian Grand Prix,815,Sergio,Pérez,9,Red Bull,11.0,11.0,163.0,3.0,1.0,396.0,1.0,8.0,0
1086,2022,13,Hungarian Grand Prix,844,Charles,Leclerc,6,Ferrari,3.0,3.0,170.0,2.0,3.0,314.0,2.0,4.0,0
1086,2022,13,Hungarian Grand Prix,846,Lando,Norris,1,McLaren,4.0,4.0,70.0,7.0,0.0,89.0,5.0,0.0,0
1086,2022,13,Hungarian Grand Prix,4,Fernando,Alonso,214,Alpine F1 Team,6.0,6.0,37.0,10.0,0.0,93.0,4.0,0.0,0
1086,2022,13,Hungarian Grand Prix,839,Esteban,Ocon,214,Alpine F1 Team,5.0,5.0,56.0,8.0,0.0,93.0,4.0,0.0,0
1086,2022,13,Hungarian Grand Prix,20,Sebastian,Vettel,117,Aston Martin,18.0,18.0,15.0,14.0,0.0,19.0,9.0,0.0,0
1086,2022,13,Hungarian Grand Prix,840,Lance,Stroll,117,Aston Martin,14.0,14.0,4.0,18.0,0.0,19.0,9.0,0.0,0
1086,2022,13,Hungarian Grand Prix,842,Pierre,Gasly,213,AlphaTauri,0.0,19.0,16.0,13.0,0.0,27.0,8.0,0.0,0
1086,2022,13,Hungarian Grand Prix,855,Guanyu,Zhou,51,Alfa Romeo,12.0,12.0,5.0,17.0,0.0,51.0,6.0,0.0,0
1086,2022,13,Hungarian Grand Prix,854,Mick,Schumacher,210,Haas F1 Team,15.0,15.0,12.0,15.0,0.0,34.0,7.0,0.0,0
1086,2022,13,Hungarian Grand Prix,817,Daniel,Ricciardo,1,McLaren,9.0,9.0,19.0,12.0,0.0,89.0,5.0,0.0,0
1086,2022,13,Hungarian Grand Prix,825,Kevin,Magnussen,210,Haas F1 Team,13.0,13.0,22.0,11.0,0.0,34.0,7.0,0.0,0
1086,2022,13,Hungarian Grand Prix,848,Alexander,Albon,3,Williams,17.0,17.0,3.0,19.0,0.0,3.0,10.0,0.0,0
1086,2022,13,Hungarian Grand Prix,849,Nicholas,Latifi,3,Williams,19.0,20.0,0.0,20.0,0.0,3.0,10.0,0.0,0
1086,2022,13,Hungarian Grand Prix,852,Yuki,Tsunoda,213,AlphaTauri,16.0,16.0,11.0,16.0,0.0,27.0,8.0,0.0,0
1086,2022,13,Hungarian Grand Prix,822,Valtteri,Bottas,51,Alfa Romeo,8.0,8.0,46.0,9.0,0.0,51.0,6.0,0.0,0
1087,2022,14,Belgian Grand Prix,830,Max,Verstappen,9,Red Bull,14.0,1.0,258.0,1.0,8.0,431.0,1.0,9.0,1
1087,2022,14,Belgian Grand Prix,815,Sergio,Pérez,9,Red Bull,2.0,3.0,173.0,3.0,1.0,431.0,1.0,9.0,1
1087,2022,14,Belgian Grand Prix,832,Carlos,Sainz,6,Ferrari,1.0,2.0,156.0,5.0,1.0,334.0,2.0,4.0,1
1087,2022,14,Belgian Grand Prix,847,George,Russell,131,Mercedes,5.0,8.0,158.0,4.0,0.0,304.0,3.0,0.0,0
1087,2022,14,Belgian Grand Prix,4,Fernando,Alonso,214,Alpine F1 Team,3.0,6.0,41.0,10.0,0.0,99.0,4.0,0.0,0
1087,2022,14,Belgian Grand Prix,844,Charles,Leclerc,6,Ferrari,15.0,4.0,178.0,2.0,3.0,334.0,2.0,4.0,0
1087,2022,14,Belgian Grand Prix,839,Esteban,Ocon,214,Alpine F1 Team,16.0,5.0,58.0,8.0,0.0,99.0,4.0,0.0,0
1087,2022,14,Belgian Grand Prix,20,Sebastian,Vettel,117,Aston Martin,10.0,16.0,16.0,14.0,0.0,20.0,9.0,0.0,0
1087,2022,14,Belgian Grand Prix,842,Pierre,Gasly,213,AlphaTauri,0.0,12.0,16.0,13.0,0.0,27.0,8.0,0.0,0
1087,2022,14,Belgian Grand Prix,848,Alexander,Albon,3,Williams,6.0,9.0,3.0,19.0,0.0,3.0,10.0,0.0,0
1087,2022,14,Belgian Grand Prix,840,Lance,Stroll,117,Aston Martin,9.0,14.0,4.0,18.0,0.0,20.0,9.0,0.0,0
1087,2022,14,Belgian Grand Prix,846,Lando,Norris,1,McLaren,17.0,10.0,76.0,7.0,0.0,95.0,5.0,0.0,0
1087,2022,14,Belgian Grand Prix,852,Yuki,Tsunoda,213,AlphaTauri,0.0,19.0,11.0,16.0,0.0,27.0,8.0,0.0,0
1087,2022,14,Belgian Grand Prix,855,Guanyu,Zhou,51,Alfa Romeo,18.0,13.0,5.0,17.0,0.0,51.0,6.0,0.0,0
1087,2022,14,Belgian Grand Prix,817,Daniel,Ricciardo,1,McLaren,7.0,11.0,19.0,12.0,0.0,95.0,5.0,0.0,0
1087,2022,14,Belgian Grand Prix,825,Kevin,Magnussen,210,Haas F1 Team,12.0,18.0,22.0,11.0,0.0,34.0,7.0,0.0,0
1087,2022,14,Belgian Grand Prix,854,Mick,Schumacher,210,Haas F1 Team,19.0,15.0,12.0,15.0,0.0,34.0,7.0,0.0,0
1087,2022,14,Belgian Grand Prix,849,Nicholas,Latifi,3,Williams,11.0,17.0,0.0,20.0,0.0,3.0,10.0,0.0,0
1087,2022,14,Belgian Grand Prix,822,Valtteri,Bottas,51,Alfa Romeo,13.0,20.0,46.0,9.0,0.0,51.0,6.0,0.0,0
1087,2022,14,Belgian Grand Prix,1,Lewis,Hamilton,131,Mercedes,4.0,7.0,146.0,6.0,0.0,304.0,3.0,0.0,0
1088,2022,15,Dutch Grand Prix,830,Max,Verstappen,9,Red Bull,1.0,1.0,284.0,1.0,9.0,475.0,1.0,10.0,1
1088,2022,15,Dutch Grand Prix,847,George,Russell,131,Mercedes,6.0,6.0,170.0,5.0,0.0,316.0,3.0,0.0,1
1088,2022,15,Dutch Grand Prix,844,Charles,Leclerc,6,Ferrari,2.0,2.0,186.0,3.0,3.0,357.0,2.0,4.0,1
1088,2022,15,Dutch Grand Prix,1,Lewis,Hamilton,131,Mercedes,4.0,4.0,146.0,6.0,0.0,316.0,3.0,0.0,0
1088,2022,15,Dutch Grand Prix,815,Sergio,Pérez,9,Red Bull,5.0,5.0,191.0,2.0,1.0,475.0,1.0,10.0,0
1088,2022,15,Dutch Grand Prix,4,Fernando,Alonso,214,Alpine F1 Team,13.0,13.0,51.0,9.0,0.0,115.0,4.0,0.0,0
1088,2022,15,Dutch Grand Prix,846,Lando,Norris,1,McLaren,7.0,7.0,76.0,7.0,0.0,95.0,5.0,0.0,0
1088,2022,15,Dutch Grand Prix,832,Carlos,Sainz,6,Ferrari,3.0,3.0,171.0,4.0,1.0,357.0,2.0,4.0,0
1088,2022,15,Dutch Grand Prix,839,Esteban,Ocon,214,Alpine F1 Team,12.0,12.0,64.0,8.0,0.0,115.0,4.0,0.0,0
1088,2022,15,Dutch Grand Prix,840,Lance,Stroll,117,Aston Martin,10.0,10.0,4.0,19.0,0.0,24.0,9.0,0.0,0
1088,2022,15,Dutch Grand Prix,842,Pierre,Gasly,213,AlphaTauri,11.0,11.0,18.0,14.0,0.0,29.0,8.0,0.0,0
1088,2022,15,Dutch Grand Prix,848,Alexander,Albon,3,Williams,15.0,15.0,4.0,18.0,0.0,4.0,10.0,0.0,0
1088,2022,15,Dutch Grand Prix,854,Mick,Schumacher,210,Haas F1 Team,8.0,8.0,12.0,15.0,0.0,34.0,7.0,0.0,0
1088,2022,15,Dutch Grand Prix,20,Sebastian,Vettel,117,Aston Martin,19.0,19.0,20.0,12.0,0.0,24.0,9.0,0.0,0
1088,2022,15,Dutch Grand Prix,825,Kevin,Magnussen,210,Haas F1 Team,18.0,18.0,22.0,11.0,0.0,34.0,7.0,0.0,0
1088,2022,15,Dutch Grand Prix,855,Guanyu,Zhou,51,Alfa Romeo,14.0,14.0,5.0,17.0,0.0,51.0,6.0,0.0,0
1088,2022,15,Dutch Grand Prix,817,Daniel,Ricciardo,1,McLaren,17.0,17.0,19.0,13.0,0.0,95.0,5.0,0.0,0
1088,2022,15,Dutch Grand Prix,849,Nicholas,Latifi,3,Williams,20.0,20.0,0.0,20.0,0.0,4.0,10.0,0.0,0
1088,2022,15,Dutch Grand Prix,822,Valtteri,Bottas,51,Alfa Romeo,16.0,16.0,46.0,10.0,0.0,51.0,6.0,0.0,0
1088,2022,15,Dutch Grand Prix,852,Yuki,Tsunoda,213,AlphaTauri,9.0,9.0,11.0,16.0,0.0,29.0,8.0,0.0,0
1089,2022,16,Italian Grand Prix,830,Max,Verstappen,9,Red Bull,7.0,2.0,310.0,1.0,10.0,511.0,1.0,11.0,1
1089,2022,16,Italian Grand Prix,844,Charles,Leclerc,6,Ferrari,1.0,1.0,201.0,2.0,3.0,376.0,2.0,4.0,1
1089,2022,16,Italian Grand Prix,847,George,Russell,131,Mercedes,2.0,6.0,188.0,4.0,0.0,346.0,3.0,0.0,1
1089,2022,16,Italian Grand Prix,832,Carlos,Sainz,6,Ferrari,18.0,3.0,175.0,5.0,1.0,376.0,2.0,4.0,0
1089,2022,16,Italian Grand Prix,1,Lewis,Hamilton,131,Mercedes,19.0,5.0,158.0,6.0,0.0,346.0,3.0,0.0,0
1089,2022,16,Italian Grand Prix,815,Sergio,Pérez,9,Red Bull,13.0,4.0,201.0,3.0,1.0,511.0,1.0,11.0,0
1089,2022,16,Italian Grand Prix,846,Lando,Norris,1,McLaren,3.0,7.0,82.0,7.0,0.0,101.0,5.0,0.0,0
1089,2022,16,Italian Grand Prix,842,Pierre,Gasly,213,AlphaTauri,5.0,9.0,18.0,14.0,0.0,29.0,8.0,0.0,0
1089,2022,16,Italian Grand Prix,856,Nyck,de Vries,3,Williams,8.0,13.0,0.0,28.0,0.0,4.0,10.0,0.0,0
1089,2022,16,Italian Grand Prix,855,Guanyu,Zhou,51,Alfa Romeo,9.0,14.0,5.0,17.0,0.0,51.0,6.0,0.0,0
1089,2022,16,Italian Grand Prix,839,Esteban,Ocon,214,Alpine F1 Team,14.0,11.0,66.0,8.0,0.0,125.0,4.0,0.0,0
1089,2022,16,Italian Grand Prix,854,Mick,Schumacher,210,Haas F1 Team,17.0,20.0,12.0,15.0,0.0,34.0,7.0,0.0,0
1089,2022,16,Italian Grand Prix,822,Valtteri,Bottas,51,Alfa Romeo,15.0,12.0,46.0,10.0,0.0,51.0,6.0,0.0,0
1089,2022,16,Italian Grand Prix,852,Yuki,Tsunoda,213,AlphaTauri,20.0,15.0,11.0,16.0,0.0,29.0,8.0,0.0,0
1089,2022,16,Italian Grand Prix,849,Nicholas,Latifi,3,Williams,10.0,16.0,0.0,20.0,0.0,4.0,10.0,0.0,0
1089,2022,16,Italian Grand Prix,825,Kevin,Magnussen,210,Haas F1 Team,16.0,19.0,22.0,11.0,0.0,34.0,7.0,0.0,0
1089,2022,16,Italian Grand Prix,817,Daniel,Ricciardo,1,McLaren,4.0,8.0,19.0,13.0,0.0,101.0,5.0,0.0,0
1089,2022,16,Italian Grand Prix,840,Lance,Stroll,117,Aston Martin,12.0,18.0,5.0,18.0,0.0,25.0,9.0,0.0,0
1089,2022,16,Italian Grand Prix,4,Fernando,Alonso,214,Alpine F1 Team,6.0,10.0,59.0,9.0,0.0,125.0,4.0,0.0,0
1089,2022,16,Italian Grand Prix,20,Sebastian,Vettel,117,Aston Martin,11.0,17.0,20.0,12.0,0.0,25.0,9.0,0.0,0
1091,2022,17,Singapore Grand Prix,815,Sergio,Pérez,9,Red Bull,2.0,2.0,210.0,3.0,1.0,545.0,1.0,12.0,1
1091,2022,17,Singapore Grand Prix,844,Charles,Leclerc,6,Ferrari,1.0,1.0,219.0,2.0,3.0,406.0,2.0,4.0,1
1091,2022,17,Singapore Grand Prix,832,Carlos,Sainz,6,Ferrari,4.0,4.0,187.0,5.0,1.0,406.0,2.0,4.0,1
1091,2022,17,Singapore Grand Prix,846,Lando,Norris,1,McLaren,6.0,6.0,88.0,7.0,0.0,107.0,5.0,0.0,0
1091,2022,17,Singapore Grand Prix,817,Daniel,Ricciardo,1,McLaren,16.0,17.0,19.0,14.0,0.0,107.0,5.0,0.0,0
1091,2022,17,Singapore Grand Prix,840,Lance,Stroll,117,Aston Martin,11.0,12.0,5.0,18.0,0.0,25.0,9.0,0.0,0
1091,2022,17,Singapore Grand Prix,830,Max,Verstappen,9,Red Bull,8.0,8.0,335.0,1.0,11.0,545.0,1.0,12.0,0
1091,2022,17,Singapore Grand Prix,20,Sebastian,Vettel,117,Aston Martin,13.0,14.0,20.0,13.0,0.0,25.0,9.0,0.0,0
1091,2022,17,Singapore Grand Prix,1,Lewis,Hamilton,131,Mercedes,3.0,3.0,168.0,6.0,0.0,371.0,3.0,0.0,0
1091,2022,17,Singapore Grand Prix,842,Pierre,Gasly,213,AlphaTauri,7.0,7.0,22.0,11.0,0.0,33.0,8.0,0.0,0
1091,2022,17,Singapore Grand Prix,822,Valtteri,Bottas,51,Alfa Romeo,15.0,16.0,46.0,10.0,0.0,52.0,6.0,0.0,0
1091,2022,17,Singapore Grand Prix,825,Kevin,Magnussen,210,Haas F1 Team,9.0,9.0,22.0,12.0,0.0,34.0,7.0,0.0,0
1091,2022,17,Singapore Grand Prix,854,Mick,Schumacher,210,Haas F1 Team,12.0,13.0,12.0,15.0,0.0,34.0,7.0,0.0,0
1091,2022,17,Singapore Grand Prix,847,George,Russell,131,Mercedes,0.0,11.0,203.0,4.0,0.0,371.0,3.0,0.0,0
1091,2022,17,Singapore Grand Prix,852,Yuki,Tsunoda,213,AlphaTauri,10.0,10.0,11.0,16.0,0.0,33.0,8.0,0.0,0
1091,2022,17,Singapore Grand Prix,839,Esteban,Ocon,214,Alpine F1 Team,17.0,18.0,66.0,8.0,0.0,125.0,4.0,0.0,0
1091,2022,17,Singapore Grand Prix,848,Alexander,Albon,3,Williams,18.0,19.0,4.0,19.0,0.0,6.0,10.0,0.0,0
1091,2022,17,Singapore Grand Prix,4,Fernando,Alonso,214,Alpine F1 Team,5.0,5.0,59.0,9.0,0.0,125.0,4.0,0.0,0
1091,2022,17,Singapore Grand Prix,849,Nicholas,Latifi,3,Williams,19.0,20.0,0.0,21.0,0.0,6.0,10.0,0.0,0
1091,2022,17,Singapore Grand Prix,855,Guanyu,Zhou,51,Alfa Romeo,14.0,15.0,6.0,17.0,0.0,52.0,6.0,0.0,0
1092,2022,18,Japanese Grand Prix,830,Max,Verstappen,9,Red Bull,1.0,1.0,341.0,1.0,11.0,576.0,1.0,13.0,1
1092,2022,18,Japanese Grand Prix,815,Sergio,Pérez,9,Red Bull,4.0,4.0,235.0,3.0,2.0,576.0,1.0,13.0,1
1092,2022,18,Japanese Grand Prix,844,Charles,Leclerc,6,Ferrari,2.0,2.0,237.0,2.0,3.0,439.0,2.0,4.0,1
1092,2022,18,Japanese Grand Prix,839,Esteban,Ocon,214,Alpine F1 Team,5.0,5.0,66.0,8.0,0.0,125.0,5.0,0.0,0
1092,2022,18,Japanese Grand Prix,1,Lewis,Hamilton,131,Mercedes,6.0,6.0,170.0,6.0,0.0,373.0,3.0,0.0,0
1092,2022,18,Japanese Grand Prix,20,Sebastian,Vettel,117,Aston Martin,9.0,9.0,24.0,12.0,0.0,37.0,7.0,0.0,0
1092,2022,18,Japanese Grand Prix,4,Fernando,Alonso,214,Alpine F1 Team,7.0,7.0,59.0,9.0,0.0,125.0,5.0,0.0,0
1092,2022,18,Japanese Grand Prix,847,George,Russell,131,Mercedes,8.0,8.0,203.0,4.0,0.0,373.0,3.0,0.0,0
1092,2022,18,Japanese Grand Prix,849,Nicholas,Latifi,3,Williams,20.0,20.0,0.0,21.0,0.0,6.0,10.0,0.0,0
1092,2022,18,Japanese Grand Prix,846,Lando,Norris,1,McLaren,10.0,10.0,100.0,7.0,0.0,129.0,4.0,0.0,0
1092,2022,18,Japanese Grand Prix,817,Daniel,Ricciardo,1,McLaren,11.0,11.0,29.0,11.0,0.0,129.0,4.0,0.0,0
1092,2022,18,Japanese Grand Prix,840,Lance,Stroll,117,Aston Martin,19.0,19.0,13.0,15.0,0.0,37.0,7.0,0.0,0
1092,2022,18,Japanese Grand Prix,852,Yuki,Tsunoda,213,AlphaTauri,13.0,13.0,11.0,17.0,0.0,34.0,9.0,0.0,0
1092,2022,18,Japanese Grand Prix,825,Kevin,Magnussen,210,Haas F1 Team,18.0,18.0,22.0,14.0,0.0,34.0,8.0,0.0,0
1092,2022,18,Japanese Grand Prix,822,Valtteri,Bottas,51,Alfa Romeo,12.0,12.0,46.0,10.0,0.0,52.0,6.0,0.0,0
1092,2022,18,Japanese Grand Prix,855,Guanyu,Zhou,51,Alfa Romeo,14.0,14.0,6.0,18.0,0.0,52.0,6.0,0.0,0
1092,2022,18,Japanese Grand Prix,854,Mick,Schumacher,210,Haas F1 Team,15.0,15.0,12.0,16.0,0.0,34.0,8.0,0.0,0
1092,2022,18,Japanese Grand Prix,842,Pierre,Gasly,213,AlphaTauri,17.0,17.0,23.0,13.0,0.0,34.0,9.0,0.0,0
1092,2022,18,Japanese Grand Prix,832,Carlos,Sainz,6,Ferrari,3.0,3.0,202.0,5.0,1.0,439.0,2.0,4.0,0
1092,2022,18,Japanese Grand Prix,848,Alexander,Albon,3,Williams,16.0,16.0,4.0,19.0,0.0,6.0,10.0,0.0,0
1093,2022,19,United States Grand Prix,830,Max,Verstappen,9,Red Bull,2.0,3.0,366.0,1.0,12.0,619.0,1.0,14.0,1
1093,2022,19,United States Grand Prix,1,Lewis,Hamilton,131,Mercedes,3.0,5.0,180.0,6.0,0.0,387.0,3.0,0.0,1
1093,2022,19,United States Grand Prix,844,Charles,Leclerc,6,Ferrari,12.0,2.0,252.0,3.0,3.0,454.0,2.0,4.0,1
1093,2022,19,United States Grand Prix,815,Sergio,Pérez,9,Red Bull,9.0,4.0,253.0,2.0,2.0,619.0,1.0,14.0,0
1093,2022,19,United States Grand Prix,847,George,Russell,131,Mercedes,4.0,6.0,207.0,4.0,0.0,387.0,3.0,0.0,0
1093,2022,19,United States Grand Prix,846,Lando,Norris,1,McLaren,6.0,8.0,101.0,7.0,0.0,130.0,5.0,0.0,0
1093,2022,19,United States Grand Prix,4,Fernando,Alonso,214,Alpine F1 Team,14.0,9.0,65.0,9.0,0.0,143.0,4.0,0.0,0
1093,2022,19,United States Grand Prix,20,Sebastian,Vettel,117,Aston Martin,10.0,12.0,32.0,11.0,0.0,45.0,7.0,0.0,0
1093,2022,19,United States Grand Prix,825,Kevin,Magnussen,210,Haas F1 Team,13.0,16.0,22.0,14.0,0.0,34.0,8.0,0.0,0
1093,2022,19,United States Grand Prix,852,Yuki,Tsunoda,213,AlphaTauri,19.0,15.0,11.0,17.0,0.0,34.0,9.0,0.0,0
1093,2022,19,United States Grand Prix,839,Esteban,Ocon,214,Alpine F1 Team,0.0,18.0,78.0,8.0,0.0,143.0,4.0,0.0,0
1093,2022,19,United States Grand Prix,855,Guanyu,Zhou,51,Alfa Romeo,18.0,14.0,6.0,18.0,0.0,52.0,6.0,0.0,0
1093,2022,19,United States Grand Prix,848,Alexander,Albon,3,Williams,8.0,11.0,4.0,19.0,0.0,8.0,10.0,0.0,0
1093,2022,19,United States Grand Prix,842,Pierre,Gasly,213,AlphaTauri,11.0,13.0,23.0,13.0,0.0,34.0,9.0,0.0,0
1093,2022,19,United States Grand Prix,854,Mick,Schumacher,210,Haas F1 Team,16.0,19.0,12.0,16.0,0.0,34.0,8.0,0.0,0
1093,2022,19,United States Grand Prix,817,Daniel,Ricciardo,1,McLaren,15.0,17.0,29.0,12.0,0.0,130.0,5.0,0.0,0
1093,2022,19,United States Grand Prix,849,Nicholas,Latifi,3,Williams,17.0,20.0,2.0,20.0,0.0,8.0,10.0,0.0,0
1093,2022,19,United States Grand Prix,840,Lance,Stroll,117,Aston Martin,5.0,7.0,13.0,15.0,0.0,45.0,7.0,0.0,0
1093,2022,19,United States Grand Prix,822,Valtteri,Bottas,51,Alfa Romeo,7.0,10.0,46.0,10.0,0.0,52.0,6.0,0.0,0
1093,2022,19,United States Grand Prix,832,Carlos,Sainz,6,Ferrari,1.0,1.0,202.0,5.0,1.0,454.0,2.0,4.0,0
1094,2022,20,Mexico City Grand Prix,830,Max,Verstappen,9,Red Bull,1.0,1.0,391.0,1.0,13.0,656.0,1.0,15.0,1
1094,2022,20,Mexico City Grand Prix,1,Lewis,Hamilton,131,Mercedes,3.0,3.0,198.0,6.0,0.0,416.0,3.0,0.0,1
1094,2022,20,Mexico City Grand Prix,815,Sergio,Pérez,9,Red Bull,4.0,4.0,265.0,3.0,2.0,656.0,1.0,15.0,1
1094,2022,20,Mexico City Grand Prix,847,George,Russell,131,Mercedes,2.0,2.0,218.0,4.0,0.0,416.0,3.0,0.0,0
1094,2022,20,Mexico City Grand Prix,832,Carlos,Sainz,6,Ferrari,5.0,5.0,202.0,5.0,1.0,469.0,2.0,4.0,0
1094,2022,20,Mexico City Grand Prix,844,Charles,Leclerc,6,Ferrari,7.0,7.0,267.0,2.0,3.0,469.0,2.0,4.0,0
1094,2022,20,Mexico City Grand Prix,817,Daniel,Ricciardo,1,McLaren,11.0,11.0,29.0,12.0,0.0,138.0,5.0,0.0,0
1094,2022,20,Mexico City Grand Prix,839,Esteban,Ocon,214,Alpine F1 Team,10.0,10.0,78.0,8.0,0.0,149.0,4.0,0.0,0
1094,2022,20,Mexico City Grand Prix,846,Lando,Norris,1,McLaren,8.0,8.0,109.0,7.0,0.0,138.0,5.0,0.0,0
1094,2022,20,Mexico City Grand Prix,822,Valtteri,Bottas,51,Alfa Romeo,6.0,6.0,46.0,10.0,0.0,52.0,6.0,0.0,0
1094,2022,20,Mexico City Grand Prix,842,Pierre,Gasly,213,AlphaTauri,14.0,14.0,23.0,14.0,0.0,35.0,9.0,0.0,0
1094,2022,20,Mexico City Grand Prix,848,Alexander,Albon,3,Williams,17.0,19.0,4.0,19.0,0.0,8.0,10.0,0.0,0
1094,2022,20,Mexico City Grand Prix,855,Guanyu,Zhou,51,Alfa Romeo,12.0,12.0,6.0,18.0,0.0,52.0,6.0,0.0,0
1094,2022,20,Mexico City Grand Prix,20,Sebastian,Vettel,117,Aston Martin,16.0,17.0,36.0,11.0,0.0,49.0,7.0,0.0,0
1094,2022,20,Mexico City Grand Prix,840,Lance,Stroll,117,Aston Martin,20.0,18.0,13.0,15.0,0.0,49.0,7.0,0.0,0
1094,2022,20,Mexico City Grand Prix,854,Mick,Schumacher,210,Haas F1 Team,15.0,16.0,12.0,16.0,0.0,36.0,8.0,0.0,0
1094,2022,20,Mexico City Grand Prix,825,Kevin,Magnussen,210,Haas F1 Team,19.0,15.0,24.0,13.0,0.0,36.0,8.0,0.0,0
1094,2022,20,Mexico City Grand Prix,849,Nicholas,Latifi,3,Williams,18.0,20.0,2.0,20.0,0.0,8.0,10.0,0.0,0
1094,2022,20,Mexico City Grand Prix,4,Fernando,Alonso,214,Alpine F1 Team,9.0,9.0,71.0,9.0,0.0,149.0,4.0,0.0,0
1094,2022,20,Mexico City Grand Prix,852,Yuki,Tsunoda,213,AlphaTauri,13.0,13.0,12.0,17.0,0.0,35.0,9.0,0.0,0
1095,2022,21,São Paulo Grand Prix,847,George,Russell,131,Mercedes,1.0,3.0,231.0,4.0,0.0,447.0,3.0,0.0,1
1095,2022,21,São Paulo Grand Prix,1,Lewis,Hamilton,131,Mercedes,2.0,8.0,216.0,5.0,0.0,447.0,3.0,0.0,1
1095,2022,21,São Paulo Grand Prix,832,Carlos,Sainz,6,Ferrari,7.0,5.0,212.0,6.0,1.0,487.0,2.0,4.0,1
1095,2022,21,São Paulo Grand Prix,844,Charles,Leclerc,6,Ferrari,5.0,10.0,275.0,3.0,3.0,487.0,2.0,4.0,0
1095,2022,21,São Paulo Grand Prix,4,Fernando,Alonso,214,Alpine F1 Team,17.0,7.0,71.0,9.0,0.0,153.0,4.0,0.0,0
1095,2022,21,São Paulo Grand Prix,830,Max,Verstappen,9,Red Bull,3.0,2.0,416.0,1.0,14.0,696.0,1.0,16.0,0
1095,2022,21,São Paulo Grand Prix,815,Sergio,Pérez,9,Red Bull,4.0,9.0,280.0,2.0,2.0,696.0,1.0,16.0,0
1095,2022,21,São Paulo Grand Prix,839,Esteban,Ocon,214,Alpine F1 Team,16.0,6.0,82.0,8.0,0.0,153.0,4.0,0.0,0
1095,2022,21,São Paulo Grand Prix,822,Valtteri,Bottas,51,Alfa Romeo,14.0,18.0,47.0,10.0,0.0,53.0,6.0,0.0,0
1095,2022,21,São Paulo Grand Prix,840,Lance,Stroll,117,Aston Martin,15.0,15.0,13.0,15.0,0.0,49.0,7.0,0.0,0
1095,2022,21,São Paulo Grand Prix,20,Sebastian,Vettel,117,Aston Martin,9.0,13.0,36.0,11.0,0.0,49.0,7.0,0.0,0
1095,2022,21,São Paulo Grand Prix,855,Guanyu,Zhou,51,Alfa Romeo,13.0,17.0,6.0,18.0,0.0,53.0,6.0,0.0,0
1095,2022,21,São Paulo Grand Prix,854,Mick,Schumacher,210,Haas F1 Team,12.0,20.0,12.0,16.0,0.0,36.0,8.0,0.0,0
1095,2022,21,São Paulo Grand Prix,842,Pierre,Gasly,213,AlphaTauri,10.0,12.0,23.0,14.0,0.0,35.0,9.0,0.0,0
1095,2022,21,São Paulo Grand Prix,848,Alexander,Albon,3,Williams,19.0,11.0,4.0,19.0,0.0,8.0,10.0,0.0,0
1095,2022,21,São Paulo Grand Prix,849,Nicholas,Latifi,3,Williams,18.0,16.0,2.0,20.0,0.0,8.0,10.0,0.0,0
1095,2022,21,São Paulo Grand Prix,852,Yuki,Tsunoda,213,AlphaTauri,0.0,19.0,12.0,17.0,0.0,35.0,9.0,0.0,0
1095,2022,21,São Paulo Grand Prix,846,Lando,Norris,1,McLaren,6.0,4.0,111.0,7.0,0.0,146.0,5.0,0.0,0
1095,2022,21,São Paulo Grand Prix,825,Kevin,Magnussen,210,Haas F1 Team,8.0,1.0,24.0,13.0,0.0,36.0,8.0,0.0,0
1095,2022,21,São Paulo Grand Prix,817,Daniel,Ricciardo,1,McLaren,11.0,14.0,35.0,12.0,0.0,146.0,5.0,0.0,0
1096,2022,22,Abu Dhabi Grand Prix,830,Max,Verstappen,9,Red Bull,1.0,1.0,429.0,1.0,14.0,719.0,1.0,16.0,1
1096,2022,22,Abu Dhabi Grand Prix,844,Charles,Leclerc,6,Ferrari,3.0,3.0,290.0,2.0,3.0,524.0,2.0,4.0,1
1096,2022,22,Abu Dhabi Grand Prix,815,Sergio,Pérez,9,Red Bull,2.0,2.0,290.0,3.0,2.0,719.0,1.0,16.0,1
1096,2022,22,Abu Dhabi Grand Prix,832,Carlos,Sainz,6,Ferrari,4.0,4.0,234.0,6.0,1.0,524.0,2.0,4.0,0
1096,2022,22,Abu Dhabi Grand Prix,847,George,Russell,131,Mercedes,6.0,6.0,265.0,4.0,1.0,505.0,3.0,1.0,0
1096,2022,22,Abu Dhabi Grand Prix,846,Lando,Norris,1,McLaren,7.0,7.0,113.0,7.0,0.0,148.0,5.0,0.0,0
1096,2022,22,Abu Dhabi Grand Prix,839,Esteban,Ocon,214,Alpine F1 Team,8.0,8.0,86.0,8.0,0.0,167.0,4.0,0.0,0
1096,2022,22,Abu Dhabi Grand Prix,840,Lance,Stroll,117,Aston Martin,14.0,14.0,14.0,15.0,0.0,50.0,7.0,0.0,0
1096,2022,22,Abu Dhabi Grand Prix,817,Daniel,Ricciardo,1,McLaren,13.0,10.0,35.0,12.0,0.0,148.0,5.0,0.0,0
1096,2022,22,Abu Dhabi Grand Prix,20,Sebastian,Vettel,117,Aston Martin,9.0,9.0,36.0,11.0,0.0,50.0,7.0,0.0,0
1096,2022,22,Abu Dhabi Grand Prix,852,Yuki,Tsunoda,213,AlphaTauri,11.0,12.0,12.0,17.0,0.0,35.0,9.0,0.0,0
1096,2022,22,Abu Dhabi Grand Prix,855,Guanyu,Zhou,51,Alfa Romeo,15.0,15.0,6.0,18.0,0.0,55.0,6.0,0.0,0
1096,2022,22,Abu Dhabi Grand Prix,848,Alexander,Albon,3,Williams,19.0,19.0,4.0,19.0,0.0,8.0,10.0,0.0,0
1096,2022,22,Abu Dhabi Grand Prix,842,Pierre,Gasly,213,AlphaTauri,17.0,17.0,23.0,14.0,0.0,35.0,9.0,0.0,0
1096,2022,22,Abu Dhabi Grand Prix,822,Valtteri,Bottas,51,Alfa Romeo,18.0,18.0,49.0,10.0,0.0,55.0,6.0,0.0,0
1096,2022,22,Abu Dhabi Grand Prix,854,Mick,Schumacher,210,Haas F1 Team,12.0,13.0,12.0,16.0,0.0,37.0,8.0,0.0,0
1096,2022,22,Abu Dhabi Grand Prix,825,Kevin,Magnussen,210,Haas F1 Team,16.0,16.0,25.0,13.0,0.0,37.0,8.0,0.0,0
1096,2022,22,Abu Dhabi Grand Prix,1,Lewis,Hamilton,131,Mercedes,5.0,5.0,240.0,5.0,0.0,505.0,3.0,1.0,0
1096,2022,22,Abu Dhabi Grand Prix,849,Nicholas,Latifi,3,Williams,20.0,20.0,2.0,20.0,0.0,8.0,10.0,0.0,0
1096,2022,22,Abu Dhabi Grand Prix,4,Fernando,Alonso,214,Alpine F1 Team,10.0,11.0,81.0,9.0,0.0,167.0,4.0,0.0,0
1098,2023,1,Bahrain Grand Prix,830,Max,Verstappen,9,Red Bull,1.0,1.0,454.0,1.0,15.0,759.0,1.0,17.0,1
1098,2023,1,Bahrain Grand Prix,815,Sergio,Pérez,9,Red Bull,2.0,2.0,305.0,3.0,2.0,759.0,1.0,17.0,1
1098,2023,1,Bahrain Grand Prix,4,Fernando,Alonso,117,Aston Martin,5.0,5.0,81.0,9.0,0.0,55.0,7.0,0.0,1
1098,2023,1,Bahrain Grand Prix,832,Carlos,Sainz,6,Ferrari,4.0,4.0,246.0,5.0,1.0,554.0,2.0,4.0,0
1098,2023,1,Bahrain Grand Prix,1,Lewis,Hamilton,131,Mercedes,7.0,7.0,240.0,6.0,0.0,515.0,3.0,1.0,0
1098,2023,1,Bahrain Grand Prix,840,Lance,Stroll,117,Aston Martin,8.0,8.0,18.0,15.0,0.0,55.0,7.0,0.0,0
1098,2023,1,Bahrain Grand Prix,847,George,Russell,131,Mercedes,6.0,6.0,275.0,4.0,1.0,515.0,3.0,1.0,0
1098,2023,1,Bahrain Grand Prix,822,Valtteri,Bottas,51,Alfa Romeo,12.0,12.0,49.0,10.0,0.0,55.0,6.0,0.0,0
1098,2023,1,Bahrain Grand Prix,842,Pierre,Gasly,214,Alpine F1 Team,20.0,20.0,23.0,14.0,0.0,173.0,4.0,0.0,0
1098,2023,1,Bahrain Grand Prix,848,Alexander,Albon,3,Williams,15.0,15.0,4.0,19.0,0.0,8.0,10.0,0.0,0
1098,2023,1,Bahrain Grand Prix,852,Yuki,Tsunoda,213,AlphaTauri,14.0,14.0,12.0,17.0,0.0,35.0,9.0,0.0,0
1098,2023,1,Bahrain Grand Prix,858,Logan,Sargeant,3,Williams,16.0,16.0,0.0,28.0,0.0,8.0,10.0,0.0,0
1098,2023,1,Bahrain Grand Prix,825,Kevin,Magnussen,210,Haas F1 Team,17.0,17.0,25.0,13.0,0.0,37.0,8.0,0.0,0
1098,2023,1,Bahrain Grand Prix,856,Nyck,de Vries,213,AlphaTauri,19.0,19.0,2.0,21.0,0.0,35.0,9.0,0.0,0
1098,2023,1,Bahrain Grand Prix,807,Nico,Hülkenberg,210,Haas F1 Team,10.0,10.0,0.0,22.0,0.0,37.0,8.0,0.0,0
1098,2023,1,Bahrain Grand Prix,855,Guanyu,Zhou,51,Alfa Romeo,13.0,13.0,6.0,18.0,0.0,55.0,6.0,0.0,0
1098,2023,1,Bahrain Grand Prix,846,Lando,Norris,1,McLaren,11.0,11.0,122.0,7.0,0.0,159.0,5.0,0.0,0
1098,2023,1,Bahrain Grand Prix,839,Esteban,Ocon,214,Alpine F1 Team,9.0,9.0,92.0,8.0,0.0,173.0,4.0,0.0,0
1098,2023,1,Bahrain Grand Prix,844,Charles,Leclerc,6,Ferrari,3.0,3.0,308.0,2.0,3.0,554.0,2.0,4.0,0
1098,2023,1,Bahrain Grand Prix,857,Oscar,Piastri,1,McLaren,18.0,18.0,0.0,28.0,0.0,159.0,5.0,0.0,0
1099,2023,2,Saudi Arabian Grand Prix,815,Sergio,Pérez,9,Red Bull,1.0,1.0,18.0,2.0,0.0,43.0,1.0,1.0,1
1099,2023,2,Saudi Arabian Grand Prix,830,Max,Verstappen,9,Red Bull,15.0,15.0,25.0,1.0,1.0,43.0,1.0,1.0,1
1099,2023,2,Saudi Arabian Grand Prix,4,Fernando,Alonso,117,Aston Martin,2.0,3.0,15.0,3.0,0.0,23.0,2.0,0.0,1
1099,2023,2,Saudi Arabian Grand Prix,847,George,Russell,131,Mercedes,3.0,4.0,6.0,7.0,0.0,16.0,3.0,0.0,0
1099,2023,2,Saudi Arabian Grand Prix,1,Lewis,Hamilton,131,Mercedes,7.0,8.0,10.0,5.0,0.0,16.0,3.0,0.0,0
1099,2023,2,Saudi Arabian Grand Prix,832,Carlos,Sainz,6,Ferrari,4.0,5.0,12.0,4.0,0.0,12.0,4.0,0.0,0
1099,2023,2,Saudi Arabian Grand Prix,844,Charles,Leclerc,6,Ferrari,12.0,2.0,0.0,19.0,0.0,12.0,4.0,0.0,0
1099,2023,2,Saudi Arabian Grand Prix,839,Esteban,Ocon,214,Alpine F1 Team,6.0,7.0,0.0,18.0,0.0,2.0,6.0,0.0,0
1099,2023,2,Saudi Arabian Grand Prix,842,Pierre,Gasly,214,Alpine F1 Team,9.0,10.0,2.0,9.0,0.0,2.0,6.0,0.0,0
1099,2023,2,Saudi Arabian Grand Prix,825,Kevin,Magnussen,210,Haas F1 Team,13.0,13.0,0.0,13.0,0.0,0.0,9.0,0.0,0
1099,2023,2,Saudi Arabian Grand Prix,852,Yuki,Tsunoda,213,AlphaTauri,16.0,16.0,0.0,11.0,0.0,0.0,8.0,0.0,0
1099,2023,2,Saudi Arabian Grand Prix,807,Nico,Hülkenberg,210,Haas F1 Team,10.0,11.0,0.0,15.0,0.0,0.0,9.0,0.0,0
1099,2023,2,Saudi Arabian Grand Prix,855,Guanyu,Zhou,51,Alfa Romeo,11.0,12.0,0.0,16.0,0.0,4.0,5.0,0.0,0
1099,2023,2,Saudi Arabian Grand Prix,856,Nyck,de Vries,213,AlphaTauri,18.0,18.0,0.0,14.0,0.0,0.0,8.0,0.0,0
1099,2023,2,Saudi Arabian Grand Prix,857,Oscar,Piastri,1,McLaren,8.0,9.0,0.0,20.0,0.0,0.0,10.0,0.0,0
1099,2023,2,Saudi Arabian Grand Prix,858,Logan,Sargeant,3,Williams,20.0,20.0,0.0,12.0,0.0,1.0,7.0,0.0,0
1099,2023,2,Saudi Arabian Grand Prix,846,Lando,Norris,1,McLaren,19.0,19.0,0.0,17.0,0.0,0.0,10.0,0.0,0
1099,2023,2,Saudi Arabian Grand Prix,822,Valtteri,Bottas,51,Alfa Romeo,14.0,14.0,4.0,8.0,0.0,4.0,5.0,0.0,0
1099,2023,2,Saudi Arabian Grand Prix,848,Alexander,Albon,3,Williams,17.0,17.0,1.0,10.0,0.0,1.0,7.0,0.0,0
1099,2023,2,Saudi Arabian Grand Prix,840,Lance,Stroll,117,Aston Martin,5.0,6.0,8.0,6.0,0.0,23.0,2.0,0.0,0
1100,2023,3,Australian Grand Prix,830,Max,Verstappen,9,Red Bull,1.0,1.0,44.0,1.0,1.0,87.0,1.0,2.0,1
1100,2023,3,Australian Grand Prix,1,Lewis,Hamilton,131,Mercedes,3.0,3.0,20.0,5.0,0.0,38.0,3.0,0.0,1
1100,2023,3,Australian Grand Prix,4,Fernando,Alonso,117,Aston Martin,4.0,4.0,30.0,3.0,0.0,38.0,2.0,0.0,1
1100,2023,3,Australian Grand Prix,840,Lance,Stroll,117,Aston Martin,6.0,6.0,8.0,7.0,0.0,38.0,2.0,0.0,0
1100,2023,3,Australian Grand Prix,815,Sergio,Pérez,9,Red Bull,0.0,20.0,43.0,2.0,1.0,87.0,1.0,2.0,0
1100,2023,3,Australian Grand Prix,846,Lando,Norris,1,McLaren,13.0,13.0,0.0,20.0,0.0,0.0,10.0,0.0,0
1100,2023,3,Australian Grand Prix,807,Nico,Hülkenberg,210,Haas F1 Team,10.0,10.0,0.0,15.0,0.0,1.0,7.0,0.0,0
1100,2023,3,Australian Grand Prix,857,Oscar,Piastri,1,McLaren,16.0,16.0,0.0,19.0,0.0,0.0,10.0,0.0,0
1100,2023,3,Australian Grand Prix,855,Guanyu,Zhou,51,Alfa Romeo,17.0,17.0,0.0,17.0,0.0,4.0,6.0,0.0,0
1100,2023,3,Australian Grand Prix,852,Yuki,Tsunoda,213,AlphaTauri,12.0,12.0,0.0,14.0,0.0,0.0,9.0,0.0,0
1100,2023,3,Australian Grand Prix,822,Valtteri,Bottas,51,Alfa Romeo,0.0,19.0,4.0,9.0,0.0,4.0,6.0,0.0,0
1100,2023,3,Australian Grand Prix,832,Carlos,Sainz,6,Ferrari,5.0,5.0,20.0,4.0,0.0,26.0,4.0,0.0,0
1100,2023,3,Australian Grand Prix,842,Pierre,Gasly,214,Alpine F1 Team,9.0,9.0,4.0,11.0,0.0,8.0,5.0,0.0,0
1100,2023,3,Australian Grand Prix,839,Esteban,Ocon,214,Alpine F1 Team,11.0,11.0,4.0,10.0,0.0,8.0,5.0,0.0,0
1100,2023,3,Australian Grand Prix,856,Nyck,de Vries,213,AlphaTauri,15.0,15.0,0.0,18.0,0.0,0.0,9.0,0.0,0
1100,2023,3,Australian Grand Prix,858,Logan,Sargeant,3,Williams,18.0,18.0,0.0,16.0,0.0,1.0,8.0,0.0,0
1100,2023,3,Australian Grand Prix,825,Kevin,Magnussen,210,Haas F1 Team,14.0,14.0,1.0,12.0,0.0,1.0,7.0,0.0,0
1100,2023,3,Australian Grand Prix,847,George,Russell,131,Mercedes,2.0,2.0,18.0,6.0,0.0,38.0,3.0,0.0,0
1100,2023,3,Australian Grand Prix,848,Alexander,Albon,3,Williams,8.0,8.0,1.0,13.0,0.0,1.0,8.0,0.0,0
1100,2023,3,Australian Grand Prix,844,Charles,Leclerc,6,Ferrari,7.0,7.0,6.0,8.0,0.0,26.0,4.0,0.0,0
1101,2023,4,Azerbaijan Grand Prix,815,Sergio,Pérez,9,Red Bull,3.0,3.0,54.0,2.0,1.0,123.0,1.0,3.0,1
1101,2023,4,Azerbaijan Grand Prix,830,Max,Verstappen,9,Red Bull,2.0,2.0,69.0,1.0,2.0,123.0,1.0,3.0,1
1101,2023,4,Azerbaijan Grand Prix,844,Charles,Leclerc,6,Ferrari,1.0,1.0,6.0,10.0,0.0,26.0,4.0,0.0,1
1101,2023,4,Azerbaijan Grand Prix,4,Fernando,Alonso,117,Aston Martin,6.0,6.0,45.0,3.0,0.0,65.0,2.0,0.0,0
1101,2023,4,Azerbaijan Grand Prix,832,Carlos,Sainz,6,Ferrari,4.0,4.0,20.0,5.0,0.0,26.0,4.0,0.0,0
1101,2023,4,Azerbaijan Grand Prix,1,Lewis,Hamilton,131,Mercedes,5.0,5.0,38.0,4.0,0.0,56.0,3.0,0.0,0
1101,2023,4,Azerbaijan Grand Prix,840,Lance,Stroll,117,Aston Martin,9.0,9.0,20.0,6.0,0.0,65.0,2.0,0.0,0
1101,2023,4,Azerbaijan Grand Prix,847,George,Russell,131,Mercedes,11.0,11.0,18.0,7.0,0.0,56.0,3.0,0.0,0
1101,2023,4,Azerbaijan Grand Prix,846,Lando,Norris,1,McLaren,7.0,7.0,8.0,8.0,0.0,12.0,5.0,0.0,0
1101,2023,4,Azerbaijan Grand Prix,852,Yuki,Tsunoda,213,AlphaTauri,8.0,8.0,1.0,16.0,0.0,1.0,9.0,0.0,0
1101,2023,4,Azerbaijan Grand Prix,857,Oscar,Piastri,1,McLaren,10.0,10.0,4.0,13.0,0.0,12.0,5.0,0.0,0
1101,2023,4,Azerbaijan Grand Prix,848,Alexander,Albon,3,Williams,12.0,13.0,1.0,18.0,0.0,1.0,10.0,0.0,0
1101,2023,4,Azerbaijan Grand Prix,825,Kevin,Magnussen,210,Haas F1 Team,16.0,18.0,1.0,17.0,0.0,7.0,7.0,0.0,0
1101,2023,4,Azerbaijan Grand Prix,842,Pierre,Gasly,214,Alpine F1 Team,17.0,19.0,4.0,14.0,0.0,8.0,6.0,0.0,0
1101,2023,4,Azerbaijan Grand Prix,839,Esteban,Ocon,214,Alpine F1 Team,0.0,12.0,4.0,12.0,0.0,8.0,6.0,0.0,0
1101,2023,4,Azerbaijan Grand Prix,858,Logan,Sargeant,3,Williams,14.0,15.0,0.0,19.0,0.0,1.0,10.0,0.0,0
1101,2023,4,Azerbaijan Grand Prix,807,Nico,Hülkenberg,210,Haas F1 Team,0.0,17.0,6.0,9.0,0.0,7.0,7.0,0.0,0
1101,2023,4,Azerbaijan Grand Prix,822,Valtteri,Bottas,51,Alfa Romeo,13.0,14.0,4.0,11.0,0.0,6.0,8.0,0.0,0
1101,2023,4,Azerbaijan Grand Prix,855,Guanyu,Zhou,51,Alfa Romeo,15.0,16.0,2.0,15.0,0.0,6.0,8.0,0.0,0
1101,2023,4,Azerbaijan Grand Prix,856,Nyck,de Vries,213,AlphaTauri,18.0,20.0,0.0,20.0,0.0,1.0,9.0,0.0,0
1102,2023,5,Miami Grand Prix,830,Max,Verstappen,9,Red Bull,9.0,9.0,93.0,1.0,2.0,180.0,1.0,4.0,1
1102,2023,5,Miami Grand Prix,815,Sergio,Pérez,9,Red Bull,1.0,1.0,87.0,2.0,2.0,180.0,1.0,4.0,1
1102,2023,5,Miami Grand Prix,4,Fernando,Alonso,117,Aston Martin,2.0,2.0,60.0,3.0,0.0,87.0,2.0,0.0,1
1102,2023,5,Miami Grand Prix,847,George,Russell,131,Mercedes,6.0,6.0,28.0,7.0,0.0,76.0,3.0,0.0,0
1102,2023,5,Miami Grand Prix,832,Carlos,Sainz,6,Ferrari,3.0,3.0,34.0,5.0,0.0,62.0,4.0,0.0,0
1102,2023,5,Miami Grand Prix,1,Lewis,Hamilton,131,Mercedes,13.0,13.0,48.0,4.0,0.0,76.0,3.0,0.0,0
1102,2023,5,Miami Grand Prix,844,Charles,Leclerc,6,Ferrari,7.0,7.0,28.0,6.0,0.0,62.0,4.0,0.0,0
1102,2023,5,Miami Grand Prix,842,Pierre,Gasly,214,Alpine F1 Team,5.0,5.0,4.0,14.0,0.0,8.0,6.0,0.0,0
1102,2023,5,Miami Grand Prix,839,Esteban,Ocon,214,Alpine F1 Team,8.0,8.0,4.0,13.0,0.0,8.0,6.0,0.0,0
1102,2023,5,Miami Grand Prix,825,Kevin,Magnussen,210,Haas F1 Team,4.0,4.0,1.0,18.0,0.0,7.0,7.0,0.0,0
1102,2023,5,Miami Grand Prix,852,Yuki,Tsunoda,213,AlphaTauri,17.0,17.0,2.0,16.0,0.0,2.0,9.0,0.0,0
1102,2023,5,Miami Grand Prix,840,Lance,Stroll,117,Aston Martin,18.0,18.0,27.0,8.0,0.0,87.0,2.0,0.0,0
1102,2023,5,Miami Grand Prix,822,Valtteri,Bottas,51,Alfa Romeo,10.0,10.0,4.0,12.0,0.0,6.0,8.0,0.0,0
1102,2023,5,Miami Grand Prix,848,Alexander,Albon,3,Williams,11.0,11.0,1.0,17.0,0.0,1.0,10.0,0.0,0
1102,2023,5,Miami Grand Prix,807,Nico,Hülkenberg,210,Haas F1 Team,12.0,12.0,6.0,10.0,0.0,7.0,7.0,0.0,0
1102,2023,5,Miami Grand Prix,855,Guanyu,Zhou,51,Alfa Romeo,14.0,14.0,2.0,15.0,0.0,6.0,8.0,0.0,0
1102,2023,5,Miami Grand Prix,846,Lando,Norris,1,McLaren,16.0,16.0,10.0,9.0,0.0,14.0,5.0,0.0,0
1102,2023,5,Miami Grand Prix,856,Nyck,de Vries,213,AlphaTauri,15.0,15.0,0.0,20.0,0.0,2.0,9.0,0.0,0
1102,2023,5,Miami Grand Prix,857,Oscar,Piastri,1,McLaren,19.0,19.0,4.0,11.0,0.0,14.0,5.0,0.0,0
1102,2023,5,Miami Grand Prix,858,Logan,Sargeant,3,Williams,20.0,20.0,0.0,19.0,0.0,1.0,10.0,0.0,0
1104,2023,6,Monaco Grand Prix,830,Max,Verstappen,9,Red Bull,1.0,1.0,119.0,1.0,3.0,224.0,1.0,5.0,1
1104,2023,6,Monaco Grand Prix,4,Fernando,Alonso,117,Aston Martin,2.0,2.0,75.0,3.0,0.0,102.0,2.0,0.0,1
1104,2023,6,Monaco Grand Prix,839,Esteban,Ocon,214,Alpine F1 Team,3.0,4.0,6.0,12.0,0.0,14.0,6.0,0.0,1
1104,2023,6,Monaco Grand Prix,1,Lewis,Hamilton,131,Mercedes,5.0,6.0,56.0,4.0,0.0,96.0,3.0,0.0,0
1104,2023,6,Monaco Grand Prix,847,George,Russell,131,Mercedes,8.0,8.0,40.0,6.0,0.0,96.0,3.0,0.0,0
1104,2023,6,Monaco Grand Prix,844,Charles,Leclerc,6,Ferrari,6.0,3.0,34.0,7.0,0.0,78.0,4.0,0.0,0
1104,2023,6,Monaco Grand Prix,842,Pierre,Gasly,214,Alpine F1 Team,7.0,7.0,8.0,10.0,0.0,14.0,6.0,0.0,0
1104,2023,6,Monaco Grand Prix,832,Carlos,Sainz,6,Ferrari,4.0,5.0,44.0,5.0,0.0,78.0,4.0,0.0,0
1104,2023,6,Monaco Grand Prix,846,Lando,Norris,1,McLaren,10.0,10.0,10.0,9.0,0.0,14.0,5.0,0.0,0
1104,2023,6,Monaco Grand Prix,857,Oscar,Piastri,1,McLaren,11.0,11.0,4.0,14.0,0.0,14.0,5.0,0.0,0
1104,2023,6,Monaco Grand Prix,822,Valtteri,Bottas,51,Alfa Romeo,15.0,15.0,4.0,13.0,0.0,6.0,8.0,0.0,0
1104,2023,6,Monaco Grand Prix,856,Nyck,de Vries,213,AlphaTauri,12.0,12.0,0.0,20.0,0.0,2.0,9.0,0.0,0
1104,2023,6,Monaco Grand Prix,855,Guanyu,Zhou,51,Alfa Romeo,19.0,19.0,2.0,15.0,0.0,6.0,8.0,0.0,0
1104,2023,6,Monaco Grand Prix,848,Alexander,Albon,3,Williams,13.0,13.0,1.0,18.0,0.0,1.0,10.0,0.0,0
1104,2023,6,Monaco Grand Prix,852,Yuki,Tsunoda,213,AlphaTauri,9.0,9.0,2.0,16.0,0.0,2.0,9.0,0.0,0
1104,2023,6,Monaco Grand Prix,815,Sergio,Pérez,9,Red Bull,20.0,20.0,105.0,2.0,2.0,224.0,1.0,5.0,0
1104,2023,6,Monaco Grand Prix,807,Nico,Hülkenberg,210,Haas F1 Team,18.0,18.0,6.0,11.0,0.0,8.0,7.0,0.0,0
1104,2023,6,Monaco Grand Prix,858,Logan,Sargeant,3,Williams,16.0,16.0,0.0,19.0,0.0,1.0,10.0,0.0,0
1104,2023,6,Monaco Grand Prix,825,Kevin,Magnussen,210,Haas F1 Team,17.0,17.0,2.0,17.0,0.0,8.0,7.0,0.0,0
1104,2023,6,Monaco Grand Prix,840,Lance,Stroll,117,Aston Martin,14.0,14.0,27.0,8.0,0.0,102.0,2.0,0.0,0
1105,2023,7,Spanish Grand Prix,830,Max,Verstappen,9,Red Bull,1.0,1.0,144.0,1.0,4.0,249.0,1.0,6.0,1
1105,2023,7,Spanish Grand Prix,1,Lewis,Hamilton,131,Mercedes,4.0,5.0,69.0,4.0,0.0,119.0,3.0,0.0,1
1105,2023,7,Spanish Grand Prix,847,George,Russell,131,Mercedes,12.0,12.0,50.0,5.0,0.0,119.0,3.0,0.0,1
1105,2023,7,Spanish Grand Prix,815,Sergio,Pérez,9,Red Bull,11.0,11.0,105.0,2.0,2.0,249.0,1.0,6.0,0
1105,2023,7,Spanish Grand Prix,832,Carlos,Sainz,6,Ferrari,2.0,2.0,48.0,6.0,0.0,90.0,4.0,0.0,0
1105,2023,7,Spanish Grand Prix,840,Lance,Stroll,117,Aston Martin,5.0,6.0,27.0,8.0,0.0,120.0,2.0,0.0,0
1105,2023,7,Spanish Grand Prix,4,Fernando,Alonso,117,Aston Martin,8.0,9.0,93.0,3.0,0.0,120.0,2.0,0.0,0
1105,2023,7,Spanish Grand Prix,839,Esteban,Ocon,214,Alpine F1 Team,6.0,7.0,21.0,9.0,0.0,35.0,5.0,0.0,0
1105,2023,7,Spanish Grand Prix,855,Guanyu,Zhou,51,Alfa Romeo,13.0,13.0,2.0,15.0,0.0,6.0,8.0,0.0,0
1105,2023,7,Spanish Grand Prix,842,Pierre,Gasly,214,Alpine F1 Team,10.0,4.0,14.0,10.0,0.0,35.0,5.0,0.0,0
1105,2023,7,Spanish Grand Prix,844,Charles,Leclerc,6,Ferrari,19.0,19.0,42.0,7.0,0.0,90.0,4.0,0.0,0
1105,2023,7,Spanish Grand Prix,852,Yuki,Tsunoda,213,AlphaTauri,15.0,15.0,2.0,16.0,0.0,2.0,9.0,0.0,0
1105,2023,7,Spanish Grand Prix,857,Oscar,Piastri,1,McLaren,9.0,10.0,5.0,13.0,0.0,17.0,6.0,0.0,0
1105,2023,7,Spanish Grand Prix,856,Nyck,de Vries,213,AlphaTauri,14.0,14.0,0.0,19.0,0.0,2.0,9.0,0.0,0
1105,2023,7,Spanish Grand Prix,807,Nico,Hülkenberg,210,Haas F1 Team,7.0,8.0,6.0,12.0,0.0,8.0,7.0,0.0,0
1105,2023,7,Spanish Grand Prix,848,Alexander,Albon,3,Williams,18.0,18.0,1.0,18.0,0.0,1.0,10.0,0.0,0
1105,2023,7,Spanish Grand Prix,846,Lando,Norris,1,McLaren,3.0,3.0,12.0,11.0,0.0,17.0,6.0,0.0,0
1105,2023,7,Spanish Grand Prix,825,Kevin,Magnussen,210,Haas F1 Team,17.0,17.0,2.0,17.0,0.0,8.0,7.0,0.0,0
1105,2023,7,Spanish Grand Prix,822,Valtteri,Bottas,51,Alfa Romeo,16.0,16.0,4.0,14.0,0.0,6.0,8.0,0.0,0
1105,2023,7,Spanish Grand Prix,858,Logan,Sargeant,3,Williams,20.0,20.0,0.0,20.0,0.0,1.0,10.0,0.0,0
1106,2023,8,Canadian Grand Prix,830,Max,Verstappen,9,Red Bull,1.0,1.0,170.0,1.0,5.0,287.0,1.0,7.0,1
1106,2023,8,Canadian Grand Prix,4,Fernando,Alonso,117,Aston Martin,2.0,3.0,99.0,3.0,0.0,134.0,3.0,0.0,1
1106,2023,8,Canadian Grand Prix,1,Lewis,Hamilton,131,Mercedes,3.0,4.0,87.0,4.0,0.0,152.0,2.0,0.0,1
1106,2023,8,Canadian Grand Prix,844,Charles,Leclerc,6,Ferrari,10.0,11.0,42.0,7.0,0.0,100.0,4.0,0.0,0
1106,2023,8,Canadian Grand Prix,832,Carlos,Sainz,6,Ferrari,11.0,8.0,58.0,6.0,0.0,100.0,4.0,0.0,0
1106,2023,8,Canadian Grand Prix,815,Sergio,Pérez,9,Red Bull,12.0,12.0,117.0,2.0,2.0,287.0,1.0,7.0,0
1106,2023,8,Canadian Grand Prix,848,Alexander,Albon,3,Williams,9.0,10.0,1.0,18.0,0.0,1.0,10.0,0.0,0
1106,2023,8,Canadian Grand Prix,839,Esteban,Ocon,214,Alpine F1 Team,6.0,6.0,25.0,9.0,0.0,40.0,5.0,0.0,0
1106,2023,8,Canadian Grand Prix,840,Lance,Stroll,117,Aston Martin,16.0,13.0,35.0,8.0,0.0,134.0,3.0,0.0,0
1106,2023,8,Canadian Grand Prix,822,Valtteri,Bottas,51,Alfa Romeo,14.0,15.0,4.0,14.0,0.0,8.0,8.0,0.0,0
1106,2023,8,Canadian Grand Prix,857,Oscar,Piastri,1,McLaren,8.0,9.0,5.0,13.0,0.0,17.0,6.0,0.0,0
1106,2023,8,Canadian Grand Prix,842,Pierre,Gasly,214,Alpine F1 Team,15.0,17.0,15.0,10.0,0.0,40.0,5.0,0.0,0
1106,2023,8,Canadian Grand Prix,846,Lando,Norris,1,McLaren,7.0,7.0,12.0,11.0,0.0,17.0,6.0,0.0,0
1106,2023,8,Canadian Grand Prix,852,Yuki,Tsunoda,213,AlphaTauri,19.0,16.0,2.0,16.0,0.0,2.0,9.0,0.0,0
1106,2023,8,Canadian Grand Prix,807,Nico,Hülkenberg,210,Haas F1 Team,5.0,2.0,6.0,12.0,0.0,8.0,7.0,0.0,0
1106,2023,8,Canadian Grand Prix,855,Guanyu,Zhou,51,Alfa Romeo,20.0,20.0,4.0,15.0,0.0,8.0,8.0,0.0,0
1106,2023,8,Canadian Grand Prix,825,Kevin,Magnussen,210,Haas F1 Team,13.0,14.0,2.0,17.0,0.0,8.0,7.0,0.0,0
1106,2023,8,Canadian Grand Prix,856,Nyck,de Vries,213,AlphaTauri,17.0,18.0,0.0,19.0,0.0,2.0,9.0,0.0,0
1106,2023,8,Canadian Grand Prix,847,George,Russell,131,Mercedes,4.0,5.0,65.0,5.0,0.0,152.0,2.0,0.0,0
1106,2023,8,Canadian Grand Prix,858,Logan,Sargeant,3,Williams,18.0,19.0,0.0,20.0,0.0,1.0,10.0,0.0,0
1107,2023,9,Austrian Grand Prix,830,Max,Verstappen,9,Red Bull,1.0,1.0,195.0,1.0,6.0,321.0,1.0,8.0,1
1107,2023,9,Austrian Grand Prix,844,Charles,Leclerc,6,Ferrari,2.0,2.0,54.0,7.0,0.0,122.0,4.0,0.0,1
1107,2023,9,Austrian Grand Prix,815,Sergio,Pérez,9,Red Bull,15.0,15.0,126.0,2.0,2.0,321.0,1.0,8.0,1
1107,2023,9,Austrian Grand Prix,846,Lando,Norris,1,McLaren,4.0,4.0,12.0,11.0,0.0,17.0,6.0,0.0,0
1107,2023,9,Austrian Grand Prix,4,Fernando,Alonso,117,Aston Martin,7.0,7.0,117.0,3.0,0.0,154.0,3.0,0.0,0
1107,2023,9,Austrian Grand Prix,832,Carlos,Sainz,6,Ferrari,3.0,3.0,68.0,5.0,0.0,122.0,4.0,0.0,0
1107,2023,9,Austrian Grand Prix,847,George,Russell,131,Mercedes,11.0,11.0,65.0,6.0,0.0,167.0,2.0,0.0,0
1107,2023,9,Austrian Grand Prix,1,Lewis,Hamilton,131,Mercedes,5.0,5.0,102.0,4.0,0.0,167.0,2.0,0.0,0
1107,2023,9,Austrian Grand Prix,840,Lance,Stroll,117,Aston Martin,6.0,6.0,37.0,8.0,0.0,154.0,3.0,0.0,0
1107,2023,9,Austrian Grand Prix,842,Pierre,Gasly,214,Alpine F1 Team,9.0,9.0,15.0,10.0,0.0,44.0,5.0,0.0,0
1107,2023,9,Austrian Grand Prix,848,Alexander,Albon,3,Williams,10.0,10.0,7.0,12.0,0.0,7.0,9.0,0.0,0
1107,2023,9,Austrian Grand Prix,855,Guanyu,Zhou,51,Alfa Romeo,17.0,17.0,4.0,16.0,0.0,9.0,7.0,0.0,0
1107,2023,9,Austrian Grand Prix,858,Logan,Sargeant,3,Williams,18.0,18.0,0.0,20.0,0.0,7.0,9.0,0.0,0
1107,2023,9,Austrian Grand Prix,839,Esteban,Ocon,214,Alpine F1 Team,12.0,12.0,29.0,9.0,0.0,44.0,5.0,0.0,0
1107,2023,9,Austrian Grand Prix,822,Valtteri,Bottas,51,Alfa Romeo,14.0,14.0,5.0,15.0,0.0,9.0,7.0,0.0,0
1107,2023,9,Austrian Grand Prix,857,Oscar,Piastri,1,McLaren,13.0,13.0,5.0,14.0,0.0,17.0,6.0,0.0,0
1107,2023,9,Austrian Grand Prix,856,Nyck,de Vries,213,AlphaTauri,0.0,20.0,0.0,19.0,0.0,2.0,10.0,0.0,0
1107,2023,9,Austrian Grand Prix,825,Kevin,Magnussen,210,Haas F1 Team,0.0,19.0,2.0,18.0,0.0,8.0,8.0,0.0,0
1107,2023,9,Austrian Grand Prix,852,Yuki,Tsunoda,213,AlphaTauri,16.0,16.0,2.0,17.0,0.0,2.0,10.0,0.0,0
1107,2023,9,Austrian Grand Prix,807,Nico,Hülkenberg,210,Haas F1 Team,8.0,8.0,6.0,13.0,0.0,8.0,8.0,0.0,0
1108,2023,10,British Grand Prix,830,Max,Verstappen,9,Red Bull,1.0,1.0,229.0,1.0,7.0,377.0,1.0,9.0,1
1108,2023,10,British Grand Prix,846,Lando,Norris,1,McLaren,2.0,2.0,24.0,10.0,0.0,29.0,6.0,0.0,1
1108,2023,10,British Grand Prix,1,Lewis,Hamilton,131,Mercedes,7.0,7.0,106.0,4.0,0.0,178.0,2.0,0.0,1
1108,2023,10,British Grand Prix,857,Oscar,Piastri,1,McLaren,3.0,3.0,5.0,14.0,0.0,29.0,6.0,0.0,0
1108,2023,10,British Grand Prix,847,George,Russell,131,Mercedes,6.0,6.0,72.0,7.0,0.0,178.0,2.0,0.0,0
1108,2023,10,British Grand Prix,815,Sergio,Pérez,9,Red Bull,15.0,16.0,148.0,2.0,2.0,377.0,1.0,9.0,0
1108,2023,10,British Grand Prix,4,Fernando,Alonso,117,Aston Martin,9.0,9.0,131.0,3.0,0.0,175.0,3.0,0.0,0
1108,2023,10,British Grand Prix,848,Alexander,Albon,3,Williams,8.0,8.0,7.0,13.0,0.0,7.0,9.0,0.0,0
1108,2023,10,British Grand Prix,844,Charles,Leclerc,6,Ferrari,4.0,4.0,72.0,6.0,0.0,154.0,4.0,0.0,0
1108,2023,10,British Grand Prix,832,Carlos,Sainz,6,Ferrari,5.0,5.0,82.0,5.0,0.0,154.0,4.0,0.0,0
1108,2023,10,British Grand Prix,858,Logan,Sargeant,3,Williams,14.0,14.0,0.0,19.0,0.0,7.0,9.0,0.0,0
1108,2023,10,British Grand Prix,822,Valtteri,Bottas,51,Alfa Romeo,20.0,15.0,5.0,15.0,0.0,9.0,8.0,0.0,0
1108,2023,10,British Grand Prix,807,Nico,Hülkenberg,210,Haas F1 Team,11.0,11.0,9.0,12.0,0.0,11.0,7.0,0.0,0
1108,2023,10,British Grand Prix,840,Lance,Stroll,117,Aston Martin,12.0,12.0,44.0,8.0,0.0,175.0,3.0,0.0,0
1108,2023,10,British Grand Prix,855,Guanyu,Zhou,51,Alfa Romeo,17.0,18.0,4.0,16.0,0.0,9.0,8.0,0.0,0
1108,2023,10,British Grand Prix,852,Yuki,Tsunoda,213,AlphaTauri,16.0,17.0,2.0,17.0,0.0,2.0,10.0,0.0,0
1108,2023,10,British Grand Prix,856,Nyck,de Vries,213,AlphaTauri,18.0,19.0,0.0,20.0,0.0,2.0,10.0,0.0,0
1108,2023,10,British Grand Prix,842,Pierre,Gasly,214,Alpine F1 Team,10.0,10.0,16.0,11.0,0.0,47.0,5.0,0.0,0
1108,2023,10,British Grand Prix,825,Kevin,Magnussen,210,Haas F1 Team,19.0,20.0,2.0,18.0,0.0,11.0,7.0,0.0,0
1108,2023,10,British Grand Prix,839,Esteban,Ocon,214,Alpine F1 Team,13.0,13.0,31.0,9.0,0.0,47.0,5.0,0.0,0
1109,2023,11,Hungarian Grand Prix,830,Max,Verstappen,9,Red Bull,2.0,2.0,255.0,1.0,8.0,411.0,1.0,10.0,1
1109,2023,11,Hungarian Grand Prix,846,Lando,Norris,1,McLaren,3.0,3.0,42.0,9.0,0.0,59.0,5.0,0.0,1
1109,2023,11,Hungarian Grand Prix,815,Sergio,Pérez,9,Red Bull,9.0,9.0,156.0,2.0,2.0,411.0,1.0,10.0,1
1109,2023,11,Hungarian Grand Prix,1,Lewis,Hamilton,131,Mercedes,1.0,1.0,121.0,4.0,0.0,203.0,2.0,0.0,0
1109,2023,11,Hungarian Grand Prix,857,Oscar,Piastri,1,McLaren,4.0,4.0,17.0,11.0,0.0,59.0,5.0,0.0,0
1109,2023,11,Hungarian Grand Prix,847,George,Russell,131,Mercedes,18.0,18.0,82.0,6.0,0.0,203.0,2.0,0.0,0
1109,2023,11,Hungarian Grand Prix,844,Charles,Leclerc,6,Ferrari,6.0,6.0,74.0,7.0,0.0,157.0,4.0,0.0,0
1109,2023,11,Hungarian Grand Prix,832,Carlos,Sainz,6,Ferrari,11.0,11.0,83.0,5.0,0.0,157.0,4.0,0.0,0
1109,2023,11,Hungarian Grand Prix,4,Fernando,Alonso,117,Aston Martin,8.0,8.0,137.0,3.0,0.0,181.0,3.0,0.0,0
1109,2023,11,Hungarian Grand Prix,840,Lance,Stroll,117,Aston Martin,14.0,14.0,44.0,8.0,0.0,181.0,3.0,0.0,0
1109,2023,11,Hungarian Grand Prix,848,Alexander,Albon,3,Williams,16.0,16.0,11.0,13.0,0.0,11.0,7.0,0.0,0
1109,2023,11,Hungarian Grand Prix,822,Valtteri,Bottas,51,Alfa Romeo,7.0,7.0,5.0,15.0,0.0,9.0,9.0,0.0,0
1109,2023,11,Hungarian Grand Prix,817,Daniel,Ricciardo,213,AlphaTauri,13.0,13.0,37.0,11.0,0.0,2.0,10.0,0.0,0
1109,2023,11,Hungarian Grand Prix,807,Nico,Hülkenberg,210,Haas F1 Team,10.0,10.0,9.0,14.0,0.0,11.0,8.0,0.0,0
1109,2023,11,Hungarian Grand Prix,852,Yuki,Tsunoda,213,AlphaTauri,17.0,17.0,2.0,17.0,0.0,2.0,10.0,0.0,0
1109,2023,11,Hungarian Grand Prix,855,Guanyu,Zhou,51,Alfa Romeo,5.0,5.0,4.0,16.0,0.0,9.0,9.0,0.0,0
1109,2023,11,Hungarian Grand Prix,825,Kevin,Magnussen,210,Haas F1 Team,19.0,19.0,2.0,18.0,0.0,11.0,8.0,0.0,0
1109,2023,11,Hungarian Grand Prix,858,Logan,Sargeant,3,Williams,20.0,20.0,0.0,19.0,0.0,11.0,7.0,0.0,0
1109,2023,11,Hungarian Grand Prix,839,Esteban,Ocon,214,Alpine F1 Team,12.0,12.0,31.0,10.0,0.0,47.0,6.0,0.0,0
1109,2023,11,Hungarian Grand Prix,842,Pierre,Gasly,214,Alpine F1 Team,15.0,15.0,16.0,12.0,0.0,47.0,6.0,0.0,0
1110,2023,12,Belgian Grand Prix,830,Max,Verstappen,9,Red Bull,6.0,1.0,281.0,1.0,9.0,452.0,1.0,11.0,1
1110,2023,12,Belgian Grand Prix,815,Sergio,Pérez,9,Red Bull,2.0,3.0,171.0,2.0,2.0,452.0,1.0,11.0,1
1110,2023,12,Belgian Grand Prix,844,Charles,Leclerc,6,Ferrari,1.0,2.0,80.0,7.0,0.0,167.0,4.0,0.0,1
1110,2023,12,Belgian Grand Prix,1,Lewis,Hamilton,131,Mercedes,3.0,4.0,133.0,4.0,0.0,223.0,2.0,0.0,0
1110,2023,12,Belgian Grand Prix,4,Fernando,Alonso,117,Aston Martin,9.0,9.0,139.0,3.0,0.0,184.0,3.0,0.0,0
1110,2023,12,Belgian Grand Prix,847,George,Russell,131,Mercedes,8.0,8.0,90.0,5.0,0.0,223.0,2.0,0.0,0
1110,2023,12,Belgian Grand Prix,846,Lando,Norris,1,McLaren,7.0,7.0,60.0,8.0,0.0,87.0,5.0,0.0,0
1110,2023,12,Belgian Grand Prix,839,Esteban,Ocon,214,Alpine F1 Team,14.0,15.0,31.0,10.0,0.0,47.0,6.0,0.0,0
1110,2023,12,Belgian Grand Prix,840,Lance,Stroll,117,Aston Martin,10.0,10.0,45.0,9.0,0.0,184.0,3.0,0.0,0
1110,2023,12,Belgian Grand Prix,852,Yuki,Tsunoda,213,AlphaTauri,11.0,11.0,2.0,17.0,0.0,2.0,10.0,0.0,0
1110,2023,12,Belgian Grand Prix,842,Pierre,Gasly,214,Alpine F1 Team,12.0,12.0,16.0,12.0,0.0,47.0,6.0,0.0,0
1110,2023,12,Belgian Grand Prix,822,Valtteri,Bottas,51,Alfa Romeo,13.0,14.0,5.0,15.0,0.0,9.0,9.0,0.0,0
1110,2023,12,Belgian Grand Prix,855,Guanyu,Zhou,51,Alfa Romeo,17.0,17.0,4.0,16.0,0.0,9.0,9.0,0.0,0
1110,2023,12,Belgian Grand Prix,848,Alexander,Albon,3,Williams,15.0,16.0,11.0,13.0,0.0,11.0,7.0,0.0,0
1110,2023,12,Belgian Grand Prix,825,Kevin,Magnussen,210,Haas F1 Team,16.0,13.0,2.0,18.0,0.0,11.0,8.0,0.0,0
1110,2023,12,Belgian Grand Prix,817,Daniel,Ricciardo,213,AlphaTauri,19.0,19.0,0.0,21.0,0.0,2.0,10.0,0.0,0
1110,2023,12,Belgian Grand Prix,858,Logan,Sargeant,3,Williams,18.0,18.0,0.0,19.0,0.0,11.0,7.0,0.0,0
1110,2023,12,Belgian Grand Prix,807,Nico,Hülkenberg,210,Haas F1 Team,0.0,20.0,9.0,14.0,0.0,11.0,8.0,0.0,0
1110,2023,12,Belgian Grand Prix,832,Carlos,Sainz,6,Ferrari,4.0,5.0,87.0,6.0,0.0,167.0,4.0,0.0,0
1110,2023,12,Belgian Grand Prix,857,Oscar,Piastri,1,McLaren,5.0,6.0,27.0,11.0,0.0,87.0,5.0,0.0,0
1111,2023,13,Dutch Grand Prix,830,Max,Verstappen,9,Red Bull,1.0,1.0,314.0,1.0,10.0,503.0,1.0,12.0,1
1111,2023,13,Dutch Grand Prix,4,Fernando,Alonso,117,Aston Martin,5.0,5.0,149.0,3.0,0.0,196.0,3.0,0.0,1
1111,2023,13,Dutch Grand Prix,842,Pierre,Gasly,214,Alpine F1 Team,12.0,12.0,22.0,12.0,0.0,57.0,6.0,0.0,1
1111,2023,13,Dutch Grand Prix,815,Sergio,Pérez,9,Red Bull,7.0,7.0,189.0,2.0,2.0,503.0,1.0,12.0,0
1111,2023,13,Dutch Grand Prix,832,Carlos,Sainz,6,Ferrari,6.0,6.0,92.0,7.0,0.0,191.0,4.0,0.0,0
1111,2023,13,Dutch Grand Prix,1,Lewis,Hamilton,131,Mercedes,13.0,13.0,148.0,4.0,0.0,247.0,2.0,0.0,0
1111,2023,13,Dutch Grand Prix,846,Lando,Norris,1,McLaren,2.0,2.0,69.0,8.0,0.0,103.0,5.0,0.0,0
1111,2023,13,Dutch Grand Prix,848,Alexander,Albon,3,Williams,4.0,4.0,11.0,13.0,0.0,11.0,7.0,0.0,0
1111,2023,13,Dutch Grand Prix,857,Oscar,Piastri,1,McLaren,8.0,8.0,34.0,11.0,0.0,103.0,5.0,0.0,0
1111,2023,13,Dutch Grand Prix,839,Esteban,Ocon,214,Alpine F1 Team,16.0,17.0,35.0,10.0,0.0,57.0,6.0,0.0,0
1111,2023,13,Dutch Grand Prix,840,Lance,Stroll,117,Aston Martin,11.0,11.0,47.0,9.0,0.0,196.0,3.0,0.0,0
1111,2023,13,Dutch Grand Prix,807,Nico,Hülkenberg,210,Haas F1 Team,14.0,15.0,9.0,14.0,0.0,11.0,8.0,0.0,0
1111,2023,13,Dutch Grand Prix,859,Liam,Lawson,213,AlphaTauri,19.0,20.0,0.0,28.0,0.0,3.0,10.0,0.0,0
1111,2023,13,Dutch Grand Prix,822,Valtteri,Bottas,51,Alfa Romeo,18.0,19.0,5.0,15.0,0.0,9.0,9.0,0.0,0
1111,2023,13,Dutch Grand Prix,852,Yuki,Tsunoda,213,AlphaTauri,17.0,14.0,3.0,17.0,0.0,3.0,10.0,0.0,0
1111,2023,13,Dutch Grand Prix,825,Kevin,Magnussen,210,Haas F1 Team,0.0,18.0,2.0,18.0,0.0,11.0,8.0,0.0,0
1111,2023,13,Dutch Grand Prix,847,George,Russell,131,Mercedes,3.0,3.0,99.0,6.0,0.0,247.0,2.0,0.0,0
1111,2023,13,Dutch Grand Prix,855,Guanyu,Zhou,51,Alfa Romeo,15.0,16.0,4.0,16.0,0.0,9.0,9.0,0.0,0
1111,2023,13,Dutch Grand Prix,844,Charles,Leclerc,6,Ferrari,9.0,9.0,99.0,5.0,0.0,191.0,4.0,0.0,0
1111,2023,13,Dutch Grand Prix,858,Logan,Sargeant,3,Williams,10.0,10.0,0.0,19.0,0.0,11.0,7.0,0.0,0
1112,2023,14,Italian Grand Prix,830,Max,Verstappen,9,Red Bull,2.0,2.0,339.0,1.0,11.0,540.0,1.0,13.0,1
1112,2023,14,Italian Grand Prix,815,Sergio,Pérez,9,Red Bull,5.0,5.0,201.0,2.0,2.0,540.0,1.0,13.0,1
1112,2023,14,Italian Grand Prix,832,Carlos,Sainz,6,Ferrari,1.0,1.0,102.0,5.0,0.0,201.0,4.0,0.0,1
1112,2023,14,Italian Grand Prix,844,Charles,Leclerc,6,Ferrari,3.0,3.0,99.0,6.0,0.0,201.0,4.0,0.0,0
1112,2023,14,Italian Grand Prix,847,George,Russell,131,Mercedes,4.0,4.0,99.0,7.0,0.0,255.0,2.0,0.0,0
1112,2023,14,Italian Grand Prix,1,Lewis,Hamilton,131,Mercedes,8.0,8.0,156.0,4.0,0.0,255.0,2.0,0.0,0
1112,2023,14,Italian Grand Prix,848,Alexander,Albon,3,Williams,6.0,6.0,15.0,13.0,0.0,15.0,7.0,0.0,0
1112,2023,14,Italian Grand Prix,846,Lando,Norris,1,McLaren,9.0,9.0,75.0,8.0,0.0,111.0,5.0,0.0,0
1112,2023,14,Italian Grand Prix,4,Fernando,Alonso,117,Aston Martin,10.0,10.0,168.0,3.0,0.0,215.0,3.0,0.0,0
1112,2023,14,Italian Grand Prix,822,Valtteri,Bottas,51,Alfa Romeo,14.0,14.0,5.0,15.0,0.0,9.0,9.0,0.0,0
1112,2023,14,Italian Grand Prix,859,Liam,Lawson,213,AlphaTauri,12.0,12.0,0.0,22.0,0.0,3.0,10.0,0.0,0
1112,2023,14,Italian Grand Prix,857,Oscar,Piastri,1,McLaren,7.0,7.0,36.0,12.0,0.0,111.0,5.0,0.0,0
1112,2023,14,Italian Grand Prix,858,Logan,Sargeant,3,Williams,15.0,15.0,0.0,19.0,0.0,15.0,7.0,0.0,0
1112,2023,14,Italian Grand Prix,855,Guanyu,Zhou,51,Alfa Romeo,16.0,16.0,4.0,16.0,0.0,9.0,9.0,0.0,0
1112,2023,14,Italian Grand Prix,842,Pierre,Gasly,214,Alpine F1 Team,17.0,17.0,37.0,10.0,0.0,73.0,6.0,0.0,0
1112,2023,14,Italian Grand Prix,840,Lance,Stroll,117,Aston Martin,20.0,20.0,47.0,9.0,0.0,215.0,3.0,0.0,0
1112,2023,14,Italian Grand Prix,807,Nico,Hülkenberg,210,Haas F1 Team,13.0,13.0,9.0,14.0,0.0,11.0,8.0,0.0,0
1112,2023,14,Italian Grand Prix,825,Kevin,Magnussen,210,Haas F1 Team,19.0,19.0,2.0,18.0,0.0,11.0,8.0,0.0,0
1112,2023,14,Italian Grand Prix,839,Esteban,Ocon,214,Alpine F1 Team,18.0,18.0,36.0,11.0,0.0,73.0,6.0,0.0,0
1112,2023,14,Italian Grand Prix,852,Yuki,Tsunoda,213,AlphaTauri,11.0,11.0,3.0,17.0,0.0,3.0,10.0,0.0,0
1113,2023,15,Singapore Grand Prix,832,Carlos,Sainz,6,Ferrari,1.0,1.0,117.0,5.0,0.0,228.0,3.0,0.0,1
1113,2023,15,Singapore Grand Prix,846,Lando,Norris,1,McLaren,4.0,4.0,79.0,8.0,0.0,115.0,5.0,0.0,1
1113,2023,15,Singapore Grand Prix,1,Lewis,Hamilton,131,Mercedes,5.0,5.0,164.0,4.0,0.0,273.0,2.0,0.0,1
1113,2023,15,Singapore Grand Prix,844,Charles,Leclerc,6,Ferrari,3.0,3.0,111.0,6.0,0.0,228.0,3.0,0.0,0
1113,2023,15,Singapore Grand Prix,830,Max,Verstappen,9,Red Bull,11.0,11.0,364.0,1.0,12.0,583.0,1.0,14.0,0
1113,2023,15,Singapore Grand Prix,842,Pierre,Gasly,214,Alpine F1 Team,12.0,12.0,37.0,10.0,0.0,73.0,6.0,0.0,0
1113,2023,15,Singapore Grand Prix,857,Oscar,Piastri,1,McLaren,17.0,17.0,36.0,12.0,0.0,115.0,5.0,0.0,0
1113,2023,15,Singapore Grand Prix,815,Sergio,Pérez,9,Red Bull,13.0,13.0,219.0,2.0,2.0,583.0,1.0,14.0,0
1113,2023,15,Singapore Grand Prix,859,Liam,Lawson,213,AlphaTauri,10.0,10.0,0.0,20.0,0.0,3.0,10.0,0.0,0
1113,2023,15,Singapore Grand Prix,825,Kevin,Magnussen,210,Haas F1 Team,6.0,6.0,2.0,18.0,0.0,11.0,8.0,0.0,0
1113,2023,15,Singapore Grand Prix,848,Alexander,Albon,3,Williams,14.0,14.0,21.0,13.0,0.0,21.0,7.0,0.0,0
1113,2023,15,Singapore Grand Prix,855,Guanyu,Zhou,51,Alfa Romeo,0.0,19.0,4.0,16.0,0.0,10.0,9.0,0.0,0
1113,2023,15,Singapore Grand Prix,807,Nico,Hülkenberg,210,Haas F1 Team,9.0,9.0,9.0,14.0,0.0,11.0,8.0,0.0,0
1113,2023,15,Singapore Grand Prix,858,Logan,Sargeant,3,Williams,18.0,18.0,0.0,19.0,0.0,21.0,7.0,0.0,0
1113,2023,15,Singapore Grand Prix,4,Fernando,Alonso,117,Aston Martin,7.0,7.0,170.0,3.0,0.0,217.0,4.0,0.0,0
1113,2023,15,Singapore Grand Prix,847,George,Russell,131,Mercedes,2.0,2.0,109.0,7.0,0.0,273.0,2.0,0.0,0
1113,2023,15,Singapore Grand Prix,822,Valtteri,Bottas,51,Alfa Romeo,16.0,16.0,6.0,15.0,0.0,10.0,9.0,0.0,0
1113,2023,15,Singapore Grand Prix,839,Esteban,Ocon,214,Alpine F1 Team,8.0,8.0,36.0,11.0,0.0,73.0,6.0,0.0,0
1113,2023,15,Singapore Grand Prix,852,Yuki,Tsunoda,213,AlphaTauri,15.0,15.0,3.0,17.0,0.0,3.0,10.0,0.0,0
1113,2023,15,Singapore Grand Prix,840,Lance,Stroll,117,Aston Martin,0.0,20.0,47.0,9.0,0.0,217.0,4.0,0.0,0
1114,2023,16,Japanese Grand Prix,830,Max,Verstappen,9,Red Bull,1.0,1.0,374.0,1.0,12.0,597.0,1.0,14.0,1
1114,2023,16,Japanese Grand Prix,846,Lando,Norris,1,McLaren,3.0,3.0,97.0,8.0,0.0,139.0,5.0,0.0,1
1114,2023,16,Japanese Grand Prix,857,Oscar,Piastri,1,McLaren,2.0,2.0,42.0,11.0,0.0,139.0,5.0,0.0,1
1114,2023,16,Japanese Grand Prix,844,Charles,Leclerc,6,Ferrari,4.0,4.0,123.0,6.0,0.0,265.0,3.0,1.0,0
1114,2023,16,Japanese Grand Prix,1,Lewis,Hamilton,131,Mercedes,7.0,7.0,180.0,3.0,0.0,289.0,2.0,0.0,0
1114,2023,16,Japanese Grand Prix,832,Carlos,Sainz,6,Ferrari,6.0,6.0,142.0,5.0,1.0,265.0,3.0,1.0,0
1114,2023,16,Japanese Grand Prix,847,George,Russell,131,Mercedes,8.0,8.0,109.0,7.0,0.0,289.0,2.0,0.0,0
1114,2023,16,Japanese Grand Prix,4,Fernando,Alonso,117,Aston Martin,10.0,10.0,170.0,4.0,0.0,217.0,4.0,0.0,0
1114,2023,16,Japanese Grand Prix,839,Esteban,Ocon,214,Alpine F1 Team,14.0,14.0,36.0,12.0,0.0,81.0,6.0,0.0,0
1114,2023,16,Japanese Grand Prix,842,Pierre,Gasly,214,Alpine F1 Team,12.0,12.0,45.0,10.0,0.0,81.0,6.0,0.0,0
1114,2023,16,Japanese Grand Prix,859,Liam,Lawson,213,AlphaTauri,11.0,11.0,2.0,19.0,0.0,5.0,10.0,0.0,0
1114,2023,16,Japanese Grand Prix,852,Yuki,Tsunoda,213,AlphaTauri,9.0,9.0,3.0,17.0,0.0,5.0,10.0,0.0,0
1114,2023,16,Japanese Grand Prix,855,Guanyu,Zhou,51,Alfa Romeo,19.0,19.0,4.0,16.0,0.0,10.0,9.0,0.0,0
1114,2023,16,Japanese Grand Prix,807,Nico,Hülkenberg,210,Haas F1 Team,18.0,18.0,9.0,14.0,0.0,12.0,8.0,0.0,0
1114,2023,16,Japanese Grand Prix,825,Kevin,Magnussen,210,Haas F1 Team,15.0,15.0,3.0,18.0,0.0,12.0,8.0,0.0,0
1114,2023,16,Japanese Grand Prix,848,Alexander,Albon,3,Williams,13.0,13.0,21.0,13.0,0.0,21.0,7.0,0.0,0
1114,2023,16,Japanese Grand Prix,858,Logan,Sargeant,3,Williams,0.0,20.0,0.0,20.0,0.0,21.0,7.0,0.0,0
1114,2023,16,Japanese Grand Prix,840,Lance,Stroll,117,Aston Martin,17.0,17.0,47.0,9.0,0.0,217.0,4.0,0.0,0
1114,2023,16,Japanese Grand Prix,815,Sergio,Pérez,9,Red Bull,5.0,5.0,223.0,2.0,2.0,597.0,1.0,14.0,0
1114,2023,16,Japanese Grand Prix,822,Valtteri,Bottas,51,Alfa Romeo,16.0,16.0,6.0,15.0,0.0,10.0,9.0,0.0,0
1115,2023,17,Qatar Grand Prix,830,Max,Verstappen,9,Red Bull,1.0,1.0,400.0,1.0,13.0,623.0,1.0,15.0,1
1115,2023,17,Qatar Grand Prix,857,Oscar,Piastri,1,McLaren,6.0,6.0,57.0,9.0,0.0,172.0,5.0,0.0,1
1115,2023,17,Qatar Grand Prix,846,Lando,Norris,1,McLaren,10.0,10.0,115.0,7.0,0.0,172.0,5.0,0.0,1
1115,2023,17,Qatar Grand Prix,847,George,Russell,131,Mercedes,2.0,2.0,115.0,8.0,0.0,305.0,2.0,0.0,0
1115,2023,17,Qatar Grand Prix,844,Charles,Leclerc,6,Ferrari,5.0,5.0,135.0,6.0,0.0,285.0,3.0,1.0,0
1115,2023,17,Qatar Grand Prix,4,Fernando,Alonso,117,Aston Martin,4.0,4.0,174.0,4.0,0.0,221.0,4.0,0.0,0
1115,2023,17,Qatar Grand Prix,839,Esteban,Ocon,214,Alpine F1 Team,8.0,8.0,38.0,12.0,0.0,84.0,6.0,0.0,0
1115,2023,17,Qatar Grand Prix,822,Valtteri,Bottas,51,Alfa Romeo,9.0,9.0,6.0,15.0,0.0,10.0,9.0,0.0,0
1115,2023,17,Qatar Grand Prix,855,Guanyu,Zhou,51,Alfa Romeo,19.0,20.0,4.0,16.0,0.0,10.0,9.0,0.0,0
1115,2023,17,Qatar Grand Prix,815,Sergio,Pérez,9,Red Bull,0.0,13.0,223.0,2.0,2.0,623.0,1.0,15.0,0
1115,2023,17,Qatar Grand Prix,840,Lance,Stroll,117,Aston Martin,16.0,17.0,47.0,10.0,0.0,221.0,4.0,0.0,0
1115,2023,17,Qatar Grand Prix,842,Pierre,Gasly,214,Alpine F1 Team,7.0,7.0,46.0,11.0,0.0,84.0,6.0,0.0,0
1115,2023,17,Qatar Grand Prix,848,Alexander,Albon,3,Williams,13.0,14.0,21.0,13.0,0.0,21.0,7.0,0.0,0
1115,2023,17,Qatar Grand Prix,825,Kevin,Magnussen,210,Haas F1 Team,18.0,19.0,3.0,18.0,0.0,12.0,8.0,0.0,0
1115,2023,17,Qatar Grand Prix,852,Yuki,Tsunoda,213,AlphaTauri,11.0,11.0,3.0,17.0,0.0,5.0,10.0,0.0,0
1115,2023,17,Qatar Grand Prix,807,Nico,Hülkenberg,210,Haas F1 Team,14.0,15.0,9.0,14.0,0.0,12.0,8.0,0.0,0
1115,2023,17,Qatar Grand Prix,859,Liam,Lawson,213,AlphaTauri,17.0,18.0,2.0,19.0,0.0,5.0,10.0,0.0,0
1115,2023,17,Qatar Grand Prix,858,Logan,Sargeant,3,Williams,15.0,16.0,0.0,20.0,0.0,21.0,7.0,0.0,0
1115,2023,17,Qatar Grand Prix,1,Lewis,Hamilton,131,Mercedes,3.0,3.0,190.0,3.0,0.0,305.0,2.0,0.0,0
1115,2023,17,Qatar Grand Prix,832,Carlos,Sainz,6,Ferrari,12.0,12.0,150.0,5.0,1.0,285.0,3.0,1.0,0
1116,2023,18,United States Grand Prix,830,Max,Verstappen,9,Red Bull,6.0,6.0,433.0,1.0,14.0,657.0,1.0,16.0,1
1116,2023,18,United States Grand Prix,846,Lando,Norris,1,McLaren,2.0,2.0,136.0,7.0,0.0,219.0,5.0,0.0,1
1116,2023,18,United States Grand Prix,832,Carlos,Sainz,6,Ferrari,4.0,4.0,153.0,5.0,1.0,298.0,3.0,1.0,1
1116,2023,18,United States Grand Prix,815,Sergio,Pérez,9,Red Bull,9.0,9.0,224.0,2.0,2.0,657.0,1.0,16.0,0
1116,2023,18,United States Grand Prix,847,George,Russell,131,Mercedes,5.0,5.0,132.0,8.0,0.0,326.0,2.0,0.0,0
1116,2023,18,United States Grand Prix,842,Pierre,Gasly,214,Alpine F1 Team,7.0,7.0,46.0,11.0,0.0,90.0,6.0,0.0,0
1116,2023,18,United States Grand Prix,840,Lance,Stroll,117,Aston Martin,0.0,19.0,47.0,10.0,0.0,230.0,4.0,0.0,0
1116,2023,18,United States Grand Prix,852,Yuki,Tsunoda,213,AlphaTauri,11.0,11.0,3.0,17.0,0.0,5.0,10.0,0.0,0
1116,2023,18,United States Grand Prix,848,Alexander,Albon,3,Williams,15.0,18.0,23.0,13.0,0.0,23.0,7.0,0.0,0
1116,2023,18,United States Grand Prix,858,Logan,Sargeant,3,Williams,16.0,20.0,0.0,20.0,0.0,23.0,7.0,0.0,0
1116,2023,18,United States Grand Prix,807,Nico,Hülkenberg,210,Haas F1 Team,0.0,16.0,9.0,15.0,0.0,12.0,9.0,0.0,0
1116,2023,18,United States Grand Prix,822,Valtteri,Bottas,51,Alfa Romeo,13.0,13.0,10.0,14.0,0.0,16.0,8.0,0.0,0
1116,2023,18,United States Grand Prix,855,Guanyu,Zhou,51,Alfa Romeo,12.0,12.0,6.0,16.0,0.0,16.0,8.0,0.0,0
1116,2023,18,United States Grand Prix,825,Kevin,Magnussen,210,Haas F1 Team,0.0,14.0,3.0,18.0,0.0,12.0,9.0,0.0,0
1116,2023,18,United States Grand Prix,817,Daniel,Ricciardo,213,AlphaTauri,14.0,15.0,0.0,22.0,0.0,5.0,10.0,0.0,0
1116,2023,18,United States Grand Prix,4,Fernando,Alonso,117,Aston Martin,0.0,17.0,183.0,4.0,0.0,230.0,4.0,0.0,0
1116,2023,18,United States Grand Prix,857,Oscar,Piastri,1,McLaren,10.0,10.0,83.0,9.0,0.0,219.0,5.0,0.0,0
1116,2023,18,United States Grand Prix,839,Esteban,Ocon,214,Alpine F1 Team,8.0,8.0,44.0,12.0,0.0,90.0,6.0,0.0,0
1116,2023,18,United States Grand Prix,1,Lewis,Hamilton,131,Mercedes,3.0,3.0,194.0,3.0,0.0,326.0,2.0,0.0,0
1116,2023,18,United States Grand Prix,844,Charles,Leclerc,6,Ferrari,1.0,1.0,145.0,6.0,0.0,298.0,3.0,1.0,0
1117,2023,19,Mexico City Grand Prix,830,Max,Verstappen,9,Red Bull,3.0,3.0,466.0,1.0,15.0,706.0,1.0,17.0,1
1117,2023,19,Mexico City Grand Prix,1,Lewis,Hamilton,131,Mercedes,6.0,6.0,201.0,3.0,0.0,344.0,2.0,0.0,1
1117,2023,19,Mexico City Grand Prix,844,Charles,Leclerc,6,Ferrari,1.0,1.0,151.0,7.0,0.0,322.0,3.0,1.0,1
1117,2023,19,Mexico City Grand Prix,832,Carlos,Sainz,6,Ferrari,2.0,2.0,171.0,5.0,1.0,322.0,3.0,1.0,0
1117,2023,19,Mexico City Grand Prix,846,Lando,Norris,1,McLaren,17.0,19.0,159.0,6.0,0.0,242.0,4.0,0.0,0
1117,2023,19,Mexico City Grand Prix,847,George,Russell,131,Mercedes,8.0,8.0,143.0,8.0,0.0,344.0,2.0,0.0,0
1117,2023,19,Mexico City Grand Prix,817,Daniel,Ricciardo,213,AlphaTauri,4.0,4.0,0.0,22.0,0.0,10.0,10.0,0.0,0
1117,2023,19,Mexico City Grand Prix,857,Oscar,Piastri,1,McLaren,7.0,7.0,83.0,9.0,0.0,242.0,4.0,0.0,0
1117,2023,19,Mexico City Grand Prix,848,Alexander,Albon,3,Williams,14.0,14.0,25.0,13.0,0.0,26.0,7.0,0.0,0
1117,2023,19,Mexico City Grand Prix,839,Esteban,Ocon,214,Alpine F1 Team,15.0,16.0,44.0,12.0,0.0,100.0,6.0,0.0,0
1117,2023,19,Mexico City Grand Prix,842,Pierre,Gasly,214,Alpine F1 Team,11.0,11.0,56.0,10.0,0.0,100.0,6.0,0.0,0
1117,2023,19,Mexico City Grand Prix,852,Yuki,Tsunoda,213,AlphaTauri,18.0,15.0,8.0,16.0,0.0,10.0,10.0,0.0,0
1117,2023,19,Mexico City Grand Prix,807,Nico,Hülkenberg,210,Haas F1 Team,12.0,12.0,9.0,15.0,0.0,12.0,9.0,0.0,0
1117,2023,19,Mexico City Grand Prix,855,Guanyu,Zhou,51,Alfa Romeo,10.0,10.0,6.0,17.0,0.0,16.0,8.0,0.0,0
1117,2023,19,Mexico City Grand Prix,822,Valtteri,Bottas,51,Alfa Romeo,9.0,9.0,10.0,14.0,0.0,16.0,8.0,0.0,0
1117,2023,19,Mexico City Grand Prix,858,Logan,Sargeant,3,Williams,19.0,20.0,1.0,20.0,0.0,26.0,7.0,0.0,0
1117,2023,19,Mexico City Grand Prix,840,Lance,Stroll,117,Aston Martin,0.0,18.0,53.0,11.0,0.0,236.0,5.0,0.0,0
1117,2023,19,Mexico City Grand Prix,4,Fernando,Alonso,117,Aston Martin,13.0,13.0,183.0,4.0,0.0,236.0,5.0,0.0,0
1117,2023,19,Mexico City Grand Prix,825,Kevin,Magnussen,210,Haas F1 Team,16.0,17.0,3.0,18.0,0.0,12.0,9.0,0.0,0
1117,2023,19,Mexico City Grand Prix,815,Sergio,Pérez,9,Red Bull,5.0,5.0,240.0,2.0,2.0,706.0,1.0,17.0,0
1118,2023,20,São Paulo Grand Prix,830,Max,Verstappen,9,Red Bull,1.0,1.0,491.0,1.0,16.0,731.0,1.0,18.0,1
1118,2023,20,São Paulo Grand Prix,846,Lando,Norris,1,McLaren,6.0,7.0,169.0,6.0,0.0,256.0,4.0,0.0,1
1118,2023,20,São Paulo Grand Prix,4,Fernando,Alonso,117,Aston Martin,4.0,4.0,183.0,5.0,0.0,236.0,5.0,0.0,1
1118,2023,20,São Paulo Grand Prix,815,Sergio,Pérez,9,Red Bull,9.0,9.0,240.0,2.0,2.0,731.0,1.0,18.0,0
1118,2023,20,São Paulo Grand Prix,840,Lance,Stroll,117,Aston Martin,3.0,3.0,53.0,11.0,0.0,236.0,5.0,0.0,0
1118,2023,20,São Paulo Grand Prix,832,Carlos,Sainz,6,Ferrari,7.0,8.0,183.0,4.0,1.0,349.0,3.0,1.0,0
1118,2023,20,São Paulo Grand Prix,842,Pierre,Gasly,214,Alpine F1 Team,15.0,13.0,56.0,10.0,0.0,101.0,6.0,0.0,0
1118,2023,20,São Paulo Grand Prix,1,Lewis,Hamilton,131,Mercedes,5.0,5.0,220.0,3.0,0.0,371.0,2.0,0.0,0
1118,2023,20,São Paulo Grand Prix,852,Yuki,Tsunoda,213,AlphaTauri,16.0,16.0,8.0,16.0,0.0,16.0,8.0,0.0,0
1118,2023,20,São Paulo Grand Prix,839,Esteban,Ocon,214,Alpine F1 Team,14.0,12.0,45.0,12.0,0.0,101.0,6.0,0.0,0
1118,2023,20,São Paulo Grand Prix,858,Logan,Sargeant,3,Williams,19.0,19.0,1.0,21.0,0.0,28.0,7.0,0.0,0
1118,2023,20,São Paulo Grand Prix,807,Nico,Hülkenberg,210,Haas F1 Team,11.0,11.0,9.0,15.0,0.0,12.0,10.0,0.0,0
1118,2023,20,São Paulo Grand Prix,817,Daniel,Ricciardo,213,AlphaTauri,17.0,17.0,6.0,17.0,0.0,16.0,8.0,0.0,0
1118,2023,20,São Paulo Grand Prix,857,Oscar,Piastri,1,McLaren,10.0,10.0,87.0,9.0,0.0,256.0,4.0,0.0,0
1118,2023,20,São Paulo Grand Prix,847,George,Russell,131,Mercedes,8.0,6.0,151.0,8.0,0.0,371.0,2.0,0.0,0
1118,2023,20,São Paulo Grand Prix,822,Valtteri,Bottas,51,Alfa Romeo,18.0,18.0,10.0,14.0,0.0,16.0,9.0,0.0,0
1118,2023,20,São Paulo Grand Prix,855,Guanyu,Zhou,51,Alfa Romeo,20.0,20.0,6.0,18.0,0.0,16.0,9.0,0.0,0
1118,2023,20,São Paulo Grand Prix,825,Kevin,Magnussen,210,Haas F1 Team,12.0,14.0,3.0,19.0,0.0,12.0,10.0,0.0,0
1118,2023,20,São Paulo Grand Prix,848,Alexander,Albon,3,Williams,13.0,15.0,27.0,13.0,0.0,28.0,7.0,0.0,0
1118,2023,20,São Paulo Grand Prix,844,Charles,Leclerc,6,Ferrari,0.0,2.0,166.0,7.0,0.0,349.0,3.0,1.0,0
1119,2023,21,Las Vegas Grand Prix,830,Max,Verstappen,9,Red Bull,2.0,3.0,524.0,1.0,17.0,782.0,1.0,19.0,1
1119,2023,21,Las Vegas Grand Prix,844,Charles,Leclerc,6,Ferrari,1.0,1.0,170.0,7.0,0.0,362.0,3.0,1.0,1
1119,2023,21,Las Vegas Grand Prix,815,Sergio,Pérez,9,Red Bull,11.0,12.0,258.0,2.0,2.0,782.0,1.0,19.0,1
1119,2023,21,Las Vegas Grand Prix,839,Esteban,Ocon,214,Alpine F1 Team,16.0,17.0,46.0,12.0,0.0,108.0,6.0,0.0,0
1119,2023,21,Las Vegas Grand Prix,840,Lance,Stroll,117,Aston Martin,19.0,14.0,63.0,10.0,0.0,261.0,5.0,0.0,0
1119,2023,21,Las Vegas Grand Prix,832,Carlos,Sainz,6,Ferrari,12.0,2.0,192.0,6.0,1.0,362.0,3.0,1.0,0
1119,2023,21,Las Vegas Grand Prix,1,Lewis,Hamilton,131,Mercedes,10.0,11.0,226.0,3.0,0.0,382.0,2.0,0.0,0
1119,2023,21,Las Vegas Grand Prix,847,George,Russell,131,Mercedes,3.0,4.0,156.0,8.0,0.0,382.0,2.0,0.0,0
1119,2023,21,Las Vegas Grand Prix,4,Fernando,Alonso,117,Aston Martin,9.0,10.0,198.0,4.0,0.0,261.0,5.0,0.0,0
1119,2023,21,Las Vegas Grand Prix,857,Oscar,Piastri,1,McLaren,18.0,19.0,87.0,9.0,0.0,282.0,4.0,0.0,0
1119,2023,21,Las Vegas Grand Prix,842,Pierre,Gasly,214,Alpine F1 Team,4.0,5.0,62.0,11.0,0.0,108.0,6.0,0.0,0
1119,2023,21,Las Vegas Grand Prix,848,Alexander,Albon,3,Williams,5.0,6.0,27.0,13.0,0.0,28.0,7.0,0.0,0
1119,2023,21,Las Vegas Grand Prix,825,Kevin,Magnussen,210,Haas F1 Team,8.0,9.0,3.0,19.0,0.0,12.0,10.0,0.0,0
1119,2023,21,Las Vegas Grand Prix,817,Daniel,Ricciardo,213,AlphaTauri,14.0,15.0,6.0,17.0,0.0,21.0,8.0,0.0,0
1119,2023,21,Las Vegas Grand Prix,855,Guanyu,Zhou,51,Alfa Romeo,17.0,18.0,6.0,18.0,0.0,16.0,9.0,0.0,0
1119,2023,21,Las Vegas Grand Prix,858,Logan,Sargeant,3,Williams,6.0,7.0,1.0,21.0,0.0,28.0,7.0,0.0,0
1119,2023,21,Las Vegas Grand Prix,822,Valtteri,Bottas,51,Alfa Romeo,7.0,8.0,10.0,15.0,0.0,16.0,9.0,0.0,0
1119,2023,21,Las Vegas Grand Prix,852,Yuki,Tsunoda,213,AlphaTauri,20.0,20.0,13.0,14.0,0.0,21.0,8.0,0.0,0
1119,2023,21,Las Vegas Grand Prix,807,Nico,Hülkenberg,210,Haas F1 Team,13.0,13.0,9.0,16.0,0.0,12.0,10.0,0.0,0
1119,2023,21,Las Vegas Grand Prix,846,Lando,Norris,1,McLaren,15.0,16.0,195.0,5.0,0.0,282.0,4.0,0.0,0
1120,2023,22,Abu Dhabi Grand Prix,830,Max,Verstappen,9,Red Bull,1.0,1.0,549.0,1.0,18.0,822.0,1.0,20.0,1
1120,2023,22,Abu Dhabi Grand Prix,844,Charles,Leclerc,6,Ferrari,2.0,2.0,188.0,7.0,0.0,388.0,3.0,1.0,1
1120,2023,22,Abu Dhabi Grand Prix,847,George,Russell,131,Mercedes,4.0,4.0,160.0,8.0,0.0,392.0,2.0,0.0,1
1120,2023,22,Abu Dhabi Grand Prix,815,Sergio,Pérez,9,Red Bull,9.0,9.0,273.0,2.0,2.0,822.0,1.0,20.0,0
1120,2023,22,Abu Dhabi Grand Prix,846,Lando,Norris,1,McLaren,5.0,5.0,195.0,6.0,0.0,284.0,4.0,0.0,0
1120,2023,22,Abu Dhabi Grand Prix,857,Oscar,Piastri,1,McLaren,3.0,3.0,89.0,9.0,0.0,284.0,4.0,0.0,0
1120,2023,22,Abu Dhabi Grand Prix,4,Fernando,Alonso,117,Aston Martin,7.0,7.0,200.0,5.0,0.0,273.0,5.0,0.0,0
1120,2023,22,Abu Dhabi Grand Prix,852,Yuki,Tsunoda,213,AlphaTauri,6.0,6.0,13.0,14.0,0.0,21.0,8.0,0.0,0
1120,2023,22,Abu Dhabi Grand Prix,1,Lewis,Hamilton,131,Mercedes,11.0,11.0,232.0,3.0,0.0,392.0,2.0,0.0,0
1120,2023,22,Abu Dhabi Grand Prix,840,Lance,Stroll,117,Aston Martin,13.0,13.0,73.0,10.0,0.0,273.0,5.0,0.0,0
1120,2023,22,Abu Dhabi Grand Prix,817,Daniel,Ricciardo,213,AlphaTauri,15.0,15.0,6.0,17.0,0.0,21.0,8.0,0.0,0
1120,2023,22,Abu Dhabi Grand Prix,839,Esteban,Ocon,214,Alpine F1 Team,12.0,12.0,58.0,12.0,0.0,120.0,6.0,0.0,0
1120,2023,22,Abu Dhabi Grand Prix,842,Pierre,Gasly,214,Alpine F1 Team,10.0,10.0,62.0,11.0,0.0,120.0,6.0,0.0,0
1120,2023,22,Abu Dhabi Grand Prix,848,Alexander,Albon,3,Williams,14.0,14.0,27.0,13.0,0.0,28.0,7.0,0.0,0
1120,2023,22,Abu Dhabi Grand Prix,807,Nico,Hülkenberg,210,Haas F1 Team,8.0,8.0,9.0,16.0,0.0,12.0,10.0,0.0,0
1120,2023,22,Abu Dhabi Grand Prix,858,Logan,Sargeant,3,Williams,20.0,20.0,1.0,21.0,0.0,28.0,7.0,0.0,0
1120,2023,22,Abu Dhabi Grand Prix,855,Guanyu,Zhou,51,Alfa Romeo,19.0,19.0,6.0,18.0,0.0,16.0,9.0,0.0,0
1120,2023,22,Abu Dhabi Grand Prix,832,Carlos,Sainz,6,Ferrari,16.0,16.0,200.0,4.0,1.0,388.0,3.0,1.0,0
1120,2023,22,Abu Dhabi Grand Prix,822,Valtteri,Bottas,51,Alfa Romeo,18.0,18.0,10.0,15.0,0.0,16.0,9.0,0.0,0
1120,2023,22,Abu Dhabi Grand Prix,825,Kevin,Magnussen,210,Haas F1 Team,17.0,17.0,3.0,19.0,0.0,12.0,10.0,0.0,0
1121,2024,1,Bahrain Grand Prix,830,Max,Verstappen,9,Red Bull,1.0,1.0,575.0,1.0,19.0,860.0,1.0,21.0,1
1121,2024,1,Bahrain Grand Prix,815,Sergio,Pérez,9,Red Bull,5.0,5.0,285.0,2.0,2.0,860.0,1.0,21.0,1
1121,2024,1,Bahrain Grand Prix,832,Carlos,Sainz,6,Ferrari,4.0,4.0,200.0,7.0,1.0,406.0,3.0,1.0,1
1121,2024,1,Bahrain Grand Prix,844,Charles,Leclerc,6,Ferrari,2.0,2.0,206.0,5.0,0.0,406.0,3.0,1.0,0
1121,2024,1,Bahrain Grand Prix,847,George,Russell,131,Mercedes,3.0,3.0,175.0,8.0,0.0,409.0,2.0,0.0,0
1121,2024,1,Bahrain Grand Prix,846,Lando,Norris,1,McLaren,7.0,7.0,205.0,6.0,0.0,302.0,4.0,0.0,0
1121,2024,1,Bahrain Grand Prix,1,Lewis,Hamilton,131,Mercedes,9.0,9.0,234.0,3.0,0.0,409.0,2.0,0.0,0
1121,2024,1,Bahrain Grand Prix,857,Oscar,Piastri,1,McLaren,8.0,8.0,97.0,9.0,0.0,302.0,4.0,0.0,0
1121,2024,1,Bahrain Grand Prix,4,Fernando,Alonso,117,Aston Martin,6.0,6.0,206.0,4.0,0.0,280.0,5.0,0.0,0
1121,2024,1,Bahrain Grand Prix,840,Lance,Stroll,117,Aston Martin,12.0,12.0,74.0,10.0,0.0,280.0,5.0,0.0,0
1121,2024,1,Bahrain Grand Prix,855,Guanyu,Zhou,15,Sauber,17.0,17.0,6.0,18.0,0.0,48.0,8.0,0.0,0
1121,2024,1,Bahrain Grand Prix,825,Kevin,Magnussen,210,Haas F1 Team,15.0,15.0,3.0,19.0,0.0,12.0,10.0,0.0,0
1121,2024,1,Bahrain Grand Prix,817,Daniel,Ricciardo,215,RB F1 Team,14.0,14.0,6.0,17.0,0.0,0.0,13.0,0.0,0
1121,2024,1,Bahrain Grand Prix,852,Yuki,Tsunoda,215,RB F1 Team,11.0,11.0,17.0,14.0,0.0,0.0,13.0,0.0,0
1121,2024,1,Bahrain Grand Prix,848,Alexander,Albon,3,Williams,13.0,13.0,27.0,13.0,0.0,28.0,7.0,0.0,0
1121,2024,1,Bahrain Grand Prix,807,Nico,Hülkenberg,210,Haas F1 Team,10.0,10.0,9.0,16.0,0.0,12.0,10.0,0.0,0
1121,2024,1,Bahrain Grand Prix,839,Esteban,Ocon,214,Alpine F1 Team,19.0,19.0,58.0,12.0,0.0,120.0,6.0,0.0,0
1121,2024,1,Bahrain Grand Prix,842,Pierre,Gasly,214,Alpine F1 Team,20.0,20.0,62.0,11.0,0.0,120.0,6.0,0.0,0
1121,2024,1,Bahrain Grand Prix,822,Valtteri,Bottas,15,Sauber,16.0,16.0,10.0,15.0,0.0,48.0,8.0,0.0,0
1121,2024,1,Bahrain Grand Prix,858,Logan,Sargeant,3,Williams,18.0,18.0,1.0,21.0,0.0,28.0,7.0,0.0,0
1122,2024,2,Saudi Arabian Grand Prix,830,Max,Verstappen,9,Red Bull,1.0,1.0,26.0,1.0,1.0,44.0,1.0,1.0,1
1122,2024,2,Saudi Arabian Grand Prix,815,Sergio,Pérez,9,Red Bull,3.0,3.0,18.0,2.0,0.0,44.0,1.0,1.0,1
1122,2024,2,Saudi Arabian Grand Prix,844,Charles,Leclerc,6,Ferrari,2.0,2.0,12.0,4.0,0.0,27.0,2.0,0.0,1
1122,2024,2,Saudi Arabian Grand Prix,857,Oscar,Piastri,1,McLaren,5.0,5.0,4.0,8.0,0.0,12.0,4.0,0.0,0
1122,2024,2,Saudi Arabian Grand Prix,4,Fernando,Alonso,117,Aston Martin,4.0,4.0,2.0,9.0,0.0,3.0,5.0,0.0,0
1122,2024,2,Saudi Arabian Grand Prix,847,George,Russell,131,Mercedes,7.0,7.0,10.0,5.0,0.0,16.0,3.0,0.0,0
1122,2024,2,Saudi Arabian Grand Prix,860,Oliver,Bearman,6,Ferrari,11.0,11.0,0.0,28.0,0.0,27.0,2.0,0.0,0
1122,2024,2,Saudi Arabian Grand Prix,846,Lando,Norris,1,McLaren,6.0,6.0,8.0,6.0,0.0,12.0,4.0,0.0,0
1122,2024,2,Saudi Arabian Grand Prix,1,Lewis,Hamilton,131,Mercedes,8.0,8.0,6.0,7.0,0.0,16.0,3.0,0.0,0
1122,2024,2,Saudi Arabian Grand Prix,807,Nico,Hülkenberg,210,Haas F1 Team,15.0,15.0,0.0,16.0,0.0,0.0,7.0,0.0,0
1122,2024,2,Saudi Arabian Grand Prix,848,Alexander,Albon,3,Williams,12.0,12.0,0.0,15.0,0.0,0.0,9.0,0.0,0
1122,2024,2,Saudi Arabian Grand Prix,825,Kevin,Magnussen,210,Haas F1 Team,13.0,13.0,0.0,12.0,0.0,0.0,7.0,0.0,0
1122,2024,2,Saudi Arabian Grand Prix,839,Esteban,Ocon,214,Alpine F1 Team,17.0,17.0,0.0,17.0,0.0,0.0,10.0,0.0,0
1122,2024,2,Saudi Arabian Grand Prix,858,Logan,Sargeant,3,Williams,19.0,19.0,0.0,20.0,0.0,0.0,9.0,0.0,0
1122,2024,2,Saudi Arabian Grand Prix,852,Yuki,Tsunoda,215,RB F1 Team,9.0,9.0,0.0,14.0,0.0,0.0,8.0,0.0,0
1122,2024,2,Saudi Arabian Grand Prix,817,Daniel,Ricciardo,215,RB F1 Team,14.0,14.0,0.0,13.0,0.0,0.0,8.0,0.0,0
1122,2024,2,Saudi Arabian Grand Prix,822,Valtteri,Bottas,15,Sauber,16.0,16.0,0.0,19.0,0.0,0.0,6.0,0.0,0
1122,2024,2,Saudi Arabian Grand Prix,855,Guanyu,Zhou,15,Sauber,20.0,20.0,0.0,11.0,0.0,0.0,6.0,0.0,0
1122,2024,2,Saudi Arabian Grand Prix,840,Lance,Stroll,117,Aston Martin,10.0,10.0,1.0,10.0,0.0,3.0,5.0,0.0,0
1122,2024,2,Saudi Arabian Grand Prix,842,Pierre,Gasly,214,Alpine F1 Team,18.0,18.0,0.0,18.0,0.0,0.0,10.0,0.0,0
1123,2024,3,Australian Grand Prix,832,Carlos,Sainz,6,Ferrari,2.0,2.0,15.0,6.0,0.0,49.0,2.0,0.0,1
1123,2024,3,Australian Grand Prix,844,Charles,Leclerc,6,Ferrari,4.0,5.0,28.0,3.0,0.0,49.0,2.0,0.0,1
1123,2024,3,Australian Grand Prix,846,Lando,Norris,1,McLaren,3.0,4.0,12.0,8.0,0.0,28.0,3.0,0.0,1
1123,2024,3,Australian Grand Prix,857,Oscar,Piastri,1,McLaren,5.0,6.0,16.0,5.0,0.0,28.0,3.0,0.0,0
1123,2024,3,Australian Grand Prix,815,Sergio,Pérez,9,Red Bull,6.0,3.0,36.0,2.0,0.0,87.0,1.0,2.0,0
1123,2024,3,Australian Grand Prix,840,Lance,Stroll,117,Aston Martin,9.0,9.0,1.0,12.0,0.0,13.0,5.0,0.0,0
1123,2024,3,Australian Grand Prix,852,Yuki,Tsunoda,215,RB F1 Team,8.0,8.0,0.0,18.0,0.0,0.0,9.0,0.0,0
1123,2024,3,Australian Grand Prix,4,Fernando,Alonso,117,Aston Martin,10.0,10.0,12.0,7.0,0.0,13.0,5.0,0.0,0
1123,2024,3,Australian Grand Prix,807,Nico,Hülkenberg,210,Haas F1 Team,16.0,16.0,1.0,11.0,0.0,1.0,6.0,0.0,0
1123,2024,3,Australian Grand Prix,825,Kevin,Magnussen,210,Haas F1 Team,14.0,14.0,0.0,15.0,0.0,1.0,6.0,0.0,0
1123,2024,3,Australian Grand Prix,848,Alexander,Albon,3,Williams,12.0,12.0,0.0,13.0,0.0,0.0,7.0,0.0,0
1123,2024,3,Australian Grand Prix,817,Daniel,Ricciardo,215,RB F1 Team,18.0,18.0,0.0,16.0,0.0,0.0,9.0,0.0,0
1123,2024,3,Australian Grand Prix,842,Pierre,Gasly,214,Alpine F1 Team,17.0,17.0,0.0,21.0,0.0,0.0,10.0,0.0,0
1123,2024,3,Australian Grand Prix,822,Valtteri,Bottas,15,Sauber,13.0,13.0,0.0,20.0,0.0,0.0,8.0,0.0,0
1123,2024,3,Australian Grand Prix,855,Guanyu,Zhou,15,Sauber,19.0,19.0,0.0,14.0,0.0,0.0,8.0,0.0,0
1123,2024,3,Australian Grand Prix,839,Esteban,Ocon,214,Alpine F1 Team,15.0,15.0,0.0,17.0,0.0,0.0,10.0,0.0,0
1123,2024,3,Australian Grand Prix,847,George,Russell,131,Mercedes,7.0,7.0,18.0,4.0,0.0,26.0,4.0,0.0,0
1123,2024,3,Australian Grand Prix,1,Lewis,Hamilton,131,Mercedes,11.0,11.0,8.0,9.0,0.0,26.0,4.0,0.0,0
1123,2024,3,Australian Grand Prix,830,Max,Verstappen,9,Red Bull,1.0,1.0,51.0,1.0,2.0,87.0,1.0,2.0,0
1124,2024,4,Japanese Grand Prix,830,Max,Verstappen,9,Red Bull,1.0,1.0,51.0,1.0,2.0,97.0,1.0,2.0,1
1124,2024,4,Japanese Grand Prix,815,Sergio,Pérez,9,Red Bull,2.0,2.0,46.0,3.0,0.0,97.0,1.0,2.0,1
1124,2024,4,Japanese Grand Prix,832,Carlos,Sainz,6,Ferrari,4.0,4.0,40.0,4.0,1.0,93.0,2.0,1.0,1
1124,2024,4,Japanese Grand Prix,844,Charles,Leclerc,6,Ferrari,8.0,8.0,47.0,2.0,0.0,93.0,2.0,1.0,0
1124,2024,4,Japanese Grand Prix,846,Lando,Norris,1,McLaren,3.0,3.0,27.0,6.0,0.0,55.0,3.0,0.0,0
1124,2024,4,Japanese Grand Prix,4,Fernando,Alonso,117,Aston Martin,5.0,5.0,16.0,8.0,0.0,25.0,5.0,0.0,0
1124,2024,4,Japanese Grand Prix,847,George,Russell,131,Mercedes,9.0,9.0,18.0,7.0,0.0,26.0,4.0,0.0,0
1124,2024,4,Japanese Grand Prix,857,Oscar,Piastri,1,McLaren,6.0,6.0,28.0,5.0,0.0,55.0,3.0,0.0,0
1124,2024,4,Japanese Grand Prix,1,Lewis,Hamilton,131,Mercedes,7.0,7.0,8.0,10.0,0.0,26.0,4.0,0.0,0
1124,2024,4,Japanese Grand Prix,852,Yuki,Tsunoda,215,RB F1 Team,10.0,10.0,6.0,11.0,0.0,6.0,6.0,0.0,0
1124,2024,4,Japanese Grand Prix,807,Nico,Hülkenberg,210,Haas F1 Team,12.0,12.0,3.0,13.0,0.0,4.0,7.0,0.0,0
1124,2024,4,Japanese Grand Prix,840,Lance,Stroll,117,Aston Martin,16.0,16.0,9.0,9.0,0.0,25.0,5.0,0.0,0
1124,2024,4,Japanese Grand Prix,825,Kevin,Magnussen,210,Haas F1 Team,18.0,18.0,1.0,14.0,0.0,4.0,7.0,0.0,0
1124,2024,4,Japanese Grand Prix,822,Valtteri,Bottas,15,Sauber,13.0,13.0,0.0,20.0,0.0,0.0,9.0,0.0,0
1124,2024,4,Japanese Grand Prix,839,Esteban,Ocon,214,Alpine F1 Team,15.0,15.0,0.0,18.0,0.0,0.0,10.0,0.0,0
1124,2024,4,Japanese Grand Prix,842,Pierre,Gasly,214,Alpine F1 Team,17.0,17.0,0.0,19.0,0.0,0.0,10.0,0.0,0
1124,2024,4,Japanese Grand Prix,858,Logan,Sargeant,3,Williams,19.0,19.0,0.0,21.0,0.0,0.0,8.0,0.0,0
1124,2024,4,Japanese Grand Prix,855,Guanyu,Zhou,15,Sauber,20.0,20.0,0.0,16.0,0.0,0.0,9.0,0.0,0
1124,2024,4,Japanese Grand Prix,817,Daniel,Ricciardo,215,RB F1 Team,11.0,11.0,0.0,17.0,0.0,6.0,6.0,0.0,0
1124,2024,4,Japanese Grand Prix,848,Alexander,Albon,3,Williams,14.0,14.0,0.0,15.0,0.0,0.0,8.0,0.0,0
1125,2024,5,Chinese Grand Prix,830,Max,Verstappen,9,Red Bull,1.0,1.0,77.0,1.0,3.0,141.0,1.0,3.0,1
1125,2024,5,Chinese Grand Prix,846,Lando,Norris,1,McLaren,4.0,4.0,37.0,5.0,0.0,69.0,3.0,0.0,1
1125,2024,5,Chinese Grand Prix,815,Sergio,Pérez,9,Red Bull,2.0,2.0,64.0,2.0,0.0,141.0,1.0,3.0,1
1125,2024,5,Chinese Grand Prix,844,Charles,Leclerc,6,Ferrari,6.0,6.0,59.0,3.0,0.0,120.0,2.0,1.0,0
1125,2024,5,Chinese Grand Prix,832,Carlos,Sainz,6,Ferrari,7.0,7.0,55.0,4.0,1.0,120.0,2.0,1.0,0
1125,2024,5,Chinese Grand Prix,847,George,Russell,131,Mercedes,8.0,8.0,24.0,7.0,0.0,34.0,4.0,0.0,0
1125,2024,5,Chinese Grand Prix,4,Fernando,Alonso,117,Aston Martin,3.0,3.0,24.0,8.0,0.0,33.0,5.0,0.0,0
1125,2024,5,Chinese Grand Prix,857,Oscar,Piastri,1,McLaren,5.0,5.0,32.0,6.0,0.0,69.0,3.0,0.0,0
1125,2024,5,Chinese Grand Prix,1,Lewis,Hamilton,131,Mercedes,18.0,18.0,10.0,9.0,0.0,34.0,4.0,0.0,0
1125,2024,5,Chinese Grand Prix,807,Nico,Hülkenberg,210,Haas F1 Team,9.0,9.0,3.0,13.0,0.0,4.0,7.0,0.0,0
1125,2024,5,Chinese Grand Prix,839,Esteban,Ocon,214,Alpine F1 Team,13.0,13.0,0.0,18.0,0.0,0.0,10.0,0.0,0
1125,2024,5,Chinese Grand Prix,848,Alexander,Albon,3,Williams,14.0,14.0,0.0,15.0,0.0,0.0,8.0,0.0,0
1125,2024,5,Chinese Grand Prix,842,Pierre,Gasly,214,Alpine F1 Team,15.0,15.0,0.0,19.0,0.0,0.0,10.0,0.0,0
1125,2024,5,Chinese Grand Prix,855,Guanyu,Zhou,15,Sauber,16.0,16.0,0.0,16.0,0.0,0.0,9.0,0.0,0
1125,2024,5,Chinese Grand Prix,840,Lance,Stroll,117,Aston Martin,11.0,11.0,9.0,10.0,0.0,33.0,5.0,0.0,0
1125,2024,5,Chinese Grand Prix,825,Kevin,Magnussen,210,Haas F1 Team,17.0,17.0,1.0,14.0,0.0,4.0,7.0,0.0,0
1125,2024,5,Chinese Grand Prix,858,Logan,Sargeant,3,Williams,20.0,20.0,0.0,21.0,0.0,0.0,8.0,0.0,0
1125,2024,5,Chinese Grand Prix,817,Daniel,Ricciardo,215,RB F1 Team,12.0,12.0,0.0,17.0,0.0,7.0,6.0,0.0,0
1125,2024,5,Chinese Grand Prix,852,Yuki,Tsunoda,215,RB F1 Team,19.0,19.0,7.0,11.0,0.0,7.0,6.0,0.0,0
1125,2024,5,Chinese Grand Prix,822,Valtteri,Bottas,15,Sauber,10.0,10.0,0.0,20.0,0.0,0.0,9.0,0.0,0
1126,2024,6,Miami Grand Prix,846,Lando,Norris,1,McLaren,5.0,5.0,58.0,5.0,0.0,96.0,3.0,0.0,1
1126,2024,6,Miami Grand Prix,830,Max,Verstappen,9,Red Bull,1.0,1.0,110.0,1.0,4.0,195.0,1.0,4.0,1
1126,2024,6,Miami Grand Prix,844,Charles,Leclerc,6,Ferrari,2.0,2.0,76.0,3.0,0.0,151.0,2.0,1.0,1
1126,2024,6,Miami Grand Prix,815,Sergio,Pérez,9,Red Bull,4.0,4.0,85.0,2.0,0.0,195.0,1.0,4.0,0
1126,2024,6,Miami Grand Prix,832,Carlos,Sainz,6,Ferrari,3.0,3.0,69.0,4.0,1.0,151.0,2.0,1.0,0
1126,2024,6,Miami Grand Prix,1,Lewis,Hamilton,131,Mercedes,8.0,8.0,19.0,9.0,0.0,52.0,4.0,0.0,0
1126,2024,6,Miami Grand Prix,852,Yuki,Tsunoda,215,RB F1 Team,10.0,10.0,7.0,11.0,0.0,7.0,6.0,0.0,0
1126,2024,6,Miami Grand Prix,847,George,Russell,131,Mercedes,7.0,7.0,33.0,7.0,0.0,52.0,4.0,0.0,0
1126,2024,6,Miami Grand Prix,4,Fernando,Alonso,117,Aston Martin,15.0,15.0,31.0,8.0,0.0,40.0,5.0,0.0,0
1126,2024,6,Miami Grand Prix,839,Esteban,Ocon,214,Alpine F1 Team,13.0,13.0,0.0,16.0,0.0,0.0,9.0,0.0,0
1126,2024,6,Miami Grand Prix,807,Nico,Hülkenberg,210,Haas F1 Team,9.0,9.0,4.0,13.0,0.0,5.0,7.0,0.0,0
1126,2024,6,Miami Grand Prix,842,Pierre,Gasly,214,Alpine F1 Team,12.0,12.0,0.0,19.0,0.0,0.0,9.0,0.0,0
1126,2024,6,Miami Grand Prix,857,Oscar,Piastri,1,McLaren,6.0,6.0,38.0,6.0,0.0,96.0,3.0,0.0,0
1126,2024,6,Miami Grand Prix,855,Guanyu,Zhou,15,Sauber,19.0,20.0,0.0,17.0,0.0,0.0,10.0,0.0,0
1126,2024,6,Miami Grand Prix,817,Daniel,Ricciardo,215,RB F1 Team,20.0,18.0,0.0,18.0,0.0,7.0,6.0,0.0,0
1126,2024,6,Miami Grand Prix,822,Valtteri,Bottas,15,Sauber,16.0,16.0,0.0,20.0,0.0,0.0,10.0,0.0,0
1126,2024,6,Miami Grand Prix,840,Lance,Stroll,117,Aston Martin,11.0,11.0,9.0,10.0,0.0,40.0,5.0,0.0,0
1126,2024,6,Miami Grand Prix,848,Alexander,Albon,3,Williams,14.0,14.0,0.0,15.0,0.0,0.0,8.0,0.0,0
1126,2024,6,Miami Grand Prix,825,Kevin,Magnussen,210,Haas F1 Team,18.0,19.0,1.0,14.0,0.0,5.0,7.0,0.0,0
1126,2024,6,Miami Grand Prix,858,Logan,Sargeant,3,Williams,17.0,17.0,0.0,21.0,0.0,0.0,8.0,0.0,0
1127,2024,7,Emilia Romagna Grand Prix,830,Max,Verstappen,9,Red Bull,1.0,1.0,136.0,1.0,4.0,239.0,1.0,4.0,1
1127,2024,7,Emilia Romagna Grand Prix,846,Lando,Norris,1,McLaren,2.0,3.0,83.0,4.0,1.0,124.0,3.0,1.0,1
1127,2024,7,Emilia Romagna Grand Prix,844,Charles,Leclerc,6,Ferrari,3.0,4.0,98.0,3.0,0.0,187.0,2.0,1.0,1
1127,2024,7,Emilia Romagna Grand Prix,857,Oscar,Piastri,1,McLaren,5.0,2.0,41.0,6.0,0.0,124.0,3.0,1.0,0
1127,2024,7,Emilia Romagna Grand Prix,832,Carlos,Sainz,6,Ferrari,4.0,5.0,83.0,5.0,1.0,187.0,2.0,1.0,0
1127,2024,7,Emilia Romagna Grand Prix,1,Lewis,Hamilton,131,Mercedes,8.0,8.0,27.0,9.0,0.0,64.0,4.0,0.0,0
1127,2024,7,Emilia Romagna Grand Prix,847,George,Russell,131,Mercedes,6.0,6.0,37.0,7.0,0.0,64.0,4.0,0.0,0
1127,2024,7,Emilia Romagna Grand Prix,815,Sergio,Pérez,9,Red Bull,11.0,11.0,103.0,2.0,0.0,239.0,1.0,4.0,0
1127,2024,7,Emilia Romagna Grand Prix,840,Lance,Stroll,117,Aston Martin,13.0,13.0,9.0,11.0,0.0,42.0,5.0,0.0,0
1127,2024,7,Emilia Romagna Grand Prix,852,Yuki,Tsunoda,215,RB F1 Team,7.0,7.0,14.0,10.0,0.0,19.0,6.0,0.0,0
1127,2024,7,Emilia Romagna Grand Prix,807,Nico,Hülkenberg,210,Haas F1 Team,10.0,10.0,6.0,13.0,0.0,7.0,7.0,0.0,0
1127,2024,7,Emilia Romagna Grand Prix,825,Kevin,Magnussen,210,Haas F1 Team,18.0,18.0,1.0,16.0,0.0,7.0,7.0,0.0,0
1127,2024,7,Emilia Romagna Grand Prix,817,Daniel,Ricciardo,215,RB F1 Team,9.0,9.0,5.0,14.0,0.0,19.0,6.0,0.0,0
1127,2024,7,Emilia Romagna Grand Prix,839,Esteban,Ocon,214,Alpine F1 Team,12.0,12.0,1.0,15.0,0.0,1.0,8.0,0.0,0
1127,2024,7,Emilia Romagna Grand Prix,855,Guanyu,Zhou,15,Sauber,17.0,17.0,0.0,18.0,0.0,0.0,10.0,0.0,0
1127,2024,7,Emilia Romagna Grand Prix,842,Pierre,Gasly,214,Alpine F1 Team,15.0,15.0,0.0,19.0,0.0,1.0,8.0,0.0,0
1127,2024,7,Emilia Romagna Grand Prix,858,Logan,Sargeant,3,Williams,19.0,20.0,0.0,21.0,0.0,0.0,9.0,0.0,0
1127,2024,7,Emilia Romagna Grand Prix,822,Valtteri,Bottas,15,Sauber,16.0,16.0,0.0,20.0,0.0,0.0,10.0,0.0,0
1127,2024,7,Emilia Romagna Grand Prix,4,Fernando,Alonso,117,Aston Martin,20.0,19.0,33.0,8.0,0.0,42.0,5.0,0.0,0
1127,2024,7,Emilia Romagna Grand Prix,848,Alexander,Albon,3,Williams,14.0,14.0,0.0,17.0,0.0,0.0,9.0,0.0,0
1128,2024,8,Monaco Grand Prix,844,Charles,Leclerc,6,Ferrari,1.0,1.0,113.0,2.0,0.0,212.0,2.0,1.0,1
1128,2024,8,Monaco Grand Prix,857,Oscar,Piastri,1,McLaren,2.0,2.0,53.0,6.0,0.0,154.0,3.0,1.0,1
1128,2024,8,Monaco Grand Prix,832,Carlos,Sainz,6,Ferrari,3.0,3.0,93.0,5.0,1.0,212.0,2.0,1.0,1
1128,2024,8,Monaco Grand Prix,846,Lando,Norris,1,McLaren,4.0,4.0,101.0,4.0,1.0,154.0,3.0,1.0,0
1128,2024,8,Monaco Grand Prix,847,George,Russell,131,Mercedes,5.0,5.0,44.0,7.0,0.0,79.0,4.0,0.0,0
1128,2024,8,Monaco Grand Prix,830,Max,Verstappen,9,Red Bull,6.0,6.0,161.0,1.0,5.0,268.0,1.0,5.0,0
1128,2024,8,Monaco Grand Prix,1,Lewis,Hamilton,131,Mercedes,7.0,7.0,35.0,8.0,0.0,79.0,4.0,0.0,0
1128,2024,8,Monaco Grand Prix,852,Yuki,Tsunoda,215,RB F1 Team,8.0,8.0,15.0,10.0,0.0,20.0,6.0,0.0,0
1128,2024,8,Monaco Grand Prix,848,Alexander,Albon,3,Williams,9.0,9.0,0.0,17.0,0.0,0.0,9.0,0.0,0
1128,2024,8,Monaco Grand Prix,842,Pierre,Gasly,214,Alpine F1 Team,10.0,10.0,0.0,19.0,0.0,1.0,8.0,0.0,0
1128,2024,8,Monaco Grand Prix,4,Fernando,Alonso,117,Aston Martin,14.0,16.0,33.0,9.0,0.0,44.0,5.0,0.0,0
1128,2024,8,Monaco Grand Prix,817,Daniel,Ricciardo,215,RB F1 Team,12.0,13.0,5.0,14.0,0.0,20.0,6.0,0.0,0
1128,2024,8,Monaco Grand Prix,822,Valtteri,Bottas,15,Sauber,17.0,19.0,0.0,20.0,0.0,0.0,10.0,0.0,0
1128,2024,8,Monaco Grand Prix,840,Lance,Stroll,117,Aston Martin,13.0,14.0,11.0,11.0,0.0,44.0,5.0,0.0,0
1128,2024,8,Monaco Grand Prix,858,Logan,Sargeant,3,Williams,15.0,17.0,0.0,21.0,0.0,0.0,9.0,0.0,0
1128,2024,8,Monaco Grand Prix,855,Guanyu,Zhou,15,Sauber,18.0,20.0,0.0,18.0,0.0,0.0,10.0,0.0,0
1128,2024,8,Monaco Grand Prix,839,Esteban,Ocon,214,Alpine F1 Team,11.0,11.0,1.0,15.0,0.0,1.0,8.0,0.0,0
1128,2024,8,Monaco Grand Prix,815,Sergio,Pérez,9,Red Bull,16.0,18.0,107.0,3.0,0.0,268.0,1.0,5.0,0
1128,2024,8,Monaco Grand Prix,807,Nico,Hülkenberg,210,Haas F1 Team,19.0,12.0,6.0,13.0,0.0,7.0,7.0,0.0,0
1128,2024,8,Monaco Grand Prix,825,Kevin,Magnussen,210,Haas F1 Team,20.0,15.0,1.0,16.0,0.0,7.0,7.0,0.0,0
1129,2024,9,Canadian Grand Prix,830,Max,Verstappen,9,Red Bull,2.0,2.0,169.0,1.0,5.0,276.0,1.0,5.0,1
1129,2024,9,Canadian Grand Prix,846,Lando,Norris,1,McLaren,3.0,3.0,113.0,3.0,1.0,184.0,3.0,1.0,1
1129,2024,9,Canadian Grand Prix,847,George,Russell,131,Mercedes,1.0,1.0,54.0,7.0,0.0,96.0,4.0,0.0,1
1129,2024,9,Canadian Grand Prix,1,Lewis,Hamilton,131,Mercedes,7.0,7.0,42.0,8.0,0.0,96.0,4.0,0.0,0
1129,2024,9,Canadian Grand Prix,857,Oscar,Piastri,1,McLaren,4.0,4.0,71.0,6.0,0.0,184.0,3.0,1.0,0
1129,2024,9,Canadian Grand Prix,4,Fernando,Alonso,117,Aston Martin,6.0,6.0,33.0,9.0,0.0,44.0,5.0,0.0,0
1129,2024,9,Canadian Grand Prix,840,Lance,Stroll,117,Aston Martin,9.0,9.0,11.0,11.0,0.0,44.0,5.0,0.0,0
1129,2024,9,Canadian Grand Prix,817,Daniel,Ricciardo,215,RB F1 Team,5.0,5.0,5.0,14.0,0.0,24.0,6.0,0.0,0
1129,2024,9,Canadian Grand Prix,842,Pierre,Gasly,214,Alpine F1 Team,15.0,15.0,1.0,18.0,0.0,2.0,9.0,0.0,0
1129,2024,9,Canadian Grand Prix,839,Esteban,Ocon,214,Alpine F1 Team,18.0,18.0,1.0,16.0,0.0,2.0,9.0,0.0,0
1129,2024,9,Canadian Grand Prix,807,Nico,Hülkenberg,210,Haas F1 Team,17.0,19.0,6.0,13.0,0.0,7.0,7.0,0.0,0
1129,2024,9,Canadian Grand Prix,825,Kevin,Magnussen,210,Haas F1 Team,14.0,14.0,1.0,17.0,0.0,7.0,7.0,0.0,0
1129,2024,9,Canadian Grand Prix,822,Valtteri,Bottas,15,Sauber,0.0,17.0,0.0,20.0,0.0,0.0,10.0,0.0,0
1129,2024,9,Canadian Grand Prix,852,Yuki,Tsunoda,215,RB F1 Team,8.0,8.0,19.0,10.0,0.0,24.0,6.0,0.0,0
1129,2024,9,Canadian Grand Prix,855,Guanyu,Zhou,15,Sauber,0.0,20.0,0.0,19.0,0.0,0.0,10.0,0.0,0
1129,2024,9,Canadian Grand Prix,832,Carlos,Sainz,6,Ferrari,12.0,12.0,108.0,4.0,1.0,252.0,2.0,2.0,0
1129,2024,9,Canadian Grand Prix,848,Alexander,Albon,3,Williams,10.0,10.0,2.0,15.0,0.0,2.0,8.0,0.0,0
1129,2024,9,Canadian Grand Prix,815,Sergio,Pérez,9,Red Bull,16.0,16.0,107.0,5.0,0.0,276.0,1.0,5.0,0
1129,2024,9,Canadian Grand Prix,844,Charles,Leclerc,6,Ferrari,11.0,11.0,138.0,2.0,1.0,252.0,2.0,2.0,0
1129,2024,9,Canadian Grand Prix,858,Logan,Sargeant,3,Williams,13.0,13.0,0.0,21.0,0.0,2.0,8.0,0.0,0
1130,2024,10,Spanish Grand Prix,830,Max,Verstappen,9,Red Bull,2.0,2.0,194.0,1.0,6.0,301.0,1.0,6.0,1
1130,2024,10,Spanish Grand Prix,846,Lando,Norris,1,McLaren,1.0,1.0,131.0,3.0,1.0,212.0,3.0,1.0,1
1130,2024,10,Spanish Grand Prix,1,Lewis,Hamilton,131,Mercedes,3.0,3.0,55.0,8.0,0.0,124.0,4.0,0.0,1
1130,2024,10,Spanish Grand Prix,847,George,Russell,131,Mercedes,4.0,4.0,69.0,7.0,0.0,124.0,4.0,0.0,0
1130,2024,10,Spanish Grand Prix,844,Charles,Leclerc,6,Ferrari,5.0,5.0,138.0,2.0,1.0,252.0,2.0,2.0,0
1130,2024,10,Spanish Grand Prix,832,Carlos,Sainz,6,Ferrari,6.0,6.0,108.0,4.0,1.0,252.0,2.0,2.0,0
1130,2024,10,Spanish Grand Prix,857,Oscar,Piastri,1,McLaren,9.0,10.0,81.0,6.0,0.0,212.0,3.0,1.0,0
1130,2024,10,Spanish Grand Prix,815,Sergio,Pérez,9,Red Bull,11.0,8.0,107.0,5.0,0.0,301.0,1.0,6.0,0
1130,2024,10,Spanish Grand Prix,842,Pierre,Gasly,214,Alpine F1 Team,7.0,7.0,3.0,15.0,0.0,5.0,8.0,0.0,0
1130,2024,10,Spanish Grand Prix,839,Esteban,Ocon,214,Alpine F1 Team,8.0,9.0,2.0,17.0,0.0,5.0,8.0,0.0,0
1130,2024,10,Spanish Grand Prix,807,Nico,Hülkenberg,210,Haas F1 Team,13.0,13.0,6.0,14.0,0.0,7.0,7.0,0.0,0
1130,2024,10,Spanish Grand Prix,4,Fernando,Alonso,117,Aston Martin,10.0,11.0,41.0,9.0,0.0,58.0,5.0,0.0,0
1130,2024,10,Spanish Grand Prix,855,Guanyu,Zhou,15,Sauber,15.0,15.0,0.0,19.0,0.0,0.0,10.0,0.0,0
1130,2024,10,Spanish Grand Prix,840,Lance,Stroll,117,Aston Martin,14.0,14.0,17.0,11.0,0.0,58.0,5.0,0.0,0
1130,2024,10,Spanish Grand Prix,817,Daniel,Ricciardo,215,RB F1 Team,18.0,18.0,9.0,12.0,0.0,28.0,6.0,0.0,0
1130,2024,10,Spanish Grand Prix,822,Valtteri,Bottas,15,Sauber,12.0,12.0,0.0,20.0,0.0,0.0,10.0,0.0,0
1130,2024,10,Spanish Grand Prix,825,Kevin,Magnussen,210,Haas F1 Team,16.0,16.0,1.0,18.0,0.0,7.0,7.0,0.0,0
1130,2024,10,Spanish Grand Prix,848,Alexander,Albon,3,Williams,0.0,19.0,2.0,16.0,0.0,2.0,9.0,0.0,0
1130,2024,10,Spanish Grand Prix,852,Yuki,Tsunoda,215,RB F1 Team,17.0,17.0,19.0,10.0,0.0,28.0,6.0,0.0,0
1130,2024,10,Spanish Grand Prix,858,Logan,Sargeant,3,Williams,19.0,20.0,0.0,21.0,0.0,2.0,9.0,0.0,0
1131,2024,11,Austrian Grand Prix,847,George,Russell,131,Mercedes,3.0,3.0,81.0,7.0,0.0,151.0,4.0,0.0,1
1131,2024,11,Austrian Grand Prix,857,Oscar,Piastri,1,McLaren,7.0,7.0,87.0,6.0,0.0,237.0,3.0,1.0,1
1131,2024,11,Austrian Grand Prix,832,Carlos,Sainz,6,Ferrari,4.0,4.0,116.0,4.0,1.0,270.0,2.0,2.0,1
1131,2024,11,Austrian Grand Prix,1,Lewis,Hamilton,131,Mercedes,5.0,5.0,70.0,8.0,0.0,151.0,4.0,0.0,0
1131,2024,11,Austrian Grand Prix,830,Max,Verstappen,9,Red Bull,1.0,1.0,219.0,1.0,7.0,330.0,1.0,7.0,0
1131,2024,11,Austrian Grand Prix,807,Nico,Hülkenberg,210,Haas F1 Team,9.0,9.0,6.0,14.0,0.0,7.0,8.0,0.0,0
1131,2024,11,Austrian Grand Prix,815,Sergio,Pérez,9,Red Bull,8.0,8.0,111.0,5.0,0.0,330.0,1.0,7.0,0
1131,2024,11,Austrian Grand Prix,825,Kevin,Magnussen,210,Haas F1 Team,12.0,12.0,1.0,18.0,0.0,7.0,8.0,0.0,0
1131,2024,11,Austrian Grand Prix,817,Daniel,Ricciardo,215,RB F1 Team,11.0,11.0,9.0,12.0,0.0,28.0,6.0,0.0,0
1131,2024,11,Austrian Grand Prix,842,Pierre,Gasly,214,Alpine F1 Team,13.0,13.0,5.0,15.0,0.0,8.0,7.0,0.0,0
1131,2024,11,Austrian Grand Prix,844,Charles,Leclerc,6,Ferrari,6.0,6.0,148.0,3.0,1.0,270.0,2.0,2.0,0
1131,2024,11,Austrian Grand Prix,839,Esteban,Ocon,214,Alpine F1 Team,10.0,10.0,3.0,16.0,0.0,8.0,7.0,0.0,0
1131,2024,11,Austrian Grand Prix,840,Lance,Stroll,117,Aston Martin,17.0,17.0,17.0,11.0,0.0,58.0,5.0,0.0,0
1131,2024,11,Austrian Grand Prix,852,Yuki,Tsunoda,215,RB F1 Team,14.0,14.0,19.0,10.0,0.0,28.0,6.0,0.0,0
1131,2024,11,Austrian Grand Prix,848,Alexander,Albon,3,Williams,16.0,16.0,2.0,17.0,0.0,2.0,9.0,0.0,0
1131,2024,11,Austrian Grand Prix,822,Valtteri,Bottas,15,Sauber,18.0,18.0,0.0,20.0,0.0,0.0,10.0,0.0,0
1131,2024,11,Austrian Grand Prix,855,Guanyu,Zhou,15,Sauber,20.0,20.0,0.0,19.0,0.0,0.0,10.0,0.0,0
1131,2024,11,Austrian Grand Prix,4,Fernando,Alonso,117,Aston Martin,15.0,15.0,41.0,9.0,0.0,58.0,5.0,0.0,0
1131,2024,11,Austrian Grand Prix,858,Logan,Sargeant,3,Williams,19.0,19.0,0.0,21.0,0.0,2.0,9.0,0.0,0
1131,2024,11,Austrian Grand Prix,846,Lando,Norris,1,McLaren,2.0,2.0,150.0,2.0,1.0,237.0,3.0,1.0,0
1132,2024,12,British Grand Prix,1,Lewis,Hamilton,131,Mercedes,2.0,2.0,85.0,8.0,0.0,196.0,4.0,1.0,1
1132,2024,12,British Grand Prix,830,Max,Verstappen,9,Red Bull,4.0,4.0,237.0,1.0,7.0,355.0,1.0,7.0,1
1132,2024,12,British Grand Prix,846,Lando,Norris,1,McLaren,3.0,3.0,156.0,2.0,1.0,268.0,3.0,1.0,1
1132,2024,12,British Grand Prix,857,Oscar,Piastri,1,McLaren,5.0,5.0,112.0,6.0,0.0,268.0,3.0,1.0,0
1132,2024,12,British Grand Prix,832,Carlos,Sainz,6,Ferrari,7.0,7.0,135.0,4.0,1.0,291.0,2.0,2.0,0
1132,2024,12,British Grand Prix,807,Nico,Hülkenberg,210,Haas F1 Team,6.0,6.0,14.0,12.0,0.0,19.0,7.0,0.0,0
1132,2024,12,British Grand Prix,840,Lance,Stroll,117,Aston Martin,8.0,8.0,17.0,11.0,0.0,58.0,5.0,0.0,0
1132,2024,12,British Grand Prix,4,Fernando,Alonso,117,Aston Martin,10.0,10.0,41.0,9.0,0.0,58.0,5.0,0.0,0
1132,2024,12,British Grand Prix,848,Alexander,Albon,3,Williams,9.0,9.0,2.0,18.0,0.0,2.0,9.0,0.0,0
1132,2024,12,British Grand Prix,852,Yuki,Tsunoda,215,RB F1 Team,13.0,13.0,19.0,10.0,0.0,30.0,6.0,0.0,0
1132,2024,12,British Grand Prix,858,Logan,Sargeant,3,Williams,12.0,12.0,0.0,21.0,0.0,2.0,9.0,0.0,0
1132,2024,12,British Grand Prix,825,Kevin,Magnussen,210,Haas F1 Team,17.0,17.0,5.0,16.0,0.0,19.0,7.0,0.0,0
1132,2024,12,British Grand Prix,817,Daniel,Ricciardo,215,RB F1 Team,15.0,15.0,11.0,13.0,0.0,30.0,6.0,0.0,0
1132,2024,12,British Grand Prix,844,Charles,Leclerc,6,Ferrari,11.0,11.0,150.0,3.0,1.0,291.0,2.0,2.0,0
1132,2024,12,British Grand Prix,822,Valtteri,Bottas,15,Sauber,16.0,16.0,0.0,20.0,0.0,0.0,10.0,0.0,0
1132,2024,12,British Grand Prix,839,Esteban,Ocon,214,Alpine F1 Team,18.0,18.0,3.0,17.0,0.0,9.0,8.0,0.0,0
1132,2024,12,British Grand Prix,815,Sergio,Pérez,9,Red Bull,0.0,19.0,118.0,5.0,0.0,355.0,1.0,7.0,0
1132,2024,12,British Grand Prix,855,Guanyu,Zhou,15,Sauber,14.0,14.0,0.0,19.0,0.0,0.0,10.0,0.0,0
1132,2024,12,British Grand Prix,847,George,Russell,131,Mercedes,1.0,1.0,111.0,7.0,1.0,196.0,4.0,1.0,0
1132,2024,12,British Grand Prix,842,Pierre,Gasly,214,Alpine F1 Team,19.0,20.0,6.0,15.0,0.0,9.0,8.0,0.0,0
1133,2024,13,Hungarian Grand Prix,857,Oscar,Piastri,1,McLaren,2.0,2.0,124.0,5.0,0.0,295.0,3.0,1.0,1
1133,2024,13,Hungarian Grand Prix,846,Lando,Norris,1,McLaren,1.0,1.0,171.0,2.0,1.0,295.0,3.0,1.0,1
1133,2024,13,Hungarian Grand Prix,1,Lewis,Hamilton,131,Mercedes,5.0,5.0,110.0,8.0,1.0,221.0,4.0,2.0,1
1133,2024,13,Hungarian Grand Prix,844,Charles,Leclerc,6,Ferrari,6.0,6.0,150.0,3.0,1.0,302.0,2.0,2.0,0
1133,2024,13,Hungarian Grand Prix,830,Max,Verstappen,9,Red Bull,3.0,3.0,255.0,1.0,7.0,373.0,1.0,7.0,0
1133,2024,13,Hungarian Grand Prix,832,Carlos,Sainz,6,Ferrari,4.0,4.0,146.0,4.0,1.0,302.0,2.0,2.0,0
1133,2024,13,Hungarian Grand Prix,815,Sergio,Pérez,9,Red Bull,16.0,16.0,118.0,6.0,0.0,373.0,1.0,7.0,0
1133,2024,13,Hungarian Grand Prix,847,George,Russell,131,Mercedes,17.0,17.0,111.0,7.0,1.0,221.0,4.0,2.0,0
1133,2024,13,Hungarian Grand Prix,852,Yuki,Tsunoda,215,RB F1 Team,10.0,10.0,20.0,12.0,0.0,31.0,6.0,0.0,0
1133,2024,13,Hungarian Grand Prix,840,Lance,Stroll,117,Aston Martin,8.0,8.0,23.0,10.0,0.0,68.0,5.0,0.0,0
1133,2024,13,Hungarian Grand Prix,4,Fernando,Alonso,117,Aston Martin,7.0,7.0,45.0,9.0,0.0,68.0,5.0,0.0,0
1133,2024,13,Hungarian Grand Prix,817,Daniel,Ricciardo,215,RB F1 Team,9.0,9.0,11.0,13.0,0.0,31.0,6.0,0.0,0
1133,2024,13,Hungarian Grand Prix,807,Nico,Hülkenberg,210,Haas F1 Team,11.0,11.0,22.0,11.0,0.0,27.0,7.0,0.0,0
1133,2024,13,Hungarian Grand Prix,848,Alexander,Albon,3,Williams,13.0,13.0,4.0,17.0,0.0,4.0,9.0,0.0,0
1133,2024,13,Hungarian Grand Prix,825,Kevin,Magnussen,210,Haas F1 Team,15.0,15.0,5.0,16.0,0.0,27.0,7.0,0.0,0
1133,2024,13,Hungarian Grand Prix,822,Valtteri,Bottas,15,Sauber,12.0,12.0,0.0,21.0,0.0,0.0,10.0,0.0,0
1133,2024,13,Hungarian Grand Prix,858,Logan,Sargeant,3,Williams,14.0,14.0,0.0,20.0,0.0,4.0,9.0,0.0,0
1133,2024,13,Hungarian Grand Prix,839,Esteban,Ocon,214,Alpine F1 Team,19.0,19.0,3.0,18.0,0.0,9.0,8.0,0.0,0
1133,2024,13,Hungarian Grand Prix,855,Guanyu,Zhou,15,Sauber,18.0,18.0,0.0,19.0,0.0,0.0,10.0,0.0,0
1133,2024,13,Hungarian Grand Prix,842,Pierre,Gasly,214,Alpine F1 Team,0.0,20.0,6.0,15.0,0.0,9.0,8.0,0.0,0
1134,2024,14,Belgian Grand Prix,1,Lewis,Hamilton,131,Mercedes,3.0,4.0,125.0,6.0,1.0,241.0,4.0,2.0,1
1134,2024,14,Belgian Grand Prix,857,Oscar,Piastri,1,McLaren,5.0,6.0,149.0,5.0,1.0,338.0,2.0,2.0,1
1134,2024,14,Belgian Grand Prix,844,Charles,Leclerc,6,Ferrari,1.0,2.0,162.0,3.0,1.0,322.0,3.0,2.0,1
1134,2024,14,Belgian Grand Prix,830,Max,Verstappen,9,Red Bull,11.0,1.0,265.0,1.0,7.0,389.0,1.0,7.0,0
1134,2024,14,Belgian Grand Prix,846,Lando,Norris,1,McLaren,4.0,5.0,189.0,2.0,1.0,338.0,2.0,2.0,0
1134,2024,14,Belgian Grand Prix,832,Carlos,Sainz,6,Ferrari,7.0,8.0,154.0,4.0,1.0,322.0,3.0,2.0,0
1134,2024,14,Belgian Grand Prix,815,Sergio,Pérez,9,Red Bull,2.0,3.0,124.0,7.0,0.0,389.0,1.0,7.0,0
1134,2024,14,Belgian Grand Prix,4,Fernando,Alonso,117,Aston Martin,8.0,9.0,45.0,9.0,0.0,69.0,5.0,0.0,0
1134,2024,14,Belgian Grand Prix,839,Esteban,Ocon,214,Alpine F1 Team,9.0,10.0,3.0,18.0,0.0,9.0,8.0,0.0,0
1134,2024,14,Belgian Grand Prix,817,Daniel,Ricciardo,215,RB F1 Team,13.0,13.0,11.0,13.0,0.0,33.0,6.0,0.0,0
1134,2024,14,Belgian Grand Prix,840,Lance,Stroll,117,Aston Martin,15.0,15.0,24.0,10.0,0.0,69.0,5.0,0.0,0
1134,2024,14,Belgian Grand Prix,848,Alexander,Albon,3,Williams,10.0,11.0,4.0,17.0,0.0,4.0,9.0,0.0,0
1134,2024,14,Belgian Grand Prix,842,Pierre,Gasly,214,Alpine F1 Team,12.0,12.0,6.0,15.0,0.0,9.0,8.0,0.0,0
1134,2024,14,Belgian Grand Prix,825,Kevin,Magnussen,210,Haas F1 Team,17.0,17.0,5.0,16.0,0.0,27.0,7.0,0.0,0
1134,2024,14,Belgian Grand Prix,822,Valtteri,Bottas,15,Sauber,14.0,14.0,0.0,21.0,0.0,0.0,10.0,0.0,0
1134,2024,14,Belgian Grand Prix,852,Yuki,Tsunoda,215,RB F1 Team,20.0,18.0,22.0,12.0,0.0,33.0,6.0,0.0,0
1134,2024,14,Belgian Grand Prix,858,Logan,Sargeant,3,Williams,18.0,19.0,0.0,20.0,0.0,4.0,9.0,0.0,0
1134,2024,14,Belgian Grand Prix,807,Nico,Hülkenberg,210,Haas F1 Team,16.0,16.0,22.0,11.0,0.0,27.0,7.0,0.0,0
1134,2024,14,Belgian Grand Prix,855,Guanyu,Zhou,15,Sauber,19.0,20.0,0.0,19.0,0.0,0.0,10.0,0.0,0
1134,2024,14,Belgian Grand Prix,847,George,Russell,131,Mercedes,6.0,7.0,116.0,8.0,1.0,241.0,4.0,2.0,0
1135,2024,15,Dutch Grand Prix,846,Lando,Norris,1,McLaren,1.0,1.0,199.0,2.0,1.0,366.0,2.0,2.0,1
1135,2024,15,Dutch Grand Prix,830,Max,Verstappen,9,Red Bull,2.0,2.0,277.0,1.0,7.0,408.0,1.0,7.0,1
1135,2024,15,Dutch Grand Prix,844,Charles,Leclerc,6,Ferrari,6.0,6.0,177.0,3.0,1.0,345.0,3.0,2.0,1
1135,2024,15,Dutch Grand Prix,857,Oscar,Piastri,1,McLaren,3.0,3.0,167.0,4.0,1.0,366.0,2.0,2.0,0
1135,2024,15,Dutch Grand Prix,832,Carlos,Sainz,6,Ferrari,10.0,10.0,162.0,5.0,1.0,345.0,3.0,2.0,0
1135,2024,15,Dutch Grand Prix,815,Sergio,Pérez,9,Red Bull,5.0,5.0,131.0,7.0,0.0,408.0,1.0,7.0,0
1135,2024,15,Dutch Grand Prix,847,George,Russell,131,Mercedes,4.0,4.0,116.0,8.0,1.0,266.0,4.0,3.0,0
1135,2024,15,Dutch Grand Prix,1,Lewis,Hamilton,131,Mercedes,14.0,11.0,150.0,6.0,2.0,266.0,4.0,3.0,0
1135,2024,15,Dutch Grand Prix,842,Pierre,Gasly,214,Alpine F1 Team,9.0,9.0,6.0,15.0,0.0,11.0,8.0,0.0,0
1135,2024,15,Dutch Grand Prix,4,Fernando,Alonso,117,Aston Martin,7.0,7.0,49.0,9.0,0.0,73.0,5.0,0.0,0
1135,2024,15,Dutch Grand Prix,807,Nico,Hülkenberg,210,Haas F1 Team,12.0,13.0,22.0,11.0,0.0,27.0,7.0,0.0,0
1135,2024,15,Dutch Grand Prix,817,Daniel,Ricciardo,215,RB F1 Team,13.0,15.0,12.0,13.0,0.0,34.0,6.0,0.0,0
1135,2024,15,Dutch Grand Prix,840,Lance,Stroll,117,Aston Martin,8.0,8.0,24.0,10.0,0.0,73.0,5.0,0.0,0
1135,2024,15,Dutch Grand Prix,848,Alexander,Albon,3,Williams,19.0,19.0,4.0,18.0,0.0,4.0,9.0,0.0,0
1135,2024,15,Dutch Grand Prix,839,Esteban,Ocon,214,Alpine F1 Team,15.0,16.0,5.0,17.0,0.0,11.0,8.0,0.0,0
1135,2024,15,Dutch Grand Prix,858,Logan,Sargeant,3,Williams,18.0,20.0,0.0,20.0,0.0,4.0,9.0,0.0,0
1135,2024,15,Dutch Grand Prix,852,Yuki,Tsunoda,215,RB F1 Team,11.0,12.0,22.0,12.0,0.0,34.0,6.0,0.0,0
1135,2024,15,Dutch Grand Prix,825,Kevin,Magnussen,210,Haas F1 Team,0.0,14.0,5.0,16.0,0.0,27.0,7.0,0.0,0
1135,2024,15,Dutch Grand Prix,822,Valtteri,Bottas,15,Sauber,16.0,17.0,0.0,21.0,0.0,0.0,10.0,0.0,0
1135,2024,15,Dutch Grand Prix,855,Guanyu,Zhou,15,Sauber,17.0,18.0,0.0,19.0,0.0,0.0,10.0,0.0,0
1136,2024,16,Italian Grand Prix,844,Charles,Leclerc,6,Ferrari,4.0,4.0,192.0,3.0,1.0,370.0,3.0,2.0,1
1136,2024,16,Italian Grand Prix,857,Oscar,Piastri,1,McLaren,2.0,2.0,179.0,4.0,1.0,404.0,2.0,3.0,1
1136,2024,16,Italian Grand Prix,846,Lando,Norris,1,McLaren,1.0,1.0,225.0,2.0,2.0,404.0,2.0,3.0,1
1136,2024,16,Italian Grand Prix,832,Carlos,Sainz,6,Ferrari,5.0,5.0,172.0,5.0,1.0,370.0,3.0,2.0,0
1136,2024,16,Italian Grand Prix,1,Lewis,Hamilton,131,Mercedes,6.0,6.0,154.0,6.0,2.0,276.0,4.0,3.0,0
1136,2024,16,Italian Grand Prix,830,Max,Verstappen,9,Red Bull,7.0,7.0,295.0,1.0,7.0,434.0,1.0,7.0,0
1136,2024,16,Italian Grand Prix,847,George,Russell,131,Mercedes,3.0,3.0,122.0,8.0,1.0,276.0,4.0,3.0,0
1136,2024,16,Italian Grand Prix,815,Sergio,Pérez,9,Red Bull,8.0,8.0,139.0,7.0,0.0,434.0,1.0,7.0,0
1136,2024,16,Italian Grand Prix,848,Alexander,Albon,3,Williams,9.0,9.0,4.0,18.0,0.0,4.0,9.0,0.0,0
1136,2024,16,Italian Grand Prix,825,Kevin,Magnussen,210,Haas F1 Team,13.0,13.0,5.0,16.0,0.0,27.0,7.0,0.0,0
1136,2024,16,Italian Grand Prix,4,Fernando,Alonso,117,Aston Martin,11.0,11.0,50.0,9.0,0.0,74.0,5.0,0.0,0
1136,2024,16,Italian Grand Prix,861,Franco,Colapinto,3,Williams,18.0,18.0,0.0,28.0,0.0,4.0,9.0,0.0,0
1136,2024,16,Italian Grand Prix,817,Daniel,Ricciardo,215,RB F1 Team,12.0,12.0,12.0,13.0,0.0,34.0,6.0,0.0,0
1136,2024,16,Italian Grand Prix,839,Esteban,Ocon,214,Alpine F1 Team,15.0,15.0,5.0,17.0,0.0,13.0,8.0,0.0,0
1136,2024,16,Italian Grand Prix,842,Pierre,Gasly,214,Alpine F1 Team,14.0,14.0,8.0,14.0,0.0,13.0,8.0,0.0,0
1136,2024,16,Italian Grand Prix,822,Valtteri,Bottas,15,Sauber,19.0,19.0,0.0,21.0,0.0,0.0,10.0,0.0,0
1136,2024,16,Italian Grand Prix,807,Nico,Hülkenberg,210,Haas F1 Team,10.0,10.0,22.0,11.0,0.0,27.0,7.0,0.0,0
1136,2024,16,Italian Grand Prix,855,Guanyu,Zhou,15,Sauber,20.0,20.0,0.0,19.0,0.0,0.0,10.0,0.0,0
1136,2024,16,Italian Grand Prix,840,Lance,Stroll,117,Aston Martin,17.0,17.0,24.0,10.0,0.0,74.0,5.0,0.0,0
1136,2024,16,Italian Grand Prix,852,Yuki,Tsunoda,215,RB F1 Team,16.0,16.0,22.0,12.0,0.0,34.0,6.0,0.0,0
1137,2024,17,Azerbaijan Grand Prix,857,Oscar,Piastri,1,McLaren,2.0,2.0,197.0,4.0,1.0,438.0,2.0,3.0,1
1137,2024,17,Azerbaijan Grand Prix,844,Charles,Leclerc,6,Ferrari,1.0,1.0,217.0,3.0,2.0,407.0,3.0,3.0,1
1137,2024,17,Azerbaijan Grand Prix,847,George,Russell,131,Mercedes,5.0,5.0,128.0,8.0,1.0,292.0,4.0,3.0,1
1137,2024,17,Azerbaijan Grand Prix,846,Lando,Norris,1,McLaren,15.0,16.0,241.0,2.0,2.0,438.0,2.0,3.0,0
1137,2024,17,Azerbaijan Grand Prix,830,Max,Verstappen,9,Red Bull,6.0,6.0,303.0,1.0,7.0,446.0,1.0,7.0,0
1137,2024,17,Azerbaijan Grand Prix,4,Fernando,Alonso,117,Aston Martin,7.0,8.0,50.0,9.0,0.0,74.0,5.0,0.0,0
1137,2024,17,Azerbaijan Grand Prix,848,Alexander,Albon,3,Williams,9.0,10.0,6.0,17.0,0.0,6.0,9.0,0.0,0
1137,2024,17,Azerbaijan Grand Prix,861,Franco,Colapinto,3,Williams,8.0,9.0,0.0,21.0,0.0,6.0,9.0,0.0,0
1137,2024,17,Azerbaijan Grand Prix,1,Lewis,Hamilton,131,Mercedes,0.0,7.0,164.0,6.0,2.0,292.0,4.0,3.0,0
1137,2024,17,Azerbaijan Grand Prix,860,Oliver,Bearman,210,Haas F1 Team,10.0,11.0,6.0,15.0,0.0,28.0,7.0,0.0,0
1137,2024,17,Azerbaijan Grand Prix,807,Nico,Hülkenberg,210,Haas F1 Team,12.0,13.0,22.0,11.0,0.0,28.0,7.0,0.0,0
1137,2024,17,Azerbaijan Grand Prix,842,Pierre,Gasly,214,Alpine F1 Team,18.0,20.0,8.0,14.0,0.0,13.0,8.0,0.0,0
1137,2024,17,Azerbaijan Grand Prix,817,Daniel,Ricciardo,215,RB F1 Team,14.0,15.0,12.0,13.0,0.0,34.0,6.0,0.0,0
1137,2024,17,Azerbaijan Grand Prix,855,Guanyu,Zhou,15,Sauber,17.0,18.0,0.0,19.0,0.0,0.0,10.0,0.0,0
1137,2024,17,Azerbaijan Grand Prix,839,Esteban,Ocon,214,Alpine F1 Team,0.0,19.0,5.0,18.0,0.0,13.0,8.0,0.0,0
1137,2024,17,Azerbaijan Grand Prix,822,Valtteri,Bottas,15,Sauber,16.0,17.0,0.0,22.0,0.0,0.0,10.0,0.0,0
1137,2024,17,Azerbaijan Grand Prix,815,Sergio,Pérez,9,Red Bull,4.0,4.0,143.0,7.0,0.0,446.0,1.0,7.0,0
1137,2024,17,Azerbaijan Grand Prix,832,Carlos,Sainz,6,Ferrari,3.0,3.0,184.0,5.0,1.0,407.0,3.0,3.0,0
1137,2024,17,Azerbaijan Grand Prix,840,Lance,Stroll,117,Aston Martin,13.0,14.0,24.0,10.0,0.0,74.0,5.0,0.0,0
1137,2024,17,Azerbaijan Grand Prix,852,Yuki,Tsunoda,215,RB F1 Team,11.0,12.0,22.0,12.0,0.0,34.0,6.0,0.0,0
1138,2024,18,Singapore Grand Prix,846,Lando,Norris,1,McLaren,1.0,1.0,254.0,2.0,2.0,476.0,1.0,4.0,1
1138,2024,18,Singapore Grand Prix,830,Max,Verstappen,9,Red Bull,2.0,2.0,313.0,1.0,7.0,456.0,2.0,7.0,1
1138,2024,18,Singapore Grand Prix,857,Oscar,Piastri,1,McLaren,5.0,5.0,222.0,4.0,2.0,476.0,1.0,4.0,1
1138,2024,18,Singapore Grand Prix,847,George,Russell,131,Mercedes,4.0,4.0,143.0,7.0,1.0,309.0,4.0,3.0,0
1138,2024,18,Singapore Grand Prix,844,Charles,Leclerc,6,Ferrari,9.0,9.0,235.0,3.0,2.0,425.0,3.0,3.0,0
1138,2024,18,Singapore Grand Prix,1,Lewis,Hamilton,131,Mercedes,3.0,3.0,166.0,6.0,2.0,309.0,4.0,3.0,0
1138,2024,18,Singapore Grand Prix,832,Carlos,Sainz,6,Ferrari,10.0,10.0,184.0,5.0,1.0,425.0,3.0,3.0,0
1138,2024,18,Singapore Grand Prix,4,Fernando,Alonso,117,Aston Martin,7.0,7.0,58.0,9.0,0.0,82.0,5.0,0.0,0
1138,2024,18,Singapore Grand Prix,807,Nico,Hülkenberg,210,Haas F1 Team,6.0,6.0,22.0,11.0,0.0,29.0,7.0,0.0,0
1138,2024,18,Singapore Grand Prix,815,Sergio,Pérez,9,Red Bull,13.0,13.0,143.0,8.0,0.0,456.0,2.0,7.0,0
1138,2024,18,Singapore Grand Prix,861,Franco,Colapinto,3,Williams,12.0,12.0,4.0,19.0,0.0,16.0,8.0,0.0,0
1138,2024,18,Singapore Grand Prix,852,Yuki,Tsunoda,215,RB F1 Team,8.0,8.0,22.0,12.0,0.0,34.0,6.0,0.0,0
1138,2024,18,Singapore Grand Prix,839,Esteban,Ocon,214,Alpine F1 Team,15.0,15.0,5.0,18.0,0.0,13.0,9.0,0.0,0
1138,2024,18,Singapore Grand Prix,840,Lance,Stroll,117,Aston Martin,17.0,17.0,24.0,10.0,0.0,82.0,5.0,0.0,0
1138,2024,18,Singapore Grand Prix,855,Guanyu,Zhou,15,Sauber,20.0,20.0,0.0,20.0,0.0,0.0,10.0,0.0,0
1138,2024,18,Singapore Grand Prix,822,Valtteri,Bottas,15,Sauber,19.0,19.0,0.0,22.0,0.0,0.0,10.0,0.0,0
1138,2024,18,Singapore Grand Prix,842,Pierre,Gasly,214,Alpine F1 Team,18.0,18.0,8.0,15.0,0.0,13.0,9.0,0.0,0
1138,2024,18,Singapore Grand Prix,817,Daniel,Ricciardo,215,RB F1 Team,16.0,16.0,12.0,14.0,0.0,34.0,6.0,0.0,0
1138,2024,18,Singapore Grand Prix,825,Kevin,Magnussen,210,Haas F1 Team,14.0,14.0,6.0,17.0,0.0,29.0,7.0,0.0,0
1138,2024,18,Singapore Grand Prix,848,Alexander,Albon,3,Williams,11.0,11.0,12.0,13.0,0.0,16.0,8.0,0.0,0
1139,2024,19,United States Grand Prix,844,Charles,Leclerc,6,Ferrari,4.0,4.0,245.0,3.0,2.0,441.0,3.0,3.0,1
1139,2024,19,United States Grand Prix,832,Carlos,Sainz,6,Ferrari,3.0,3.0,190.0,5.0,1.0,441.0,3.0,3.0,1
1139,2024,19,United States Grand Prix,830,Max,Verstappen,9,Red Bull,2.0,2.0,331.0,1.0,7.0,475.0,2.0,7.0,1
1139,2024,19,United States Grand Prix,846,Lando,Norris,1,McLaren,1.0,1.0,279.0,2.0,3.0,516.0,1.0,5.0,0
1139,2024,19,United States Grand Prix,857,Oscar,Piastri,1,McLaren,5.0,5.0,237.0,4.0,2.0,516.0,1.0,5.0,0
1139,2024,19,United States Grand Prix,847,George,Russell,131,Mercedes,20.0,6.0,155.0,7.0,1.0,329.0,4.0,3.0,0
1139,2024,19,United States Grand Prix,815,Sergio,Pérez,9,Red Bull,9.0,10.0,144.0,8.0,0.0,475.0,2.0,7.0,0
1139,2024,19,United States Grand Prix,807,Nico,Hülkenberg,210,Haas F1 Team,11.0,12.0,24.0,10.0,0.0,31.0,7.0,0.0,0
1139,2024,19,United States Grand Prix,859,Liam,Lawson,215,RB F1 Team,19.0,15.0,2.0,20.0,0.0,34.0,6.0,0.0,0
1139,2024,19,United States Grand Prix,861,Franco,Colapinto,3,Williams,15.0,17.0,4.0,19.0,0.0,16.0,8.0,0.0,0
1139,2024,19,United States Grand Prix,825,Kevin,Magnussen,210,Haas F1 Team,8.0,9.0,6.0,17.0,0.0,31.0,7.0,0.0,0
1139,2024,19,United States Grand Prix,842,Pierre,Gasly,214,Alpine F1 Team,6.0,7.0,8.0,15.0,0.0,13.0,9.0,0.0,0
1139,2024,19,United States Grand Prix,4,Fernando,Alonso,117,Aston Martin,7.0,8.0,62.0,9.0,0.0,86.0,5.0,0.0,0
1139,2024,19,United States Grand Prix,852,Yuki,Tsunoda,215,RB F1 Team,10.0,11.0,22.0,12.0,0.0,34.0,6.0,0.0,0
1139,2024,19,United States Grand Prix,840,Lance,Stroll,117,Aston Martin,13.0,14.0,24.0,11.0,0.0,86.0,5.0,0.0,0
1139,2024,19,United States Grand Prix,848,Alexander,Albon,3,Williams,14.0,16.0,12.0,13.0,0.0,16.0,8.0,0.0,0
1139,2024,19,United States Grand Prix,822,Valtteri,Bottas,15,Sauber,16.0,18.0,0.0,22.0,0.0,0.0,10.0,0.0,0
1139,2024,19,United States Grand Prix,839,Esteban,Ocon,214,Alpine F1 Team,12.0,13.0,5.0,18.0,0.0,13.0,9.0,0.0,0
1139,2024,19,United States Grand Prix,855,Guanyu,Zhou,15,Sauber,18.0,20.0,0.0,20.0,0.0,0.0,10.0,0.0,0
1139,2024,19,United States Grand Prix,1,Lewis,Hamilton,131,Mercedes,17.0,19.0,174.0,6.0,2.0,329.0,4.0,3.0,0
1140,2024,20,Mexico City Grand Prix,832,Carlos,Sainz,6,Ferrari,1.0,1.0,215.0,5.0,1.0,496.0,3.0,4.0,1
1140,2024,20,Mexico City Grand Prix,846,Lando,Norris,1,McLaren,3.0,3.0,297.0,2.0,3.0,544.0,1.0,5.0,1
1140,2024,20,Mexico City Grand Prix,844,Charles,Leclerc,6,Ferrari,4.0,4.0,275.0,3.0,3.0,496.0,3.0,4.0,1
1140,2024,20,Mexico City Grand Prix,1,Lewis,Hamilton,131,Mercedes,6.0,6.0,177.0,6.0,2.0,344.0,4.0,3.0,0
1140,2024,20,Mexico City Grand Prix,847,George,Russell,131,Mercedes,5.0,5.0,167.0,7.0,1.0,344.0,4.0,3.0,0
1140,2024,20,Mexico City Grand Prix,830,Max,Verstappen,9,Red Bull,2.0,2.0,354.0,1.0,7.0,504.0,2.0,7.0,0
1140,2024,20,Mexico City Grand Prix,825,Kevin,Magnussen,210,Haas F1 Team,7.0,7.0,8.0,15.0,0.0,38.0,6.0,0.0,0
1140,2024,20,Mexico City Grand Prix,857,Oscar,Piastri,1,McLaren,17.0,17.0,247.0,4.0,2.0,544.0,1.0,5.0,0
1140,2024,20,Mexico City Grand Prix,807,Nico,Hülkenberg,210,Haas F1 Team,10.0,10.0,29.0,10.0,0.0,38.0,6.0,0.0,0
1140,2024,20,Mexico City Grand Prix,842,Pierre,Gasly,214,Alpine F1 Team,8.0,8.0,8.0,16.0,0.0,13.0,9.0,0.0,0
1140,2024,20,Mexico City Grand Prix,840,Lance,Stroll,117,Aston Martin,14.0,14.0,24.0,11.0,0.0,86.0,5.0,0.0,0
1140,2024,20,Mexico City Grand Prix,861,Franco,Colapinto,3,Williams,16.0,16.0,5.0,18.0,0.0,17.0,8.0,0.0,0
1140,2024,20,Mexico City Grand Prix,839,Esteban,Ocon,214,Alpine F1 Team,0.0,19.0,5.0,19.0,0.0,13.0,9.0,0.0,0
1140,2024,20,Mexico City Grand Prix,822,Valtteri,Bottas,15,Sauber,15.0,15.0,0.0,23.0,0.0,0.0,10.0,0.0,0
1140,2024,20,Mexico City Grand Prix,855,Guanyu,Zhou,15,Sauber,19.0,20.0,0.0,21.0,0.0,0.0,10.0,0.0,0
1140,2024,20,Mexico City Grand Prix,859,Liam,Lawson,215,RB F1 Team,12.0,12.0,2.0,20.0,0.0,36.0,7.0,0.0,0
1140,2024,20,Mexico City Grand Prix,815,Sergio,Pérez,9,Red Bull,18.0,18.0,150.0,8.0,0.0,504.0,2.0,7.0,0
1140,2024,20,Mexico City Grand Prix,4,Fernando,Alonso,117,Aston Martin,13.0,13.0,62.0,9.0,0.0,86.0,5.0,0.0,0
1140,2024,20,Mexico City Grand Prix,848,Alexander,Albon,3,Williams,9.0,9.0,12.0,13.0,0.0,17.0,8.0,0.0,0
1140,2024,20,Mexico City Grand Prix,852,Yuki,Tsunoda,215,RB F1 Team,11.0,11.0,22.0,12.0,0.0,36.0,7.0,0.0,0
1141,2024,21,São Paulo Grand Prix,830,Max,Verstappen,9,Red Bull,17.0,12.0,362.0,1.0,7.0,512.0,3.0,7.0,1
1141,2024,21,São Paulo Grand Prix,839,Esteban,Ocon,214,Alpine F1 Team,4.0,4.0,5.0,19.0,0.0,14.0,9.0,0.0,1
1141,2024,21,São Paulo Grand Prix,842,Pierre,Gasly,214,Alpine F1 Team,13.0,15.0,9.0,16.0,0.0,14.0,9.0,0.0,1
1141,2024,21,São Paulo Grand Prix,847,George,Russell,131,Mercedes,2.0,2.0,177.0,7.0,1.0,366.0,4.0,3.0,0
1141,2024,21,São Paulo Grand Prix,844,Charles,Leclerc,6,Ferrari,6.0,6.0,291.0,3.0,3.0,537.0,2.0,5.0,0
1141,2024,21,São Paulo Grand Prix,846,Lando,Norris,1,McLaren,1.0,1.0,315.0,2.0,3.0,566.0,1.0,5.0,0
1141,2024,21,São Paulo Grand Prix,852,Yuki,Tsunoda,215,RB F1 Team,3.0,3.0,22.0,12.0,0.0,36.0,7.0,0.0,0
1141,2024,21,São Paulo Grand Prix,857,Oscar,Piastri,1,McLaren,8.0,8.0,251.0,4.0,2.0,566.0,1.0,5.0,0
1141,2024,21,São Paulo Grand Prix,859,Liam,Lawson,215,RB F1 Team,5.0,5.0,2.0,20.0,0.0,36.0,7.0,0.0,0
1141,2024,21,São Paulo Grand Prix,1,Lewis,Hamilton,131,Mercedes,14.0,16.0,189.0,6.0,2.0,366.0,4.0,3.0,0
1141,2024,21,São Paulo Grand Prix,815,Sergio,Pérez,9,Red Bull,12.0,13.0,150.0,8.0,0.0,512.0,3.0,7.0,0
1141,2024,21,São Paulo Grand Prix,860,Oliver,Bearman,210,Haas F1 Team,15.0,17.0,7.0,17.0,0.0,46.0,6.0,0.0,0
1141,2024,21,São Paulo Grand Prix,822,Valtteri,Bottas,15,Sauber,11.0,11.0,0.0,23.0,0.0,0.0,10.0,0.0,0
1141,2024,21,São Paulo Grand Prix,4,Fernando,Alonso,117,Aston Martin,9.0,9.0,62.0,9.0,0.0,86.0,5.0,0.0,0
1141,2024,21,São Paulo Grand Prix,855,Guanyu,Zhou,15,Sauber,19.0,20.0,0.0,21.0,0.0,0.0,10.0,0.0,0
1141,2024,21,São Paulo Grand Prix,832,Carlos,Sainz,6,Ferrari,0.0,14.0,240.0,5.0,2.0,537.0,2.0,5.0,0
1141,2024,21,São Paulo Grand Prix,861,Franco,Colapinto,3,Williams,16.0,18.0,5.0,18.0,0.0,17.0,8.0,0.0,0
1141,2024,21,São Paulo Grand Prix,848,Alexander,Albon,3,Williams,7.0,7.0,12.0,14.0,0.0,17.0,8.0,0.0,0
1141,2024,21,São Paulo Grand Prix,840,Lance,Stroll,117,Aston Martin,10.0,10.0,24.0,11.0,0.0,86.0,5.0,0.0,0
1141,2024,21,São Paulo Grand Prix,807,Nico,Hülkenberg,210,Haas F1 Team,17.0,19.0,31.0,10.0,0.0,46.0,6.0,0.0,0
1142,2024,22,Las Vegas Grand Prix,847,George,Russell,131,Mercedes,1.0,1.0,192.0,6.0,1.0,382.0,4.0,3.0,1
1142,2024,22,Las Vegas Grand Prix,1,Lewis,Hamilton,131,Mercedes,10.0,10.0,190.0,7.0,2.0,382.0,4.0,3.0,1
1142,2024,22,Las Vegas Grand Prix,832,Carlos,Sainz,6,Ferrari,2.0,2.0,244.0,5.0,2.0,557.0,2.0,5.0,1
1142,2024,22,Las Vegas Grand Prix,844,Charles,Leclerc,6,Ferrari,4.0,4.0,307.0,3.0,3.0,557.0,2.0,5.0,0
1142,2024,22,Las Vegas Grand Prix,830,Max,Verstappen,9,Red Bull,5.0,5.0,393.0,1.0,8.0,544.0,3.0,8.0,0
1142,2024,22,Las Vegas Grand Prix,846,Lando,Norris,1,McLaren,6.0,6.0,331.0,2.0,3.0,593.0,1.0,5.0,0
1142,2024,22,Las Vegas Grand Prix,857,Oscar,Piastri,1,McLaren,8.0,8.0,262.0,4.0,2.0,593.0,1.0,5.0,0
1142,2024,22,Las Vegas Grand Prix,807,Nico,Hülkenberg,210,Haas F1 Team,9.0,9.0,31.0,10.0,0.0,46.0,7.0,0.0,0
1142,2024,22,Las Vegas Grand Prix,852,Yuki,Tsunoda,215,RB F1 Team,7.0,7.0,28.0,11.0,0.0,44.0,8.0,0.0,0
1142,2024,22,Las Vegas Grand Prix,815,Sergio,Pérez,9,Red Bull,15.0,16.0,151.0,8.0,0.0,544.0,3.0,8.0,0
1142,2024,22,Las Vegas Grand Prix,4,Fernando,Alonso,117,Aston Martin,16.0,17.0,62.0,9.0,0.0,86.0,5.0,0.0,0
1142,2024,22,Las Vegas Grand Prix,825,Kevin,Magnussen,210,Haas F1 Team,12.0,12.0,14.0,15.0,0.0,46.0,7.0,0.0,0
1142,2024,22,Las Vegas Grand Prix,855,Guanyu,Zhou,15,Sauber,13.0,13.0,0.0,21.0,0.0,0.0,10.0,0.0,0
1142,2024,22,Las Vegas Grand Prix,861,Franco,Colapinto,3,Williams,0.0,14.0,5.0,19.0,0.0,17.0,9.0,0.0,0
1142,2024,22,Las Vegas Grand Prix,840,Lance,Stroll,117,Aston Martin,18.0,20.0,24.0,13.0,0.0,86.0,5.0,0.0,0
1142,2024,22,Las Vegas Grand Prix,859,Liam,Lawson,215,RB F1 Team,14.0,15.0,4.0,20.0,0.0,44.0,8.0,0.0,0
1142,2024,22,Las Vegas Grand Prix,839,Esteban,Ocon,214,Alpine F1 Team,11.0,11.0,23.0,14.0,0.0,49.0,6.0,0.0,0
1142,2024,22,Las Vegas Grand Prix,822,Valtteri,Bottas,15,Sauber,19.0,19.0,0.0,23.0,0.0,0.0,10.0,0.0,0
1142,2024,22,Las Vegas Grand Prix,848,Alexander,Albon,3,Williams,17.0,18.0,12.0,16.0,0.0,17.0,9.0,0.0,0
1142,2024,22,Las Vegas Grand Prix,842,Pierre,Gasly,214,Alpine F1 Team,3.0,3.0,26.0,12.0,0.0,49.0,6.0,0.0,0
1143,2024,23,Qatar Grand Prix,830,Max,Verstappen,9,Red Bull,2.0,1.0,403.0,1.0,8.0,555.0,3.0,8.0,1
1143,2024,23,Qatar Grand Prix,844,Charles,Leclerc,6,Ferrari,5.0,5.0,319.0,3.0,3.0,584.0,2.0,5.0,1
1143,2024,23,Qatar Grand Prix,857,Oscar,Piastri,1,McLaren,4.0,4.0,268.0,4.0,2.0,608.0,1.0,5.0,1
1143,2024,23,Qatar Grand Prix,847,George,Russell,131,Mercedes,1.0,2.0,217.0,6.0,2.0,425.0,4.0,4.0,0
1143,2024,23,Qatar Grand Prix,842,Pierre,Gasly,214,Alpine F1 Team,11.0,11.0,26.0,12.0,0.0,49.0,7.0,0.0,0
1143,2024,23,Qatar Grand Prix,832,Carlos,Sainz,6,Ferrari,7.0,7.0,259.0,5.0,2.0,584.0,2.0,5.0,0
1143,2024,23,Qatar Grand Prix,4,Fernando,Alonso,117,Aston Martin,8.0,8.0,62.0,9.0,0.0,86.0,5.0,0.0,0
1143,2024,23,Qatar Grand Prix,855,Guanyu,Zhou,15,Sauber,12.0,12.0,0.0,21.0,0.0,0.0,10.0,0.0,0
1143,2024,23,Qatar Grand Prix,825,Kevin,Magnussen,210,Haas F1 Team,10.0,10.0,14.0,15.0,0.0,50.0,6.0,0.0,0
1143,2024,23,Qatar Grand Prix,846,Lando,Norris,1,McLaren,3.0,3.0,340.0,2.0,3.0,608.0,1.0,5.0,0
1143,2024,23,Qatar Grand Prix,822,Valtteri,Bottas,15,Sauber,13.0,13.0,0.0,23.0,0.0,0.0,10.0,0.0,0
1143,2024,23,Qatar Grand Prix,1,Lewis,Hamilton,131,Mercedes,6.0,6.0,208.0,7.0,2.0,425.0,4.0,4.0,0
1143,2024,23,Qatar Grand Prix,852,Yuki,Tsunoda,215,RB F1 Team,14.0,14.0,30.0,11.0,0.0,46.0,8.0,0.0,0
1143,2024,23,Qatar Grand Prix,859,Liam,Lawson,215,RB F1 Team,17.0,17.0,4.0,20.0,0.0,46.0,8.0,0.0,0
1143,2024,23,Qatar Grand Prix,848,Alexander,Albon,3,Williams,16.0,16.0,12.0,16.0,0.0,17.0,9.0,0.0,0
1143,2024,23,Qatar Grand Prix,807,Nico,Hülkenberg,210,Haas F1 Team,18.0,18.0,35.0,10.0,0.0,50.0,6.0,0.0,0
1143,2024,23,Qatar Grand Prix,815,Sergio,Pérez,9,Red Bull,9.0,9.0,152.0,8.0,0.0,555.0,3.0,8.0,0
1143,2024,23,Qatar Grand Prix,840,Lance,Stroll,117,Aston Martin,15.0,15.0,24.0,13.0,0.0,86.0,5.0,0.0,0
1143,2024,23,Qatar Grand Prix,861,Franco,Colapinto,3,Williams,19.0,19.0,5.0,19.0,0.0,17.0,9.0,0.0,0
1143,2024,23,Qatar Grand Prix,839,Esteban,Ocon,214,Alpine F1 Team,20.0,20.0,23.0,14.0,0.0,49.0,7.0,0.0,0
1144,2024,24,Abu Dhabi Grand Prix,846,Lando,Norris,1,McLaren,1.0,1.0,349.0,2.0,3.0,640.0,1.0,5.0,1
1144,2024,24,Abu Dhabi Grand Prix,832,Carlos,Sainz,6,Ferrari,3.0,3.0,272.0,5.0,2.0,619.0,2.0,5.0,1
1144,2024,24,Abu Dhabi Grand Prix,844,Charles,Leclerc,6,Ferrari,19.0,14.0,341.0,3.0,3.0,619.0,2.0,5.0,1
1144,2024,24,Abu Dhabi Grand Prix,1,Lewis,Hamilton,131,Mercedes,16.0,18.0,211.0,7.0,2.0,446.0,4.0,4.0,0
1144,2024,24,Abu Dhabi Grand Prix,847,George,Russell,131,Mercedes,6.0,7.0,235.0,6.0,2.0,446.0,4.0,4.0,0
1144,2024,24,Abu Dhabi Grand Prix,830,Max,Verstappen,9,Red Bull,4.0,5.0,429.0,1.0,9.0,581.0,3.0,9.0,0
1144,2024,24,Abu Dhabi Grand Prix,842,Pierre,Gasly,214,Alpine F1 Team,5.0,6.0,36.0,11.0,0.0,59.0,6.0,0.0,0
1144,2024,24,Abu Dhabi Grand Prix,807,Nico,Hülkenberg,210,Haas F1 Team,7.0,4.0,37.0,10.0,0.0,54.0,7.0,0.0,0
1144,2024,24,Abu Dhabi Grand Prix,4,Fernando,Alonso,117,Aston Martin,8.0,8.0,68.0,9.0,0.0,92.0,5.0,0.0,0
1144,2024,24,Abu Dhabi Grand Prix,857,Oscar,Piastri,1,McLaren,2.0,2.0,291.0,4.0,2.0,640.0,1.0,5.0,0
1144,2024,24,Abu Dhabi Grand Prix,848,Alexander,Albon,3,Williams,18.0,16.0,12.0,16.0,0.0,17.0,9.0,0.0,0
1144,2024,24,Abu Dhabi Grand Prix,852,Yuki,Tsunoda,215,RB F1 Team,11.0,11.0,30.0,12.0,0.0,46.0,8.0,0.0,0
1144,2024,24,Abu Dhabi Grand Prix,855,Guanyu,Zhou,15,Sauber,15.0,17.0,4.0,20.0,0.0,4.0,10.0,0.0,0
1144,2024,24,Abu Dhabi Grand Prix,840,Lance,Stroll,117,Aston Martin,13.0,13.0,24.0,13.0,0.0,92.0,5.0,0.0,0
1144,2024,24,Abu Dhabi Grand Prix,862,Jack,Doohan,214,Alpine F1 Team,17.0,20.0,0.0,28.0,0.0,59.0,6.0,0.0,0
1144,2024,24,Abu Dhabi Grand Prix,825,Kevin,Magnussen,210,Haas F1 Team,14.0,15.0,16.0,15.0,0.0,54.0,7.0,0.0,0
1144,2024,24,Abu Dhabi Grand Prix,859,Liam,Lawson,215,RB F1 Team,12.0,12.0,4.0,21.0,0.0,46.0,8.0,0.0,0
1144,2024,24,Abu Dhabi Grand Prix,822,Valtteri,Bottas,15,Sauber,9.0,9.0,0.0,22.0,0.0,4.0,10.0,0.0,0
1144,2024,24,Abu Dhabi Grand Prix,861,Franco,Colapinto,3,Williams,20.0,19.0,5.0,19.0,0.0,17.0,9.0,0.0,0
1144,2024,24,Abu Dhabi Grand Prix,815,Sergio,Pérez,9,Red Bull,10.0,10.0,152.0,8.0,0.0,581.0,3.0,9.0,0
1145,2025,1,Australian Grand Prix,846,Lando,Norris,1,McLaren,1.0,1.0,374.0,2.0,4.0,666.0,1.0,6.0,1
1145,2025,1,Australian Grand Prix,830,Max,Verstappen,9,Red Bull,3.0,3.0,437.0,1.0,9.0,589.0,3.0,9.0,1
1145,2025,1,Australian Grand Prix,847,George,Russell,131,Mercedes,4.0,4.0,245.0,6.0,2.0,468.0,4.0,4.0,1
1145,2025,1,Australian Grand Prix,863,Andrea Kimi,Antonelli,131,Mercedes,16.0,16.0,0.0,28.0,0.0,468.0,4.0,4.0,0
1145,2025,1,Australian Grand Prix,848,Alexander,Albon,3,Williams,6.0,6.0,12.0,16.0,0.0,17.0,9.0,0.0,0
1145,2025,1,Australian Grand Prix,840,Lance,Stroll,117,Aston Martin,13.0,13.0,24.0,13.0,0.0,94.0,5.0,0.0,0
1145,2025,1,Australian Grand Prix,807,Nico,Hülkenberg,15,Sauber,17.0,17.0,41.0,11.0,0.0,4.0,10.0,0.0,0
1145,2025,1,Australian Grand Prix,844,Charles,Leclerc,6,Ferrari,7.0,7.0,356.0,3.0,3.0,652.0,2.0,5.0,0
1145,2025,1,Australian Grand Prix,857,Oscar,Piastri,1,McLaren,2.0,2.0,292.0,4.0,2.0,666.0,1.0,6.0,0
1145,2025,1,Australian Grand Prix,1,Lewis,Hamilton,6,Ferrari,8.0,8.0,223.0,7.0,2.0,652.0,2.0,5.0,0
1145,2025,1,Australian Grand Prix,842,Pierre,Gasly,214,Alpine F1 Team,9.0,9.0,42.0,10.0,0.0,65.0,6.0,0.0,0
1145,2025,1,Australian Grand Prix,852,Yuki,Tsunoda,215,RB F1 Team,5.0,5.0,30.0,12.0,0.0,46.0,8.0,0.0,0
1145,2025,1,Australian Grand Prix,839,Esteban,Ocon,210,Haas F1 Team,19.0,19.0,23.0,14.0,0.0,58.0,7.0,0.0,0
1145,2025,1,Australian Grand Prix,860,Oliver,Bearman,210,Haas F1 Team,20.0,20.0,7.0,18.0,0.0,58.0,7.0,0.0,0
1145,2025,1,Australian Grand Prix,859,Liam,Lawson,9,Red Bull,18.0,18.0,4.0,21.0,0.0,589.0,3.0,9.0,0
1145,2025,1,Australian Grand Prix,864,Gabriel,Bortoleto,15,Sauber,15.0,15.0,0.0,28.0,0.0,4.0,10.0,0.0,0
1145,2025,1,Australian Grand Prix,4,Fernando,Alonso,117,Aston Martin,12.0,12.0,70.0,9.0,0.0,94.0,5.0,0.0,0
1145,2025,1,Australian Grand Prix,832,Carlos,Sainz,3,Williams,10.0,10.0,290.0,5.0,2.0,17.0,9.0,0.0,0
1145,2025,1,Australian Grand Prix,862,Jack,Doohan,214,Alpine F1 Team,14.0,14.0,0.0,24.0,0.0,65.0,6.0,0.0,0
1145,2025,1,Australian Grand Prix,865,Isack,Hadjar,215,RB F1 Team,11.0,11.0,0.0,28.0,0.0,46.0,8.0,0.0,0
1146,2025,2,Chinese Grand Prix,857,Oscar,Piastri,1,McLaren,1.0,1.0,2.0,9.0,0.0,27.0,1.0,1.0,1
1146,2025,2,Chinese Grand Prix,846,Lando,Norris,1,McLaren,3.0,3.0,25.0,1.0,1.0,27.0,1.0,1.0,1
1146,2025,2,Chinese Grand Prix,847,George,Russell,131,Mercedes,2.0,2.0,15.0,3.0,0.0,27.0,2.0,0.0,1
1146,2025,2,Chinese Grand Prix,830,Max,Verstappen,9,Red Bull,4.0,4.0,18.0,2.0,0.0,18.0,3.0,0.0,0
1146,2025,2,Chinese Grand Prix,839,Esteban,Ocon,210,Haas F1 Team,11.0,11.0,0.0,13.0,0.0,0.0,10.0,0.0,0
1146,2025,2,Chinese Grand Prix,863,Andrea Kimi,Antonelli,131,Mercedes,8.0,8.0,12.0,4.0,0.0,27.0,2.0,0.0,0
1146,2025,2,Chinese Grand Prix,848,Alexander,Albon,3,Williams,10.0,10.0,10.0,5.0,0.0,10.0,4.0,0.0,0
1146,2025,2,Chinese Grand Prix,860,Oliver,Bearman,210,Haas F1 Team,17.0,17.0,0.0,14.0,0.0,0.0,10.0,0.0,0
1146,2025,2,Chinese Grand Prix,840,Lance,Stroll,117,Aston Martin,14.0,14.0,8.0,6.0,0.0,8.0,5.0,0.0,0
1146,2025,2,Chinese Grand Prix,832,Carlos,Sainz,3,Williams,15.0,15.0,0.0,28.0,0.0,10.0,4.0,0.0,0
1146,2025,2,Chinese Grand Prix,865,Isack,Hadjar,215,RB F1 Team,7.0,7.0,0.0,28.0,0.0,0.0,9.0,0.0,0
1146,2025,2,Chinese Grand Prix,859,Liam,Lawson,9,Red Bull,20.0,20.0,0.0,28.0,0.0,18.0,3.0,0.0,0
1146,2025,2,Chinese Grand Prix,862,Jack,Doohan,214,Alpine F1 Team,18.0,18.0,0.0,28.0,0.0,0.0,8.0,0.0,0
1146,2025,2,Chinese Grand Prix,864,Gabriel,Bortoleto,15,Sauber,19.0,19.0,0.0,28.0,0.0,6.0,6.0,0.0,0
1146,2025,2,Chinese Grand Prix,807,Nico,Hülkenberg,15,Sauber,12.0,12.0,6.0,7.0,0.0,6.0,6.0,0.0,0
1146,2025,2,Chinese Grand Prix,852,Yuki,Tsunoda,215,RB F1 Team,9.0,9.0,0.0,12.0,0.0,0.0,9.0,0.0,0
1146,2025,2,Chinese Grand Prix,4,Fernando,Alonso,117,Aston Martin,13.0,13.0,0.0,28.0,0.0,8.0,5.0,0.0,0
1146,2025,2,Chinese Grand Prix,844,Charles,Leclerc,6,Ferrari,6.0,6.0,4.0,8.0,0.0,5.0,7.0,0.0,0
1146,2025,2,Chinese Grand Prix,1,Lewis,Hamilton,6,Ferrari,5.0,5.0,1.0,10.0,0.0,5.0,7.0,0.0,0
1146,2025,2,Chinese Grand Prix,842,Pierre,Gasly,214,Alpine F1 Team,16.0,16.0,0.0,11.0,0.0,0.0,8.0,0.0,0
1147,2025,3,Japanese Grand Prix,830,Max,Verstappen,9,Red Bull,1.0,1.0,36.0,2.0,0.0,36.0,3.0,0.0,1
1147,2025,3,Japanese Grand Prix,846,Lando,Norris,1,McLaren,2.0,2.0,44.0,1.0,1.0,78.0,1.0,2.0,1
1147,2025,3,Japanese Grand Prix,857,Oscar,Piastri,1,McLaren,3.0,3.0,34.0,4.0,1.0,78.0,1.0,2.0,1
1147,2025,3,Japanese Grand Prix,844,Charles,Leclerc,6,Ferrari,4.0,4.0,8.0,10.0,0.0,17.0,5.0,0.0,0
1147,2025,3,Japanese Grand Prix,847,George,Russell,131,Mercedes,5.0,5.0,35.0,3.0,0.0,57.0,2.0,0.0,0
1147,2025,3,Japanese Grand Prix,863,Andrea Kimi,Antonelli,131,Mercedes,6.0,6.0,22.0,5.0,0.0,57.0,2.0,0.0,0
1147,2025,3,Japanese Grand Prix,1,Lewis,Hamilton,6,Ferrari,8.0,8.0,9.0,9.0,0.0,17.0,5.0,0.0,0
1147,2025,3,Japanese Grand Prix,865,Isack,Hadjar,215,RB F1 Team,7.0,7.0,0.0,16.0,0.0,3.0,9.0,0.0,0
1147,2025,3,Japanese Grand Prix,848,Alexander,Albon,3,Williams,9.0,9.0,16.0,6.0,0.0,17.0,4.0,0.0,0
1147,2025,3,Japanese Grand Prix,860,Oliver,Bearman,210,Haas F1 Team,10.0,10.0,4.0,12.0,0.0,14.0,6.0,0.0,0
1147,2025,3,Japanese Grand Prix,4,Fernando,Alonso,117,Aston Martin,12.0,13.0,0.0,28.0,0.0,10.0,7.0,0.0,0
1147,2025,3,Japanese Grand Prix,852,Yuki,Tsunoda,9,Red Bull,14.0,15.0,3.0,13.0,0.0,36.0,3.0,0.0,0
1147,2025,3,Japanese Grand Prix,842,Pierre,Gasly,214,Alpine F1 Team,11.0,11.0,0.0,15.0,0.0,0.0,10.0,0.0,0
1147,2025,3,Japanese Grand Prix,832,Carlos,Sainz,3,Williams,15.0,12.0,1.0,14.0,0.0,17.0,4.0,0.0,0
1147,2025,3,Japanese Grand Prix,862,Jack,Doohan,214,Alpine F1 Team,19.0,19.0,0.0,18.0,0.0,0.0,10.0,0.0,0
1147,2025,3,Japanese Grand Prix,807,Nico,Hülkenberg,15,Sauber,16.0,16.0,6.0,11.0,0.0,6.0,8.0,0.0,0
1147,2025,3,Japanese Grand Prix,859,Liam,Lawson,215,RB F1 Team,13.0,14.0,0.0,17.0,0.0,3.0,9.0,0.0,0
1147,2025,3,Japanese Grand Prix,839,Esteban,Ocon,210,Haas F1 Team,18.0,18.0,10.0,7.0,0.0,14.0,6.0,0.0,0
1147,2025,3,Japanese Grand Prix,864,Gabriel,Bortoleto,15,Sauber,17.0,17.0,0.0,19.0,0.0,6.0,8.0,0.0,0
1147,2025,3,Japanese Grand Prix,840,Lance,Stroll,117,Aston Martin,20.0,20.0,10.0,8.0,0.0,10.0,7.0,0.0,0
1148,2025,4,Bahrain Grand Prix,857,Oscar,Piastri,1,McLaren,1.0,1.0,49.0,3.0,1.0,111.0,1.0,2.0,1
1148,2025,4,Bahrain Grand Prix,847,George,Russell,131,Mercedes,3.0,2.0,45.0,4.0,0.0,75.0,2.0,0.0,1
1148,2025,4,Bahrain Grand Prix,846,Lando,Norris,1,McLaren,6.0,6.0,62.0,1.0,1.0,111.0,1.0,2.0,1
1148,2025,4,Bahrain Grand Prix,844,Charles,Leclerc,6,Ferrari,2.0,3.0,20.0,6.0,0.0,35.0,4.0,0.0,0
1148,2025,4,Bahrain Grand Prix,1,Lewis,Hamilton,6,Ferrari,9.0,9.0,15.0,8.0,0.0,35.0,4.0,0.0,0
1148,2025,4,Bahrain Grand Prix,830,Max,Verstappen,9,Red Bull,7.0,7.0,61.0,2.0,1.0,61.0,3.0,1.0,0
1148,2025,4,Bahrain Grand Prix,842,Pierre,Gasly,214,Alpine F1 Team,4.0,5.0,0.0,16.0,0.0,0.0,10.0,0.0,0
1148,2025,4,Bahrain Grand Prix,839,Esteban,Ocon,210,Haas F1 Team,14.0,14.0,10.0,9.0,0.0,15.0,6.0,0.0,0
1148,2025,4,Bahrain Grand Prix,852,Yuki,Tsunoda,9,Red Bull,10.0,10.0,3.0,14.0,0.0,61.0,3.0,1.0,0
1148,2025,4,Bahrain Grand Prix,860,Oliver,Bearman,210,Haas F1 Team,20.0,20.0,5.0,12.0,0.0,15.0,6.0,0.0,0
1148,2025,4,Bahrain Grand Prix,863,Andrea Kimi,Antonelli,131,Mercedes,5.0,4.0,30.0,5.0,0.0,75.0,2.0,0.0,0
1148,2025,4,Bahrain Grand Prix,848,Alexander,Albon,3,Williams,15.0,15.0,18.0,7.0,0.0,19.0,5.0,0.0,0
1148,2025,4,Bahrain Grand Prix,865,Isack,Hadjar,215,RB F1 Team,12.0,12.0,4.0,13.0,0.0,7.0,8.0,0.0,0
1148,2025,4,Bahrain Grand Prix,862,Jack,Doohan,214,Alpine F1 Team,11.0,11.0,0.0,19.0,0.0,0.0,10.0,0.0,0
1148,2025,4,Bahrain Grand Prix,4,Fernando,Alonso,117,Aston Martin,13.0,13.0,0.0,17.0,0.0,10.0,7.0,0.0,0
1148,2025,4,Bahrain Grand Prix,859,Liam,Lawson,215,RB F1 Team,17.0,17.0,0.0,18.0,0.0,7.0,8.0,0.0,0
1148,2025,4,Bahrain Grand Prix,840,Lance,Stroll,117,Aston Martin,19.0,19.0,10.0,10.0,0.0,10.0,7.0,0.0,0
1148,2025,4,Bahrain Grand Prix,864,Gabriel,Bortoleto,15,Sauber,18.0,18.0,0.0,20.0,0.0,6.0,9.0,0.0,0
1148,2025,4,Bahrain Grand Prix,832,Carlos,Sainz,3,Williams,8.0,8.0,1.0,15.0,0.0,19.0,5.0,0.0,0
1148,2025,4,Bahrain Grand Prix,807,Nico,Hülkenberg,15,Sauber,16.0,16.0,6.0,11.0,0.0,6.0,9.0,0.0,0
1149,2025,5,Saudi Arabian Grand Prix,857,Oscar,Piastri,1,McLaren,2.0,2.0,74.0,2.0,2.0,151.0,1.0,3.0,1
1149,2025,5,Saudi Arabian Grand Prix,830,Max,Verstappen,9,Red Bull,1.0,1.0,69.0,3.0,1.0,71.0,3.0,1.0,1
1149,2025,5,Saudi Arabian Grand Prix,844,Charles,Leclerc,6,Ferrari,4.0,4.0,32.0,5.0,0.0,57.0,4.0,0.0,1
1149,2025,5,Saudi Arabian Grand Prix,846,Lando,Norris,1,McLaren,10.0,10.0,77.0,1.0,1.0,151.0,1.0,3.0,0
1149,2025,5,Saudi Arabian Grand Prix,847,George,Russell,131,Mercedes,3.0,3.0,63.0,4.0,0.0,93.0,2.0,0.0,0
1149,2025,5,Saudi Arabian Grand Prix,863,Andrea Kimi,Antonelli,131,Mercedes,5.0,5.0,30.0,6.0,0.0,93.0,2.0,0.0,0
1149,2025,5,Saudi Arabian Grand Prix,1,Lewis,Hamilton,6,Ferrari,7.0,7.0,25.0,7.0,0.0,57.0,4.0,0.0,0
1149,2025,5,Saudi Arabian Grand Prix,832,Carlos,Sainz,3,Williams,6.0,6.0,1.0,16.0,0.0,19.0,6.0,0.0,0
1149,2025,5,Saudi Arabian Grand Prix,848,Alexander,Albon,3,Williams,11.0,11.0,18.0,8.0,0.0,19.0,6.0,0.0,0
1149,2025,5,Saudi Arabian Grand Prix,865,Isack,Hadjar,215,RB F1 Team,14.0,14.0,4.0,15.0,0.0,7.0,8.0,0.0,0
1149,2025,5,Saudi Arabian Grand Prix,4,Fernando,Alonso,117,Aston Martin,13.0,13.0,0.0,17.0,0.0,10.0,7.0,0.0,0
1149,2025,5,Saudi Arabian Grand Prix,859,Liam,Lawson,215,RB F1 Team,12.0,12.0,0.0,18.0,0.0,7.0,8.0,0.0,0
1149,2025,5,Saudi Arabian Grand Prix,860,Oliver,Bearman,210,Haas F1 Team,15.0,15.0,6.0,13.0,0.0,20.0,5.0,0.0,0
1149,2025,5,Saudi Arabian Grand Prix,839,Esteban,Ocon,210,Haas F1 Team,19.0,19.0,14.0,9.0,0.0,20.0,5.0,0.0,0
1149,2025,5,Saudi Arabian Grand Prix,807,Nico,Hülkenberg,15,Sauber,18.0,18.0,6.0,12.0,0.0,6.0,10.0,0.0,0
1149,2025,5,Saudi Arabian Grand Prix,840,Lance,Stroll,117,Aston Martin,16.0,16.0,10.0,10.0,0.0,10.0,7.0,0.0,0
1149,2025,5,Saudi Arabian Grand Prix,862,Jack,Doohan,214,Alpine F1 Team,17.0,17.0,0.0,19.0,0.0,6.0,9.0,0.0,0
1149,2025,5,Saudi Arabian Grand Prix,864,Gabriel,Bortoleto,15,Sauber,20.0,20.0,0.0,20.0,0.0,6.0,10.0,0.0,0
1149,2025,5,Saudi Arabian Grand Prix,852,Yuki,Tsunoda,9,Red Bull,8.0,8.0,5.0,14.0,0.0,71.0,3.0,1.0,0
1149,2025,5,Saudi Arabian Grand Prix,842,Pierre,Gasly,214,Alpine F1 Team,9.0,9.0,6.0,11.0,0.0,6.0,9.0,0.0,0
1150,2025,6,Miami Grand Prix,857,Oscar,Piastri,1,McLaren,4.0,4.0,99.0,1.0,3.0,188.0,1.0,4.0,1
1150,2025,6,Miami Grand Prix,846,Lando,Norris,1,McLaren,2.0,2.0,89.0,2.0,1.0,188.0,1.0,4.0,1
1150,2025,6,Miami Grand Prix,847,George,Russell,131,Mercedes,5.0,5.0,73.0,4.0,0.0,111.0,2.0,0.0,1
1150,2025,6,Miami Grand Prix,830,Max,Verstappen,9,Red Bull,1.0,1.0,87.0,3.0,1.0,89.0,3.0,1.0,0
1150,2025,6,Miami Grand Prix,848,Alexander,Albon,3,Williams,7.0,7.0,20.0,8.0,0.0,25.0,5.0,0.0,0
1150,2025,6,Miami Grand Prix,863,Andrea Kimi,Antonelli,131,Mercedes,3.0,3.0,38.0,6.0,0.0,111.0,2.0,0.0,0
1150,2025,6,Miami Grand Prix,844,Charles,Leclerc,6,Ferrari,8.0,8.0,47.0,5.0,0.0,78.0,4.0,0.0,0
1150,2025,6,Miami Grand Prix,1,Lewis,Hamilton,6,Ferrari,12.0,12.0,31.0,7.0,0.0,78.0,4.0,0.0,0
1150,2025,6,Miami Grand Prix,832,Carlos,Sainz,3,Williams,6.0,6.0,5.0,15.0,0.0,25.0,5.0,0.0,0
1150,2025,6,Miami Grand Prix,852,Yuki,Tsunoda,9,Red Bull,10.0,10.0,5.0,16.0,0.0,89.0,3.0,1.0,0
1150,2025,6,Miami Grand Prix,865,Isack,Hadjar,215,RB F1 Team,11.0,11.0,5.0,14.0,0.0,8.0,8.0,0.0,0
1150,2025,6,Miami Grand Prix,839,Esteban,Ocon,210,Haas F1 Team,9.0,9.0,14.0,9.0,0.0,20.0,6.0,0.0,0
1150,2025,6,Miami Grand Prix,842,Pierre,Gasly,214,Alpine F1 Team,20.0,18.0,6.0,11.0,0.0,6.0,9.0,0.0,0
1150,2025,6,Miami Grand Prix,807,Nico,Hülkenberg,15,Sauber,16.0,16.0,6.0,12.0,0.0,6.0,10.0,0.0,0
1150,2025,6,Miami Grand Prix,4,Fernando,Alonso,117,Aston Martin,17.0,17.0,0.0,17.0,0.0,10.0,7.0,0.0,0
1150,2025,6,Miami Grand Prix,840,Lance,Stroll,117,Aston Martin,18.0,19.0,10.0,10.0,0.0,10.0,7.0,0.0,0
1150,2025,6,Miami Grand Prix,859,Liam,Lawson,215,RB F1 Team,15.0,15.0,0.0,18.0,0.0,8.0,8.0,0.0,0
1150,2025,6,Miami Grand Prix,864,Gabriel,Bortoleto,15,Sauber,13.0,13.0,0.0,20.0,0.0,6.0,10.0,0.0,0
1150,2025,6,Miami Grand Prix,860,Oliver,Bearman,210,Haas F1 Team,19.0,20.0,6.0,13.0,0.0,20.0,6.0,0.0,0
1150,2025,6,Miami Grand Prix,862,Jack,Doohan,214,Alpine F1 Team,14.0,14.0,0.0,19.0,0.0,6.0,9.0,0.0,0
1151,2025,7,Emilia Romagna Grand Prix,830,Max,Verstappen,9,Red Bull,2.0,2.0,99.0,3.0,1.0,105.0,3.0,1.0,1
1151,2025,7,Emilia Romagna Grand Prix,846,Lando,Norris,1,McLaren,4.0,4.0,115.0,2.0,1.0,246.0,1.0,5.0,1
1151,2025,7,Emilia Romagna Grand Prix,857,Oscar,Piastri,1,McLaren,1.0,1.0,131.0,1.0,4.0,246.0,1.0,5.0,1
1151,2025,7,Emilia Romagna Grand Prix,1,Lewis,Hamilton,6,Ferrari,12.0,12.0,41.0,7.0,0.0,94.0,4.0,0.0,0
1151,2025,7,Emilia Romagna Grand Prix,848,Alexander,Albon,3,Williams,7.0,7.0,30.0,8.0,0.0,37.0,5.0,0.0,0
1151,2025,7,Emilia Romagna Grand Prix,844,Charles,Leclerc,6,Ferrari,11.0,11.0,53.0,5.0,0.0,94.0,4.0,0.0,0
1151,2025,7,Emilia Romagna Grand Prix,847,George,Russell,131,Mercedes,3.0,3.0,93.0,4.0,0.0,141.0,2.0,0.0,0
1151,2025,7,Emilia Romagna Grand Prix,832,Carlos,Sainz,3,Williams,6.0,6.0,7.0,13.0,0.0,37.0,5.0,0.0,0
1151,2025,7,Emilia Romagna Grand Prix,865,Isack,Hadjar,215,RB F1 Team,9.0,9.0,5.0,16.0,0.0,8.0,8.0,0.0,0
1151,2025,7,Emilia Romagna Grand Prix,852,Yuki,Tsunoda,9,Red Bull,20.0,20.0,9.0,11.0,0.0,105.0,3.0,1.0,0
1151,2025,7,Emilia Romagna Grand Prix,4,Fernando,Alonso,117,Aston Martin,5.0,5.0,0.0,17.0,0.0,14.0,7.0,0.0,0
1151,2025,7,Emilia Romagna Grand Prix,807,Nico,Hülkenberg,15,Sauber,17.0,17.0,6.0,14.0,0.0,6.0,10.0,0.0,0
1151,2025,7,Emilia Romagna Grand Prix,842,Pierre,Gasly,214,Alpine F1 Team,10.0,10.0,7.0,12.0,0.0,7.0,9.0,0.0,0
1151,2025,7,Emilia Romagna Grand Prix,859,Liam,Lawson,215,RB F1 Team,15.0,16.0,0.0,18.0,0.0,8.0,8.0,0.0,0
1151,2025,7,Emilia Romagna Grand Prix,840,Lance,Stroll,117,Aston Martin,8.0,8.0,14.0,10.0,0.0,14.0,7.0,0.0,0
1151,2025,7,Emilia Romagna Grand Prix,861,Franco,Colapinto,214,Alpine F1 Team,16.0,15.0,5.0,19.0,0.0,7.0,9.0,0.0,0
1151,2025,7,Emilia Romagna Grand Prix,860,Oliver,Bearman,210,Haas F1 Team,19.0,19.0,6.0,15.0,0.0,20.0,6.0,0.0,0
1151,2025,7,Emilia Romagna Grand Prix,864,Gabriel,Bortoleto,15,Sauber,14.0,14.0,0.0,20.0,0.0,6.0,10.0,0.0,0
1151,2025,7,Emilia Romagna Grand Prix,863,Andrea Kimi,Antonelli,131,Mercedes,13.0,13.0,48.0,6.0,0.0,141.0,2.0,0.0,0
1151,2025,7,Emilia Romagna Grand Prix,839,Esteban,Ocon,210,Haas F1 Team,18.0,18.0,14.0,9.0,0.0,20.0,6.0,0.0,0
1152,2025,8,Monaco Grand Prix,846,Lando,Norris,1,McLaren,1.0,1.0,133.0,2.0,1.0,279.0,1.0,5.0,1
1152,2025,8,Monaco Grand Prix,844,Charles,Leclerc,6,Ferrari,2.0,2.0,61.0,5.0,0.0,114.0,4.0,0.0,1
1152,2025,8,Monaco Grand Prix,857,Oscar,Piastri,1,McLaren,3.0,3.0,146.0,1.0,4.0,279.0,1.0,5.0,1
1152,2025,8,Monaco Grand Prix,830,Max,Verstappen,9,Red Bull,4.0,5.0,124.0,3.0,2.0,131.0,3.0,2.0,0
1152,2025,8,Monaco Grand Prix,1,Lewis,Hamilton,6,Ferrari,7.0,4.0,53.0,6.0,0.0,114.0,4.0,0.0,0
1152,2025,8,Monaco Grand Prix,865,Isack,Hadjar,215,RB F1 Team,5.0,6.0,7.0,14.0,0.0,10.0,8.0,0.0,0
1152,2025,8,Monaco Grand Prix,839,Esteban,Ocon,210,Haas F1 Team,8.0,8.0,14.0,9.0,0.0,20.0,6.0,0.0,0
1152,2025,8,Monaco Grand Prix,859,Liam,Lawson,215,RB F1 Team,9.0,9.0,0.0,18.0,0.0,10.0,8.0,0.0,0
1152,2025,8,Monaco Grand Prix,848,Alexander,Albon,3,Williams,10.0,10.0,40.0,8.0,0.0,51.0,5.0,0.0,0
1152,2025,8,Monaco Grand Prix,832,Carlos,Sainz,3,Williams,11.0,11.0,11.0,11.0,0.0,51.0,5.0,0.0,0
1152,2025,8,Monaco Grand Prix,847,George,Russell,131,Mercedes,14.0,14.0,99.0,4.0,0.0,147.0,2.0,0.0,0
1152,2025,8,Monaco Grand Prix,860,Oliver,Bearman,210,Haas F1 Team,20.0,17.0,6.0,16.0,0.0,20.0,6.0,0.0,0
1152,2025,8,Monaco Grand Prix,861,Franco,Colapinto,214,Alpine F1 Team,18.0,20.0,0.0,21.0,0.0,7.0,9.0,0.0,0
1152,2025,8,Monaco Grand Prix,864,Gabriel,Bortoleto,15,Sauber,16.0,16.0,0.0,20.0,0.0,6.0,10.0,0.0,0
1152,2025,8,Monaco Grand Prix,840,Lance,Stroll,117,Aston Martin,19.0,19.0,14.0,10.0,0.0,14.0,7.0,0.0,0
1152,2025,8,Monaco Grand Prix,807,Nico,Hülkenberg,15,Sauber,13.0,13.0,6.0,15.0,0.0,6.0,10.0,0.0,0
1152,2025,8,Monaco Grand Prix,852,Yuki,Tsunoda,9,Red Bull,12.0,12.0,10.0,12.0,0.0,131.0,3.0,2.0,0
1152,2025,8,Monaco Grand Prix,863,Andrea Kimi,Antonelli,131,Mercedes,15.0,15.0,48.0,7.0,0.0,147.0,2.0,0.0,0
1152,2025,8,Monaco Grand Prix,4,Fernando,Alonso,117,Aston Martin,6.0,7.0,0.0,17.0,0.0,14.0,7.0,0.0,0
1152,2025,8,Monaco Grand Prix,842,Pierre,Gasly,214,Alpine F1 Team,17.0,18.0,7.0,13.0,0.0,7.0,9.0,0.0,0
1153,2025,9,Spanish Grand Prix,857,Oscar,Piastri,1,McLaren,1.0,1.0,161.0,1.0,4.0,319.0,1.0,6.0,1
1153,2025,9,Spanish Grand Prix,846,Lando,Norris,1,McLaren,2.0,2.0,158.0,2.0,2.0,319.0,1.0,6.0,1
1153,2025,9,Spanish Grand Prix,844,Charles,Leclerc,6,Ferrari,7.0,7.0,79.0,5.0,0.0,142.0,4.0,0.0,1
1153,2025,9,Spanish Grand Prix,847,George,Russell,131,Mercedes,4.0,4.0,99.0,4.0,0.0,147.0,2.0,0.0,0
1153,2025,9,Spanish Grand Prix,807,Nico,Hülkenberg,15,Sauber,15.0,16.0,6.0,15.0,0.0,6.0,10.0,0.0,0
1153,2025,9,Spanish Grand Prix,1,Lewis,Hamilton,6,Ferrari,5.0,5.0,63.0,6.0,0.0,142.0,4.0,0.0,0
1153,2025,9,Spanish Grand Prix,865,Isack,Hadjar,215,RB F1 Team,9.0,9.0,15.0,10.0,0.0,22.0,7.0,0.0,0
1153,2025,9,Spanish Grand Prix,842,Pierre,Gasly,214,Alpine F1 Team,8.0,8.0,7.0,14.0,0.0,7.0,9.0,0.0,0
1153,2025,9,Spanish Grand Prix,4,Fernando,Alonso,117,Aston Martin,10.0,10.0,0.0,18.0,0.0,14.0,8.0,0.0,0
1153,2025,9,Spanish Grand Prix,830,Max,Verstappen,9,Red Bull,3.0,3.0,136.0,3.0,2.0,143.0,3.0,2.0,0
1153,2025,9,Spanish Grand Prix,859,Liam,Lawson,215,RB F1 Team,13.0,13.0,4.0,17.0,0.0,22.0,7.0,0.0,0
1153,2025,9,Spanish Grand Prix,864,Gabriel,Bortoleto,15,Sauber,12.0,12.0,0.0,21.0,0.0,6.0,10.0,0.0,0
1153,2025,9,Spanish Grand Prix,852,Yuki,Tsunoda,9,Red Bull,19.0,20.0,10.0,13.0,0.0,143.0,3.0,2.0,0
1153,2025,9,Spanish Grand Prix,832,Carlos,Sainz,3,Williams,17.0,18.0,12.0,12.0,0.0,54.0,5.0,0.0,0
1153,2025,9,Spanish Grand Prix,861,Franco,Colapinto,214,Alpine F1 Team,18.0,19.0,0.0,20.0,0.0,7.0,9.0,0.0,0
1153,2025,9,Spanish Grand Prix,839,Esteban,Ocon,210,Haas F1 Team,16.0,17.0,20.0,9.0,0.0,26.0,6.0,0.0,0
1153,2025,9,Spanish Grand Prix,860,Oliver,Bearman,210,Haas F1 Team,14.0,15.0,6.0,16.0,0.0,26.0,6.0,0.0,0
1153,2025,9,Spanish Grand Prix,863,Andrea Kimi,Antonelli,131,Mercedes,6.0,6.0,48.0,7.0,0.0,147.0,2.0,0.0,0
1153,2025,9,Spanish Grand Prix,848,Alexander,Albon,3,Williams,11.0,11.0,42.0,8.0,0.0,54.0,5.0,0.0,0
1154,2025,10,Canadian Grand Prix,847,George,Russell,131,Mercedes,1.0,1.0,111.0,4.0,0.0,159.0,3.0,0.0,1
1154,2025,10,Canadian Grand Prix,830,Max,Verstappen,9,Red Bull,2.0,2.0,137.0,3.0,2.0,144.0,4.0,2.0,1
1154,2025,10,Canadian Grand Prix,863,Andrea Kimi,Antonelli,131,Mercedes,4.0,4.0,48.0,7.0,0.0,159.0,3.0,0.0,1
1154,2025,10,Canadian Grand Prix,857,Oscar,Piastri,1,McLaren,3.0,3.0,186.0,1.0,5.0,362.0,1.0,7.0,0
1154,2025,10,Canadian Grand Prix,844,Charles,Leclerc,6,Ferrari,8.0,8.0,94.0,5.0,0.0,165.0,2.0,0.0,0
1154,2025,10,Canadian Grand Prix,1,Lewis,Hamilton,6,Ferrari,5.0,5.0,71.0,6.0,0.0,165.0,2.0,0.0,0
1154,2025,10,Canadian Grand Prix,4,Fernando,Alonso,117,Aston Martin,6.0,6.0,2.0,18.0,0.0,16.0,9.0,0.0,0
1154,2025,10,Canadian Grand Prix,807,Nico,Hülkenberg,15,Sauber,11.0,13.0,16.0,11.0,0.0,16.0,8.0,0.0,0
1154,2025,10,Canadian Grand Prix,839,Esteban,Ocon,210,Haas F1 Team,14.0,15.0,20.0,10.0,0.0,26.0,7.0,0.0,0
1154,2025,10,Canadian Grand Prix,832,Carlos,Sainz,3,Williams,16.0,17.0,12.0,13.0,0.0,54.0,5.0,0.0,0
1154,2025,10,Canadian Grand Prix,860,Oliver,Bearman,210,Haas F1 Team,13.0,14.0,6.0,16.0,0.0,26.0,7.0,0.0,0
1154,2025,10,Canadian Grand Prix,852,Yuki,Tsunoda,9,Red Bull,18.0,11.0,10.0,15.0,0.0,144.0,4.0,2.0,0
1154,2025,10,Canadian Grand Prix,861,Franco,Colapinto,214,Alpine F1 Team,10.0,12.0,0.0,21.0,0.0,11.0,10.0,0.0,0
1154,2025,10,Canadian Grand Prix,864,Gabriel,Bortoleto,15,Sauber,15.0,16.0,0.0,19.0,0.0,16.0,8.0,0.0,0
1154,2025,10,Canadian Grand Prix,842,Pierre,Gasly,214,Alpine F1 Team,20.0,20.0,11.0,14.0,0.0,11.0,10.0,0.0,0
1154,2025,10,Canadian Grand Prix,865,Isack,Hadjar,215,RB F1 Team,12.0,9.0,21.0,9.0,0.0,28.0,6.0,0.0,0
1154,2025,10,Canadian Grand Prix,840,Lance,Stroll,117,Aston Martin,17.0,18.0,14.0,12.0,0.0,16.0,9.0,0.0,0
1154,2025,10,Canadian Grand Prix,846,Lando,Norris,1,McLaren,7.0,7.0,176.0,2.0,2.0,362.0,1.0,7.0,0
1154,2025,10,Canadian Grand Prix,859,Liam,Lawson,215,RB F1 Team,19.0,19.0,4.0,17.0,0.0,28.0,6.0,0.0,0
1154,2025,10,Canadian Grand Prix,848,Alexander,Albon,3,Williams,9.0,10.0,42.0,8.0,0.0,54.0,5.0,0.0,0
1155,2025,11,Austrian Grand Prix,846,Lando,Norris,1,McLaren,1.0,1.0,176.0,2.0,2.0,374.0,1.0,7.0,1
1155,2025,11,Austrian Grand Prix,857,Oscar,Piastri,1,McLaren,3.0,3.0,198.0,1.0,5.0,374.0,1.0,7.0,1
1155,2025,11,Austrian Grand Prix,844,Charles,Leclerc,6,Ferrari,2.0,2.0,104.0,5.0,0.0,183.0,3.0,0.0,1
1155,2025,11,Austrian Grand Prix,1,Lewis,Hamilton,6,Ferrari,4.0,4.0,79.0,6.0,0.0,183.0,3.0,0.0,0
1155,2025,11,Austrian Grand Prix,847,George,Russell,131,Mercedes,5.0,5.0,136.0,4.0,1.0,199.0,2.0,1.0,0
1155,2025,11,Austrian Grand Prix,859,Liam,Lawson,215,RB F1 Team,6.0,6.0,4.0,18.0,0.0,28.0,7.0,0.0,0
1155,2025,11,Austrian Grand Prix,4,Fernando,Alonso,117,Aston Martin,11.0,11.0,8.0,16.0,0.0,22.0,8.0,0.0,0
1155,2025,11,Austrian Grand Prix,864,Gabriel,Bortoleto,15,Sauber,8.0,8.0,0.0,19.0,0.0,20.0,9.0,0.0,0
1155,2025,11,Austrian Grand Prix,807,Nico,Hülkenberg,15,Sauber,20.0,20.0,20.0,11.0,0.0,20.0,9.0,0.0,0
1155,2025,11,Austrian Grand Prix,839,Esteban,Ocon,210,Haas F1 Team,17.0,17.0,22.0,9.0,0.0,28.0,6.0,0.0,0
1155,2025,11,Austrian Grand Prix,860,Oliver,Bearman,210,Haas F1 Team,15.0,15.0,6.0,17.0,0.0,28.0,6.0,0.0,0
1155,2025,11,Austrian Grand Prix,865,Isack,Hadjar,215,RB F1 Team,13.0,13.0,21.0,10.0,0.0,28.0,7.0,0.0,0
1155,2025,11,Austrian Grand Prix,842,Pierre,Gasly,214,Alpine F1 Team,10.0,10.0,11.0,14.0,0.0,11.0,10.0,0.0,0
1155,2025,11,Austrian Grand Prix,840,Lance,Stroll,117,Aston Martin,16.0,16.0,14.0,12.0,0.0,22.0,8.0,0.0,0
1155,2025,11,Austrian Grand Prix,861,Franco,Colapinto,214,Alpine F1 Team,14.0,14.0,0.0,20.0,0.0,11.0,10.0,0.0,0
1155,2025,11,Austrian Grand Prix,852,Yuki,Tsunoda,9,Red Bull,18.0,18.0,10.0,15.0,0.0,162.0,4.0,2.0,0
1155,2025,11,Austrian Grand Prix,848,Alexander,Albon,3,Williams,12.0,12.0,42.0,8.0,0.0,55.0,5.0,0.0,0
1155,2025,11,Austrian Grand Prix,830,Max,Verstappen,9,Red Bull,7.0,7.0,155.0,3.0,2.0,162.0,4.0,2.0,0
1155,2025,11,Austrian Grand Prix,863,Andrea Kimi,Antonelli,131,Mercedes,9.0,9.0,63.0,7.0,0.0,199.0,2.0,1.0,0
1155,2025,11,Austrian Grand Prix,832,Carlos,Sainz,3,Williams,19.0,19.0,13.0,13.0,0.0,55.0,5.0,0.0,0
1156,2025,12,British Grand Prix,846,Lando,Norris,1,McLaren,3.0,3.0,201.0,2.0,3.0,417.0,1.0,8.0,1
1156,2025,12,British Grand Prix,857,Oscar,Piastri,1,McLaren,2.0,2.0,216.0,1.0,5.0,417.0,1.0,8.0,1
1156,2025,12,British Grand Prix,807,Nico,Hülkenberg,15,Sauber,19.0,19.0,22.0,10.0,0.0,26.0,9.0,0.0,1
1156,2025,12,British Grand Prix,1,Lewis,Hamilton,6,Ferrari,5.0,5.0,91.0,6.0,0.0,210.0,2.0,0.0,0
1156,2025,12,British Grand Prix,830,Max,Verstappen,9,Red Bull,1.0,1.0,155.0,3.0,2.0,162.0,4.0,2.0,0
1156,2025,12,British Grand Prix,842,Pierre,Gasly,214,Alpine F1 Team,8.0,10.0,11.0,16.0,0.0,11.0,10.0,0.0,0
1156,2025,12,British Grand Prix,840,Lance,Stroll,117,Aston Martin,17.0,18.0,14.0,12.0,0.0,28.0,8.0,0.0,0
1156,2025,12,British Grand Prix,848,Alexander,Albon,3,Williams,13.0,14.0,42.0,8.0,0.0,55.0,5.0,0.0,0
1156,2025,12,British Grand Prix,4,Fernando,Alonso,117,Aston Martin,7.0,9.0,14.0,13.0,0.0,28.0,8.0,0.0,0
1156,2025,12,British Grand Prix,847,George,Russell,131,Mercedes,4.0,4.0,146.0,4.0,1.0,209.0,3.0,1.0,0
1156,2025,12,British Grand Prix,860,Oliver,Bearman,210,Haas F1 Team,18.0,8.0,6.0,18.0,0.0,29.0,7.0,0.0,0
1156,2025,12,British Grand Prix,832,Carlos,Sainz,3,Williams,9.0,11.0,13.0,14.0,0.0,55.0,5.0,0.0,0
1156,2025,12,British Grand Prix,839,Esteban,Ocon,210,Haas F1 Team,14.0,15.0,23.0,9.0,0.0,29.0,7.0,0.0,0
1156,2025,12,British Grand Prix,844,Charles,Leclerc,6,Ferrari,6.0,6.0,119.0,5.0,0.0,210.0,2.0,0.0,0
1156,2025,12,British Grand Prix,852,Yuki,Tsunoda,9,Red Bull,11.0,12.0,10.0,17.0,0.0,162.0,4.0,2.0,0
1156,2025,12,British Grand Prix,863,Andrea Kimi,Antonelli,131,Mercedes,10.0,7.0,63.0,7.0,0.0,209.0,3.0,1.0,0
1156,2025,12,British Grand Prix,865,Isack,Hadjar,215,RB F1 Team,12.0,13.0,21.0,11.0,0.0,36.0,6.0,0.0,0
1156,2025,12,British Grand Prix,864,Gabriel,Bortoleto,15,Sauber,16.0,17.0,4.0,19.0,0.0,26.0,9.0,0.0,0
1156,2025,12,British Grand Prix,859,Liam,Lawson,215,RB F1 Team,15.0,16.0,12.0,15.0,0.0,36.0,6.0,0.0,0
1156,2025,12,British Grand Prix,861,Franco,Colapinto,214,Alpine F1 Team,20.0,20.0,0.0,20.0,0.0,11.0,10.0,0.0,0
1157,2025,13,Belgian Grand Prix,857,Oscar,Piastri,1,McLaren,2.0,2.0,234.0,1.0,5.0,460.0,1.0,9.0,1
1157,2025,13,Belgian Grand Prix,846,Lando,Norris,1,McLaren,1.0,1.0,226.0,2.0,4.0,460.0,1.0,9.0,1
1157,2025,13,Belgian Grand Prix,844,Charles,Leclerc,6,Ferrari,3.0,3.0,119.0,5.0,0.0,222.0,2.0,0.0,1
1157,2025,13,Belgian Grand Prix,830,Max,Verstappen,9,Red Bull,4.0,4.0,165.0,3.0,2.0,172.0,4.0,2.0,0
1157,2025,13,Belgian Grand Prix,847,George,Russell,131,Mercedes,6.0,6.0,147.0,4.0,1.0,210.0,3.0,1.0,0
1157,2025,13,Belgian Grand Prix,848,Alexander,Albon,3,Williams,5.0,5.0,46.0,8.0,0.0,59.0,5.0,0.0,0
1157,2025,13,Belgian Grand Prix,1,Lewis,Hamilton,6,Ferrari,18.0,16.0,103.0,6.0,0.0,222.0,2.0,0.0,0
1157,2025,13,Belgian Grand Prix,859,Liam,Lawson,215,RB F1 Team,9.0,9.0,12.0,16.0,0.0,36.0,7.0,0.0,0
1157,2025,13,Belgian Grand Prix,864,Gabriel,Bortoleto,15,Sauber,10.0,10.0,4.0,19.0,0.0,41.0,6.0,0.0,0
1157,2025,13,Belgian Grand Prix,842,Pierre,Gasly,214,Alpine F1 Team,13.0,13.0,19.0,13.0,0.0,19.0,10.0,0.0,0
1157,2025,13,Belgian Grand Prix,860,Oliver,Bearman,210,Haas F1 Team,12.0,12.0,6.0,18.0,0.0,29.0,9.0,0.0,0
1157,2025,13,Belgian Grand Prix,807,Nico,Hülkenberg,15,Sauber,14.0,14.0,37.0,9.0,0.0,41.0,6.0,0.0,0
1157,2025,13,Belgian Grand Prix,852,Yuki,Tsunoda,9,Red Bull,7.0,7.0,10.0,17.0,0.0,172.0,4.0,2.0,0
1157,2025,13,Belgian Grand Prix,840,Lance,Stroll,117,Aston Martin,16.0,20.0,20.0,12.0,0.0,36.0,8.0,0.0,0
1157,2025,13,Belgian Grand Prix,839,Esteban,Ocon,210,Haas F1 Team,11.0,11.0,23.0,10.0,0.0,29.0,9.0,0.0,0
1157,2025,13,Belgian Grand Prix,863,Andrea Kimi,Antonelli,131,Mercedes,19.0,18.0,63.0,7.0,0.0,210.0,3.0,1.0,0
1157,2025,13,Belgian Grand Prix,4,Fernando,Alonso,117,Aston Martin,20.0,19.0,16.0,14.0,0.0,36.0,8.0,0.0,0
1157,2025,13,Belgian Grand Prix,832,Carlos,Sainz,3,Williams,17.0,15.0,13.0,15.0,0.0,59.0,5.0,0.0,0
1157,2025,13,Belgian Grand Prix,861,Franco,Colapinto,214,Alpine F1 Team,15.0,17.0,0.0,20.0,0.0,19.0,10.0,0.0,0
1157,2025,13,Belgian Grand Prix,865,Isack,Hadjar,215,RB F1 Team,8.0,8.0,21.0,11.0,0.0,36.0,7.0,0.0,0
1158,2025,14,Hungarian Grand Prix,846,Lando,Norris,1,McLaren,3.0,3.0,250.0,2.0,4.0,516.0,1.0,10.0,1
1158,2025,14,Hungarian Grand Prix,857,Oscar,Piastri,1,McLaren,2.0,2.0,266.0,1.0,6.0,516.0,1.0,10.0,1
1158,2025,14,Hungarian Grand Prix,847,George,Russell,131,Mercedes,4.0,4.0,157.0,4.0,1.0,220.0,3.0,1.0,1
1158,2025,14,Hungarian Grand Prix,844,Charles,Leclerc,6,Ferrari,1.0,1.0,139.0,5.0,0.0,248.0,2.0,0.0,0
1158,2025,14,Hungarian Grand Prix,4,Fernando,Alonso,117,Aston Martin,5.0,5.0,16.0,15.0,0.0,36.0,8.0,0.0,0
1158,2025,14,Hungarian Grand Prix,864,Gabriel,Bortoleto,15,Sauber,7.0,7.0,6.0,19.0,0.0,43.0,6.0,0.0,0
1158,2025,14,Hungarian Grand Prix,840,Lance,Stroll,117,Aston Martin,6.0,6.0,20.0,13.0,0.0,36.0,8.0,0.0,0
1158,2025,14,Hungarian Grand Prix,859,Liam,Lawson,215,RB F1 Team,9.0,9.0,16.0,14.0,0.0,41.0,7.0,0.0,0
1158,2025,14,Hungarian Grand Prix,830,Max,Verstappen,9,Red Bull,8.0,8.0,185.0,3.0,2.0,192.0,4.0,2.0,0
1158,2025,14,Hungarian Grand Prix,863,Andrea Kimi,Antonelli,131,Mercedes,15.0,15.0,63.0,7.0,0.0,220.0,3.0,1.0,0
1158,2025,14,Hungarian Grand Prix,865,Isack,Hadjar,215,RB F1 Team,10.0,10.0,22.0,11.0,0.0,41.0,7.0,0.0,0
1158,2025,14,Hungarian Grand Prix,1,Lewis,Hamilton,6,Ferrari,12.0,12.0,109.0,6.0,0.0,248.0,2.0,0.0,0
1158,2025,14,Hungarian Grand Prix,807,Nico,Hülkenberg,15,Sauber,18.0,19.0,37.0,9.0,0.0,43.0,6.0,0.0,0
1158,2025,14,Hungarian Grand Prix,832,Carlos,Sainz,3,Williams,13.0,13.0,16.0,16.0,0.0,70.0,5.0,0.0,0
1158,2025,14,Hungarian Grand Prix,848,Alexander,Albon,3,Williams,19.0,20.0,54.0,8.0,0.0,70.0,5.0,0.0,0
1158,2025,14,Hungarian Grand Prix,839,Esteban,Ocon,210,Haas F1 Team,17.0,18.0,27.0,10.0,0.0,35.0,9.0,0.0,0
1158,2025,14,Hungarian Grand Prix,852,Yuki,Tsunoda,9,Red Bull,20.0,16.0,10.0,17.0,0.0,192.0,4.0,2.0,0
1158,2025,14,Hungarian Grand Prix,861,Franco,Colapinto,214,Alpine F1 Team,14.0,14.0,0.0,20.0,0.0,20.0,10.0,0.0,0
1158,2025,14,Hungarian Grand Prix,842,Pierre,Gasly,214,Alpine F1 Team,16.0,17.0,20.0,12.0,0.0,20.0,10.0,0.0,0
1158,2025,14,Hungarian Grand Prix,860,Oliver,Bearman,210,Haas F1 Team,11.0,11.0,8.0,18.0,0.0,35.0,9.0,0.0,0
1159,2025,15,Dutch Grand Prix,857,Oscar,Piastri,1,McLaren,1.0,1.0,284.0,1.0,6.0,559.0,1.0,11.0,1
1159,2025,15,Dutch Grand Prix,830,Max,Verstappen,9,Red Bull,3.0,3.0,187.0,3.0,2.0,194.0,4.0,2.0,1
1159,2025,15,Dutch Grand Prix,865,Isack,Hadjar,215,RB F1 Team,4.0,4.0,22.0,13.0,0.0,45.0,8.0,0.0,1
1159,2025,15,Dutch Grand Prix,847,George,Russell,131,Mercedes,5.0,5.0,172.0,4.0,1.0,236.0,3.0,1.0,0
1159,2025,15,Dutch Grand Prix,848,Alexander,Albon,3,Williams,15.0,15.0,54.0,8.0,0.0,70.0,5.0,0.0,0
1159,2025,15,Dutch Grand Prix,860,Oliver,Bearman,210,Haas F1 Team,20.0,19.0,8.0,19.0,0.0,35.0,9.0,0.0,0
1159,2025,15,Dutch Grand Prix,840,Lance,Stroll,117,Aston Martin,19.0,20.0,26.0,12.0,0.0,52.0,6.0,0.0,0
1159,2025,15,Dutch Grand Prix,4,Fernando,Alonso,117,Aston Martin,10.0,10.0,26.0,11.0,0.0,52.0,6.0,0.0,0
1159,2025,15,Dutch Grand Prix,852,Yuki,Tsunoda,9,Red Bull,12.0,12.0,10.0,18.0,0.0,194.0,4.0,2.0,0
1159,2025,15,Dutch Grand Prix,839,Esteban,Ocon,210,Haas F1 Team,18.0,18.0,27.0,10.0,0.0,35.0,9.0,0.0,0
1159,2025,15,Dutch Grand Prix,861,Franco,Colapinto,214,Alpine F1 Team,16.0,16.0,0.0,20.0,0.0,20.0,10.0,0.0,0
1159,2025,15,Dutch Grand Prix,859,Liam,Lawson,215,RB F1 Team,8.0,8.0,20.0,15.0,0.0,45.0,8.0,0.0,0
1159,2025,15,Dutch Grand Prix,832,Carlos,Sainz,3,Williams,9.0,9.0,16.0,16.0,0.0,70.0,5.0,0.0,0
1159,2025,15,Dutch Grand Prix,807,Nico,Hülkenberg,15,Sauber,17.0,17.0,37.0,9.0,0.0,51.0,7.0,0.0,0
1159,2025,15,Dutch Grand Prix,864,Gabriel,Bortoleto,15,Sauber,13.0,13.0,14.0,17.0,0.0,51.0,7.0,0.0,0
1159,2025,15,Dutch Grand Prix,863,Andrea Kimi,Antonelli,131,Mercedes,11.0,11.0,64.0,7.0,0.0,236.0,3.0,1.0,0
1159,2025,15,Dutch Grand Prix,842,Pierre,Gasly,214,Alpine F1 Team,14.0,14.0,20.0,14.0,0.0,20.0,10.0,0.0,0
1159,2025,15,Dutch Grand Prix,846,Lando,Norris,1,McLaren,2.0,2.0,275.0,2.0,5.0,559.0,1.0,11.0,0
1159,2025,15,Dutch Grand Prix,844,Charles,Leclerc,6,Ferrari,6.0,6.0,151.0,5.0,0.0,260.0,2.0,0.0,0
1159,2025,15,Dutch Grand Prix,1,Lewis,Hamilton,6,Ferrari,7.0,7.0,109.0,6.0,0.0,260.0,2.0,0.0,0
1160,2025,16,Italian Grand Prix,830,Max,Verstappen,9,Red Bull,1.0,1.0,205.0,3.0,2.0,214.0,4.0,2.0,1
1160,2025,16,Italian Grand Prix,846,Lando,Norris,1,McLaren,2.0,2.0,275.0,2.0,5.0,584.0,1.0,12.0,1
1160,2025,16,Italian Grand Prix,857,Oscar,Piastri,1,McLaren,3.0,3.0,309.0,1.0,7.0,584.0,1.0,12.0,1
1160,2025,16,Italian Grand Prix,844,Charles,Leclerc,6,Ferrari,4.0,4.0,151.0,5.0,0.0,260.0,2.0,0.0,0
1160,2025,16,Italian Grand Prix,847,George,Russell,131,Mercedes,5.0,6.0,184.0,4.0,1.0,248.0,3.0,1.0,0
1160,2025,16,Italian Grand Prix,1,Lewis,Hamilton,6,Ferrari,10.0,5.0,109.0,6.0,0.0,260.0,2.0,0.0,0
1160,2025,16,Italian Grand Prix,848,Alexander,Albon,3,Williams,14.0,14.0,64.0,8.0,0.0,80.0,5.0,0.0,0
1160,2025,16,Italian Grand Prix,864,Gabriel,Bortoleto,15,Sauber,7.0,8.0,14.0,18.0,0.0,51.0,8.0,0.0,0
1160,2025,16,Italian Grand Prix,863,Andrea Kimi,Antonelli,131,Mercedes,6.0,7.0,64.0,7.0,0.0,248.0,3.0,1.0,0
1160,2025,16,Italian Grand Prix,865,Isack,Hadjar,215,RB F1 Team,19.0,16.0,37.0,10.0,0.0,60.0,7.0,0.0,0
1160,2025,16,Italian Grand Prix,832,Carlos,Sainz,3,Williams,13.0,13.0,16.0,17.0,0.0,80.0,5.0,0.0,0
1160,2025,16,Italian Grand Prix,860,Oliver,Bearman,210,Haas F1 Team,11.0,11.0,16.0,16.0,0.0,44.0,9.0,0.0,0
1160,2025,16,Italian Grand Prix,852,Yuki,Tsunoda,9,Red Bull,9.0,10.0,12.0,19.0,0.0,214.0,4.0,2.0,0
1160,2025,16,Italian Grand Prix,859,Liam,Lawson,215,RB F1 Team,18.0,20.0,20.0,15.0,0.0,60.0,7.0,0.0,0
1160,2025,16,Italian Grand Prix,839,Esteban,Ocon,210,Haas F1 Team,15.0,15.0,28.0,13.0,0.0,44.0,9.0,0.0,0
1160,2025,16,Italian Grand Prix,842,Pierre,Gasly,214,Alpine F1 Team,20.0,19.0,20.0,14.0,0.0,20.0,10.0,0.0,0
1160,2025,16,Italian Grand Prix,861,Franco,Colapinto,214,Alpine F1 Team,17.0,18.0,0.0,20.0,0.0,20.0,10.0,0.0,0
1160,2025,16,Italian Grand Prix,840,Lance,Stroll,117,Aston Martin,16.0,17.0,32.0,11.0,0.0,62.0,6.0,0.0,0
1160,2025,16,Italian Grand Prix,4,Fernando,Alonso,117,Aston Martin,8.0,9.0,30.0,12.0,0.0,62.0,6.0,0.0,0
1160,2025,16,Italian Grand Prix,807,Nico,Hülkenberg,15,Sauber,12.0,12.0,37.0,9.0,0.0,51.0,8.0,0.0,0
1161,2025,17,Azerbaijan Grand Prix,830,Max,Verstappen,9,Red Bull,1.0,1.0,230.0,3.0,3.0,239.0,4.0,3.0,1
1161,2025,17,Azerbaijan Grand Prix,847,George,Russell,131,Mercedes,5.0,5.0,194.0,4.0,1.0,260.0,3.0,1.0,1
1161,2025,17,Azerbaijan Grand Prix,832,Carlos,Sainz,3,Williams,2.0,2.0,16.0,18.0,0.0,86.0,5.0,0.0,1
1161,2025,17,Azerbaijan Grand Prix,863,Andrea Kimi,Antonelli,131,Mercedes,4.0,4.0,66.0,8.0,0.0,260.0,3.0,1.0,0
1161,2025,17,Azerbaijan Grand Prix,859,Liam,Lawson,215,RB F1 Team,3.0,3.0,20.0,15.0,0.0,61.0,7.0,0.0,0
1161,2025,17,Azerbaijan Grand Prix,852,Yuki,Tsunoda,9,Red Bull,6.0,6.0,12.0,19.0,0.0,239.0,4.0,3.0,0
1161,2025,17,Azerbaijan Grand Prix,846,Lando,Norris,1,McLaren,7.0,7.0,293.0,2.0,5.0,617.0,1.0,12.0,0
1161,2025,17,Azerbaijan Grand Prix,1,Lewis,Hamilton,6,Ferrari,12.0,12.0,117.0,6.0,0.0,280.0,2.0,0.0,0
1161,2025,17,Azerbaijan Grand Prix,844,Charles,Leclerc,6,Ferrari,10.0,10.0,163.0,5.0,0.0,280.0,2.0,0.0,0
1161,2025,17,Azerbaijan Grand Prix,865,Isack,Hadjar,215,RB F1 Team,8.0,8.0,38.0,9.0,0.0,61.0,7.0,0.0,0
1161,2025,17,Azerbaijan Grand Prix,864,Gabriel,Bortoleto,15,Sauber,13.0,13.0,18.0,16.0,0.0,55.0,8.0,0.0,0
1161,2025,17,Azerbaijan Grand Prix,860,Oliver,Bearman,210,Haas F1 Team,15.0,15.0,16.0,17.0,0.0,44.0,9.0,0.0,0
1161,2025,17,Azerbaijan Grand Prix,848,Alexander,Albon,3,Williams,19.0,19.0,70.0,7.0,0.0,86.0,5.0,0.0,0
1161,2025,17,Azerbaijan Grand Prix,839,Esteban,Ocon,210,Haas F1 Team,20.0,20.0,28.0,13.0,0.0,44.0,9.0,0.0,0
1161,2025,17,Azerbaijan Grand Prix,4,Fernando,Alonso,117,Aston Martin,11.0,11.0,30.0,12.0,0.0,62.0,6.0,0.0,0
1161,2025,17,Azerbaijan Grand Prix,807,Nico,Hülkenberg,15,Sauber,17.0,17.0,37.0,10.0,0.0,55.0,8.0,0.0,0
1161,2025,17,Azerbaijan Grand Prix,840,Lance,Stroll,117,Aston Martin,14.0,14.0,32.0,11.0,0.0,62.0,6.0,0.0,0
1161,2025,17,Azerbaijan Grand Prix,842,Pierre,Gasly,214,Alpine F1 Team,18.0,18.0,20.0,14.0,0.0,20.0,10.0,0.0,0
1161,2025,17,Azerbaijan Grand Prix,861,Franco,Colapinto,214,Alpine F1 Team,16.0,16.0,0.0,20.0,0.0,20.0,10.0,0.0,0
1161,2025,17,Azerbaijan Grand Prix,857,Oscar,Piastri,1,McLaren,9.0,9.0,324.0,1.0,7.0,617.0,1.0,12.0,0
1162,2025,18,Singapore Grand Prix,847,George,Russell,131,Mercedes,1.0,1.0,212.0,4.0,1.0,290.0,2.0,1.0,1
1162,2025,18,Singapore Grand Prix,830,Max,Verstappen,9,Red Bull,2.0,2.0,255.0,3.0,4.0,272.0,4.0,4.0,1
1162,2025,18,Singapore Grand Prix,846,Lando,Norris,1,McLaren,5.0,5.0,299.0,2.0,5.0,623.0,1.0,12.0,1
1162,2025,18,Singapore Grand Prix,857,Oscar,Piastri,1,McLaren,3.0,3.0,324.0,1.0,7.0,623.0,1.0,12.0,0
1162,2025,18,Singapore Grand Prix,863,Andrea Kimi,Antonelli,131,Mercedes,4.0,4.0,78.0,7.0,0.0,290.0,2.0,1.0,0
1162,2025,18,Singapore Grand Prix,844,Charles,Leclerc,6,Ferrari,7.0,7.0,165.0,5.0,0.0,286.0,3.0,0.0,0
1162,2025,18,Singapore Grand Prix,4,Fernando,Alonso,117,Aston Martin,10.0,10.0,30.0,14.0,0.0,62.0,7.0,0.0,0
1162,2025,18,Singapore Grand Prix,1,Lewis,Hamilton,6,Ferrari,6.0,6.0,121.0,6.0,0.0,286.0,3.0,0.0,0
1162,2025,18,Singapore Grand Prix,860,Oliver,Bearman,210,Haas F1 Team,9.0,9.0,16.0,19.0,0.0,44.0,9.0,0.0,0
1162,2025,18,Singapore Grand Prix,832,Carlos,Sainz,3,Williams,18.0,13.0,31.0,12.0,0.0,101.0,5.0,0.0,0
1162,2025,18,Singapore Grand Prix,865,Isack,Hadjar,215,RB F1 Team,8.0,8.0,39.0,9.0,0.0,72.0,6.0,0.0,0
1162,2025,18,Singapore Grand Prix,852,Yuki,Tsunoda,9,Red Bull,13.0,13.0,20.0,17.0,0.0,272.0,4.0,4.0,0
1162,2025,18,Singapore Grand Prix,840,Lance,Stroll,117,Aston Martin,15.0,15.0,32.0,11.0,0.0,62.0,7.0,0.0,0
1162,2025,18,Singapore Grand Prix,848,Alexander,Albon,3,Williams,20.0,12.0,70.0,8.0,0.0,101.0,5.0,0.0,0
1162,2025,18,Singapore Grand Prix,859,Liam,Lawson,215,RB F1 Team,12.0,12.0,30.0,13.0,0.0,72.0,6.0,0.0,0
1162,2025,18,Singapore Grand Prix,861,Franco,Colapinto,214,Alpine F1 Team,16.0,16.0,0.0,20.0,0.0,20.0,10.0,0.0,0
1162,2025,18,Singapore Grand Prix,864,Gabriel,Bortoleto,15,Sauber,14.0,14.0,18.0,18.0,0.0,55.0,8.0,0.0,0
1162,2025,18,Singapore Grand Prix,839,Esteban,Ocon,210,Haas F1 Team,17.0,17.0,28.0,15.0,0.0,44.0,9.0,0.0,0
1162,2025,18,Singapore Grand Prix,842,Pierre,Gasly,214,Alpine F1 Team,19.0,18.0,20.0,16.0,0.0,20.0,10.0,0.0,0
1162,2025,18,Singapore Grand Prix,807,Nico,Hülkenberg,15,Sauber,11.0,11.0,37.0,10.0,0.0,55.0,8.0,0.0,0
1163,2025,19,United States Grand Prix,830,Max,Verstappen,9,Red Bull,1.0,1.0,273.0,3.0,4.0,290.0,4.0,4.0,1
1163,2025,19,United States Grand Prix,846,Lando,Norris,1,McLaren,2.0,2.0,314.0,2.0,5.0,650.0,1.0,12.0,1
1163,2025,19,United States Grand Prix,844,Charles,Leclerc,6,Ferrari,3.0,3.0,173.0,5.0,0.0,298.0,3.0,0.0,1
1163,2025,19,United States Grand Prix,1,Lewis,Hamilton,6,Ferrari,5.0,5.0,125.0,6.0,0.0,298.0,3.0,0.0,0
1163,2025,19,United States Grand Prix,857,Oscar,Piastri,1,McLaren,6.0,6.0,336.0,1.0,7.0,650.0,1.0,12.0,0
1163,2025,19,United States Grand Prix,847,George,Russell,131,Mercedes,4.0,4.0,237.0,4.0,2.0,325.0,2.0,2.0,0
1163,2025,19,United States Grand Prix,852,Yuki,Tsunoda,9,Red Bull,13.0,13.0,20.0,17.0,0.0,290.0,4.0,4.0,0
1163,2025,19,United States Grand Prix,807,Nico,Hülkenberg,15,Sauber,11.0,11.0,37.0,10.0,0.0,55.0,8.0,0.0,0
1163,2025,19,United States Grand Prix,860,Oliver,Bearman,210,Haas F1 Team,8.0,8.0,18.0,19.0,0.0,46.0,9.0,0.0,0
1163,2025,19,United States Grand Prix,4,Fernando,Alonso,117,Aston Martin,10.0,10.0,36.0,11.0,0.0,68.0,7.0,0.0,0
1163,2025,19,United States Grand Prix,859,Liam,Lawson,215,RB F1 Team,12.0,12.0,30.0,14.0,0.0,72.0,6.0,0.0,0
1163,2025,19,United States Grand Prix,840,Lance,Stroll,117,Aston Martin,19.0,18.0,32.0,13.0,0.0,68.0,7.0,0.0,0
1163,2025,19,United States Grand Prix,863,Andrea Kimi,Antonelli,131,Mercedes,7.0,7.0,88.0,7.0,0.0,325.0,2.0,2.0,0
1163,2025,19,United States Grand Prix,848,Alexander,Albon,3,Williams,18.0,19.0,70.0,8.0,0.0,102.0,5.0,0.0,0
1163,2025,19,United States Grand Prix,839,Esteban,Ocon,210,Haas F1 Team,17.0,17.0,28.0,15.0,0.0,46.0,9.0,0.0,0
1163,2025,19,United States Grand Prix,865,Isack,Hadjar,215,RB F1 Team,20.0,20.0,39.0,9.0,0.0,72.0,6.0,0.0,0
1163,2025,19,United States Grand Prix,861,Franco,Colapinto,214,Alpine F1 Team,15.0,15.0,0.0,20.0,0.0,20.0,10.0,0.0,0
1163,2025,19,United States Grand Prix,864,Gabriel,Bortoleto,15,Sauber,16.0,16.0,18.0,18.0,0.0,55.0,8.0,0.0,0
1163,2025,19,United States Grand Prix,842,Pierre,Gasly,214,Alpine F1 Team,14.0,14.0,20.0,16.0,0.0,20.0,10.0,0.0,0
1163,2025,19,United States Grand Prix,832,Carlos,Sainz,3,Williams,9.0,9.0,32.0,12.0,0.0,102.0,5.0,0.0,0
1164,2025,20,Mexico City Grand Prix,846,Lando,Norris,1,McLaren,1.0,1.0,332.0,2.0,5.0,678.0,1.0,12.0,1
1164,2025,20,Mexico City Grand Prix,844,Charles,Leclerc,6,Ferrari,2.0,2.0,192.0,5.0,0.0,334.0,3.0,0.0,1
1164,2025,20,Mexico City Grand Prix,830,Max,Verstappen,9,Red Bull,5.0,5.0,306.0,3.0,5.0,331.0,4.0,5.0,1
1164,2025,20,Mexico City Grand Prix,860,Oliver,Bearman,210,Haas F1 Team,9.0,10.0,20.0,18.0,0.0,48.0,9.0,0.0,0
1164,2025,20,Mexico City Grand Prix,857,Oscar,Piastri,1,McLaren,7.0,8.0,346.0,1.0,7.0,678.0,1.0,12.0,0
1164,2025,20,Mexico City Grand Prix,863,Andrea Kimi,Antonelli,131,Mercedes,6.0,6.0,89.0,7.0,0.0,341.0,2.0,2.0,0
1164,2025,20,Mexico City Grand Prix,847,George,Russell,131,Mercedes,4.0,4.0,252.0,4.0,2.0,341.0,2.0,2.0,0
1164,2025,20,Mexico City Grand Prix,1,Lewis,Hamilton,6,Ferrari,3.0,3.0,142.0,6.0,0.0,334.0,3.0,0.0,0
1164,2025,20,Mexico City Grand Prix,839,Esteban,Ocon,210,Haas F1 Team,11.0,12.0,28.0,15.0,0.0,48.0,9.0,0.0,0
1164,2025,20,Mexico City Grand Prix,864,Gabriel,Bortoleto,15,Sauber,16.0,16.0,18.0,19.0,0.0,59.0,8.0,0.0,0
1164,2025,20,Mexico City Grand Prix,852,Yuki,Tsunoda,9,Red Bull,10.0,11.0,28.0,16.0,0.0,331.0,4.0,5.0,0
1164,2025,20,Mexico City Grand Prix,848,Alexander,Albon,3,Williams,17.0,17.0,73.0,8.0,0.0,111.0,5.0,0.0,0
1164,2025,20,Mexico City Grand Prix,865,Isack,Hadjar,215,RB F1 Team,8.0,9.0,39.0,10.0,0.0,72.0,6.0,0.0,0
1164,2025,20,Mexico City Grand Prix,840,Lance,Stroll,117,Aston Martin,19.0,19.0,32.0,13.0,0.0,69.0,7.0,0.0,0
1164,2025,20,Mexico City Grand Prix,842,Pierre,Gasly,214,Alpine F1 Team,18.0,18.0,20.0,17.0,0.0,20.0,10.0,0.0,0
1164,2025,20,Mexico City Grand Prix,861,Franco,Colapinto,214,Alpine F1 Team,20.0,20.0,0.0,20.0,0.0,20.0,10.0,0.0,0
1164,2025,20,Mexico City Grand Prix,832,Carlos,Sainz,3,Williams,12.0,7.0,38.0,11.0,0.0,111.0,5.0,0.0,0
1164,2025,20,Mexico City Grand Prix,4,Fernando,Alonso,117,Aston Martin,14.0,14.0,37.0,12.0,0.0,69.0,7.0,0.0,0
1164,2025,20,Mexico City Grand Prix,807,Nico,Hülkenberg,15,Sauber,13.0,13.0,41.0,9.0,0.0,59.0,8.0,0.0,0
1164,2025,20,Mexico City Grand Prix,859,Liam,Lawson,215,RB F1 Team,15.0,15.0,30.0,14.0,0.0,72.0,6.0,0.0,0
1165,2025,21,São Paulo Grand Prix,846,Lando,Norris,1,McLaren,1.0,1.0,357.0,1.0,6.0,713.0,1.0,13.0,1
1165,2025,21,São Paulo Grand Prix,863,Andrea Kimi,Antonelli,131,Mercedes,2.0,2.0,97.0,7.0,0.0,355.0,3.0,2.0,1
1165,2025,21,São Paulo Grand Prix,830,Max,Verstappen,9,Red Bull,19.0,16.0,321.0,3.0,5.0,346.0,4.0,5.0,1
1165,2025,21,São Paulo Grand Prix,847,George,Russell,131,Mercedes,6.0,6.0,258.0,4.0,2.0,355.0,3.0,2.0,0
1165,2025,21,São Paulo Grand Prix,857,Oscar,Piastri,1,McLaren,4.0,4.0,356.0,2.0,7.0,713.0,1.0,13.0,0
1165,2025,21,São Paulo Grand Prix,860,Oliver,Bearman,210,Haas F1 Team,8.0,8.0,32.0,13.0,0.0,62.0,8.0,0.0,0
1165,2025,21,São Paulo Grand Prix,859,Liam,Lawson,215,RB F1 Team,7.0,7.0,30.0,15.0,0.0,72.0,6.0,0.0,0
1165,2025,21,São Paulo Grand Prix,865,Isack,Hadjar,215,RB F1 Team,5.0,5.0,39.0,10.0,0.0,72.0,6.0,0.0,0
1165,2025,21,São Paulo Grand Prix,807,Nico,Hülkenberg,15,Sauber,10.0,10.0,41.0,9.0,0.0,60.0,9.0,0.0,0
1165,2025,21,São Paulo Grand Prix,842,Pierre,Gasly,214,Alpine F1 Team,9.0,9.0,20.0,18.0,0.0,20.0,10.0,0.0,0
1165,2025,21,São Paulo Grand Prix,848,Alexander,Albon,3,Williams,12.0,12.0,73.0,8.0,0.0,111.0,5.0,0.0,0
1165,2025,21,São Paulo Grand Prix,839,Esteban,Ocon,210,Haas F1 Team,20.0,17.0,30.0,16.0,0.0,62.0,8.0,0.0,0
1165,2025,21,São Paulo Grand Prix,832,Carlos,Sainz,3,Williams,15.0,15.0,38.0,11.0,0.0,111.0,5.0,0.0,0
1165,2025,21,São Paulo Grand Prix,4,Fernando,Alonso,117,Aston Martin,11.0,11.0,37.0,12.0,0.0,69.0,7.0,0.0,0
1165,2025,21,São Paulo Grand Prix,861,Franco,Colapinto,214,Alpine F1 Team,16.0,18.0,0.0,20.0,0.0,20.0,10.0,0.0,0
1165,2025,21,São Paulo Grand Prix,840,Lance,Stroll,117,Aston Martin,14.0,14.0,32.0,14.0,0.0,69.0,7.0,0.0,0
1165,2025,21,São Paulo Grand Prix,852,Yuki,Tsunoda,9,Red Bull,17.0,19.0,28.0,17.0,0.0,346.0,4.0,5.0,0
1165,2025,21,São Paulo Grand Prix,1,Lewis,Hamilton,6,Ferrari,13.0,13.0,146.0,6.0,0.0,356.0,2.0,0.0,0
1165,2025,21,São Paulo Grand Prix,844,Charles,Leclerc,6,Ferrari,3.0,3.0,210.0,5.0,0.0,356.0,2.0,0.0,0
1165,2025,21,São Paulo Grand Prix,864,Gabriel,Bortoleto,15,Sauber,18.0,25.0,19.0,19.0,0.0,60.0,9.0,0.0,0
1166,2025,22,Las Vegas Grand Prix,830,Max,Verstappen,9,Red Bull,2.0,2.0,341.0,3.0,5.0,366.0,3.0,5.0,1
1166,2025,22,Las Vegas Grand Prix,847,George,Russell,131,Mercedes,4.0,4.0,276.0,4.0,2.0,398.0,2.0,2.0,1
1166,2025,22,Las Vegas Grand Prix,863,Andrea Kimi,Antonelli,131,Mercedes,17.0,17.0,122.0,7.0,0.0,398.0,2.0,2.0,1
1166,2025,22,Las Vegas Grand Prix,844,Charles,Leclerc,6,Ferrari,9.0,9.0,214.0,5.0,0.0,362.0,4.0,0.0,0
1166,2025,22,Las Vegas Grand Prix,832,Carlos,Sainz,3,Williams,3.0,3.0,38.0,13.0,0.0,111.0,5.0,0.0,0
1166,2025,22,Las Vegas Grand Prix,865,Isack,Hadjar,215,RB F1 Team,8.0,8.0,43.0,10.0,0.0,82.0,6.0,0.0,0
1166,2025,22,Las Vegas Grand Prix,807,Nico,Hülkenberg,15,Sauber,11.0,11.0,43.0,9.0,0.0,62.0,9.0,0.0,0
1166,2025,22,Las Vegas Grand Prix,1,Lewis,Hamilton,6,Ferrari,19.0,20.0,148.0,6.0,0.0,362.0,4.0,0.0,0
1166,2025,22,Las Vegas Grand Prix,839,Esteban,Ocon,210,Haas F1 Team,13.0,13.0,30.0,16.0,0.0,70.0,8.0,0.0,0
1166,2025,22,Las Vegas Grand Prix,860,Oliver,Bearman,210,Haas F1 Team,14.0,14.0,40.0,11.0,0.0,70.0,8.0,0.0,0
1166,2025,22,Las Vegas Grand Prix,4,Fernando,Alonso,117,Aston Martin,7.0,7.0,40.0,12.0,0.0,72.0,7.0,0.0,0
1166,2025,22,Las Vegas Grand Prix,852,Yuki,Tsunoda,9,Red Bull,20.0,19.0,28.0,17.0,0.0,366.0,3.0,5.0,0
1166,2025,22,Las Vegas Grand Prix,842,Pierre,Gasly,214,Alpine F1 Team,10.0,10.0,22.0,18.0,0.0,22.0,10.0,0.0,0
1166,2025,22,Las Vegas Grand Prix,859,Liam,Lawson,215,RB F1 Team,6.0,6.0,36.0,14.0,0.0,82.0,6.0,0.0,0
1166,2025,22,Las Vegas Grand Prix,861,Franco,Colapinto,214,Alpine F1 Team,15.0,15.0,0.0,20.0,0.0,22.0,10.0,0.0,0
1166,2025,22,Las Vegas Grand Prix,848,Alexander,Albon,3,Williams,16.0,16.0,73.0,8.0,0.0,111.0,5.0,0.0,0
1166,2025,22,Las Vegas Grand Prix,864,Gabriel,Bortoleto,15,Sauber,18.0,18.0,19.0,19.0,0.0,62.0,9.0,0.0,0
1166,2025,22,Las Vegas Grand Prix,840,Lance,Stroll,117,Aston Martin,12.0,12.0,32.0,15.0,0.0,72.0,7.0,0.0,0
1166,2025,22,Las Vegas Grand Prix,846,Lando,Norris,1,McLaren,1.0,1.0,390.0,1.0,7.0,756.0,1.0,14.0,0
1166,2025,22,Las Vegas Grand Prix,857,Oscar,Piastri,1,McLaren,5.0,5.0,366.0,2.0,7.0,756.0,1.0,14.0,0
1167,2025,23,Qatar Grand Prix,830,Max,Verstappen,9,Red Bull,,3.0,366.0,3.0,6.0,391.0,3.0,6.0,1
1167,2025,23,Qatar Grand Prix,857,Oscar,Piastri,1,McLaren,,1.0,366.0,2.0,7.0,756.0,1.0,14.0,1
1167,2025,23,Qatar Grand Prix,832,Carlos,Sainz,3,Williams,,7.0,48.0,11.0,0.0,121.0,5.0,0.0,1
1167,2025,23,Qatar Grand Prix,846,Lando,Norris,1,McLaren,,2.0,390.0,1.0,7.0,756.0,1.0,14.0,0
1167,2025,23,Qatar Grand Prix,863,Andrea Kimi,Antonelli,131,Mercedes,,5.0,137.0,7.0,0.0,431.0,2.0,2.0,0
1167,2025,23,Qatar Grand Prix,847,George,Russell,131,Mercedes,,4.0,294.0,4.0,2.0,431.0,2.0,2.0,0
1167,2025,23,Qatar Grand Prix,4,Fernando,Alonso,117,Aston Martin,,8.0,40.0,13.0,0.0,72.0,8.0,0.0,0
1167,2025,23,Qatar Grand Prix,844,Charles,Leclerc,6,Ferrari,,10.0,226.0,5.0,0.0,378.0,4.0,0.0,0
1167,2025,23,Qatar Grand Prix,859,Liam,Lawson,215,RB F1 Team,,12.0,36.0,14.0,0.0,90.0,6.0,0.0,0
1167,2025,23,Qatar Grand Prix,852,Yuki,Tsunoda,9,Red Bull,,16.0,28.0,17.0,0.0,391.0,3.0,6.0,0
1167,2025,23,Qatar Grand Prix,848,Alexander,Albon,3,Williams,,15.0,73.0,8.0,0.0,121.0,5.0,0.0,0
1167,2025,23,Qatar Grand Prix,1,Lewis,Hamilton,6,Ferrari,,18.0,152.0,6.0,0.0,378.0,4.0,0.0,0
1167,2025,23,Qatar Grand Prix,864,Gabriel,Bortoleto,15,Sauber,,14.0,19.0,19.0,0.0,68.0,9.0,0.0,0
1167,2025,23,Qatar Grand Prix,861,Franco,Colapinto,214,Alpine F1 Team,,20.0,0.0,20.0,0.0,22.0,10.0,0.0,0
1167,2025,23,Qatar Grand Prix,839,Esteban,Ocon,210,Haas F1 Team,,17.0,32.0,15.0,0.0,73.0,7.0,0.0,0
1167,2025,23,Qatar Grand Prix,842,Pierre,Gasly,214,Alpine F1 Team,,9.0,22.0,18.0,0.0,22.0,10.0,0.0,0
1167,2025,23,Qatar Grand Prix,840,Lance,Stroll,117,Aston Martin,,19.0,32.0,16.0,0.0,72.0,8.0,0.0,0
1167,2025,23,Qatar Grand Prix,865,Isack,Hadjar,215,RB F1 Team,,6.0,51.0,9.0,0.0,90.0,6.0,0.0,0
1167,2025,23,Qatar Grand Prix,860,Oliver,Bearman,210,Haas F1 Team,,13.0,41.0,12.0,0.0,73.0,7.0,0.0,0
1167,2025,23,Qatar Grand Prix,807,Nico,Hülkenberg,15,Sauber,,11.0,49.0,10.0,0.0,68.0,9.0,0.0,0
1168,2025,24,Abu Dhabi Grand Prix,830,Max,Verstappen,9,Red Bull,1.0,1.0,396.0,2.0,7.0,426.0,3.0,7.0,1
1168,2025,24,Abu Dhabi Grand Prix,857,Oscar,Piastri,1,McLaren,3.0,3.0,392.0,3.0,7.0,800.0,1.0,14.0,1
1168,2025,24,Abu Dhabi Grand Prix,846,Lando,Norris,1,McLaren,2.0,2.0,408.0,1.0,7.0,800.0,1.0,14.0,1
1168,2025,24,Abu Dhabi Grand Prix,844,Charles,Leclerc,6,Ferrari,5.0,5.0,230.0,5.0,0.0,382.0,4.0,0.0,0
1168,2025,24,Abu Dhabi Grand Prix,847,George,Russell,131,Mercedes,4.0,4.0,309.0,4.0,2.0,459.0,2.0,2.0,0
1168,2025,24,Abu Dhabi Grand Prix,4,Fernando,Alonso,117,Aston Martin,6.0,6.0,48.0,12.0,0.0,80.0,7.0,0.0,0
1168,2025,24,Abu Dhabi Grand Prix,839,Esteban,Ocon,210,Haas F1 Team,8.0,8.0,32.0,16.0,0.0,73.0,8.0,0.0,0
1168,2025,24,Abu Dhabi Grand Prix,1,Lewis,Hamilton,6,Ferrari,16.0,16.0,152.0,6.0,0.0,382.0,4.0,0.0,0
1168,2025,24,Abu Dhabi Grand Prix,807,Nico,Hülkenberg,15,Sauber,18.0,18.0,49.0,11.0,0.0,68.0,9.0,0.0,0
1168,2025,24,Abu Dhabi Grand Prix,840,Lance,Stroll,117,Aston Martin,15.0,15.0,32.0,17.0,0.0,80.0,7.0,0.0,0
1168,2025,24,Abu Dhabi Grand Prix,864,Gabriel,Bortoleto,15,Sauber,7.0,7.0,19.0,19.0,0.0,68.0,9.0,0.0,0
1168,2025,24,Abu Dhabi Grand Prix,860,Oliver,Bearman,210,Haas F1 Team,11.0,11.0,41.0,13.0,0.0,73.0,8.0,0.0,0
1168,2025,24,Abu Dhabi Grand Prix,832,Carlos,Sainz,3,Williams,12.0,12.0,64.0,9.0,0.0,137.0,5.0,0.0,0
1168,2025,24,Abu Dhabi Grand Prix,852,Yuki,Tsunoda,9,Red Bull,10.0,10.0,33.0,15.0,0.0,426.0,3.0,7.0,0
1168,2025,24,Abu Dhabi Grand Prix,863,Andrea Kimi,Antonelli,131,Mercedes,14.0,14.0,150.0,7.0,0.0,459.0,2.0,2.0,0
1168,2025,24,Abu Dhabi Grand Prix,848,Alexander,Albon,3,Williams,17.0,17.0,73.0,8.0,0.0,137.0,5.0,0.0,0
1168,2025,24,Abu Dhabi Grand Prix,865,Isack,Hadjar,215,RB F1 Team,9.0,9.0,51.0,10.0,0.0,92.0,6.0,0.0,0
1168,2025,24,Abu Dhabi Grand Prix,859,Liam,Lawson,215,RB F1 Team,13.0,13.0,38.0,14.0,0.0,92.0,6.0,0.0,0
1168,2025,24,Abu Dhabi Grand Prix,842,Pierre,Gasly,214,Alpine F1 Team,19.0,19.0,22.0,18.0,0.0,22.0,10.0,0.0,0
1168,2025,24,Abu Dhabi Grand Prix,861,Franco,Colapinto,214,Alpine F1 Team,20.0,20.0,0.0,20.0,0.0,22.0,10.0,0.0,0
1169,2026,1,Australian Grand Prix,847,George,Russell,131,Mercedes,1.0,1.0,319.0,4.0,2.0,469.0,2.0,2.0,1
1169,2026,1,Australian Grand Prix,863,Andrea Kimi,Antonelli,131,Mercedes,2.0,2.0,150.0,7.0,0.0,469.0,2.0,2.0,1
1169,2026,1,Australian Grand Prix,844,Charles,Leclerc,6,Ferrari,4.0,4.0,242.0,5.0,0.0,398.0,4.0,0.0,1
1169,2026,1,Australian Grand Prix,1,Lewis,Hamilton,6,Ferrari,7.0,7.0,156.0,6.0,0.0,398.0,4.0,0.0,0
1169,2026,1,Australian Grand Prix,846,Lando,Norris,1,McLaren,6.0,6.0,423.0,1.0,7.0,833.0,1.0,14.0,0
1169,2026,1,Australian Grand Prix,830,Max,Verstappen,9,Red Bull,20.0,25.0,421.0,2.0,8.0,451.0,3.0,8.0,0
1169,2026,1,Australian Grand Prix,860,Oliver,Bearman,210,Haas F1 Team,12.0,12.0,41.0,13.0,0.0,79.0,8.0,0.0,0
1169,2026,1,Australian Grand Prix,866,Arvid,Lindblad,215,RB F1 Team,9.0,9.0,0.0,28.0,0.0,92.0,6.0,0.0,0
1169,2026,1,Australian Grand Prix,864,Gabriel,Bortoleto,217,Audi,10.0,10.0,19.0,19.0,0.0,0.0,13.0,0.0,0
1169,2026,1,Australian Grand Prix,842,Pierre,Gasly,214,Alpine F1 Team,14.0,14.0,22.0,18.0,0.0,22.0,10.0,0.0,0
1169,2026,1,Australian Grand Prix,839,Esteban,Ocon,210,Haas F1 Team,13.0,13.0,38.0,15.0,0.0,79.0,8.0,0.0,0
1169,2026,1,Australian Grand Prix,848,Alexander,Albon,3,Williams,15.0,15.0,73.0,8.0,0.0,137.0,5.0,0.0,0
1169,2026,1,Australian Grand Prix,859,Liam,Lawson,215,RB F1 Team,8.0,8.0,38.0,14.0,0.0,92.0,6.0,0.0,0
1169,2026,1,Australian Grand Prix,861,Franco,Colapinto,214,Alpine F1 Team,16.0,16.0,0.0,20.0,0.0,22.0,10.0,0.0,0
1169,2026,1,Australian Grand Prix,832,Carlos,Sainz,3,Williams,21.0,25.0,64.0,9.0,0.0,137.0,5.0,0.0,0
1169,2026,1,Australian Grand Prix,815,Sergio,Pérez,216,Cadillac,18.0,18.0,152.0,8.0,0.0,0.0,13.0,0.0,0
1169,2026,1,Australian Grand Prix,840,Lance,Stroll,117,Aston Martin,22.0,25.0,33.0,16.0,0.0,89.0,7.0,0.0,0
1169,2026,1,Australian Grand Prix,4,Fernando,Alonso,117,Aston Martin,17.0,17.0,56.0,10.0,0.0,89.0,7.0,0.0,0
1169,2026,1,Australian Grand Prix,822,Valtteri,Bottas,216,Cadillac,19.0,19.0,0.0,22.0,0.0,0.0,13.0,0.0,0
1169,2026,1,Australian Grand Prix,865,Isack,Hadjar,9,Red Bull,3.0,3.0,51.0,12.0,0.0,451.0,3.0,8.0,0
1169,2026,1,Australian Grand Prix,857,Oscar,Piastri,1,McLaren,5.0,5.0,410.0,3.0,7.0,833.0,1.0,14.0,0
1169,2026,1,Australian Grand Prix,807,Nico,Hülkenberg,217,Audi,11.0,11.0,51.0,11.0,0.0,0.0,13.0,0.0,0
1170,2026,2,Chinese Grand Prix,863,Andrea Kimi,Antonelli,131,Mercedes,1.0,1.0,18.0,2.0,0.0,43.0,1.0,1.0,1
1170,2026,2,Chinese Grand Prix,847,George,Russell,131,Mercedes,2.0,2.0,25.0,1.0,1.0,43.0,1.0,1.0,1
1170,2026,2,Chinese Grand Prix,1,Lewis,Hamilton,6,Ferrari,3.0,3.0,12.0,4.0,0.0,27.0,2.0,0.0,1
1170,2026,2,Chinese Grand Prix,844,Charles,Leclerc,6,Ferrari,4.0,4.0,15.0,3.0,0.0,27.0,2.0,0.0,0
1170,2026,2,Chinese Grand Prix,860,Oliver,Bearman,210,Haas F1 Team,10.0,10.0,6.0,7.0,0.0,6.0,5.0,0.0,0
1170,2026,2,Chinese Grand Prix,842,Pierre,Gasly,214,Alpine F1 Team,7.0,7.0,1.0,10.0,0.0,1.0,8.0,0.0,0
1170,2026,2,Chinese Grand Prix,859,Liam,Lawson,215,RB F1 Team,14.0,14.0,0.0,13.0,0.0,4.0,6.0,0.0,0
1170,2026,2,Chinese Grand Prix,865,Isack,Hadjar,9,Red Bull,9.0,9.0,0.0,28.0,0.0,8.0,4.0,0.0,0
1170,2026,2,Chinese Grand Prix,832,Carlos,Sainz,3,Williams,17.0,17.0,0.0,15.0,0.0,0.0,9.0,0.0,0
1170,2026,2,Chinese Grand Prix,861,Franco,Colapinto,214,Alpine F1 Team,12.0,12.0,0.0,14.0,0.0,1.0,8.0,0.0,0
1170,2026,2,Chinese Grand Prix,807,Nico,Hülkenberg,217,Audi,11.0,11.0,0.0,28.0,0.0,2.0,7.0,0.0,0
1170,2026,2,Chinese Grand Prix,866,Arvid,Lindblad,215,RB F1 Team,15.0,15.0,4.0,8.0,0.0,4.0,6.0,0.0,0
1170,2026,2,Chinese Grand Prix,822,Valtteri,Bottas,216,Cadillac,19.0,20.0,0.0,28.0,0.0,0.0,10.0,0.0,0
1170,2026,2,Chinese Grand Prix,839,Esteban,Ocon,210,Haas F1 Team,13.0,13.0,0.0,11.0,0.0,6.0,5.0,0.0,0
1170,2026,2,Chinese Grand Prix,815,Sergio,Pérez,216,Cadillac,21.0,22.0,0.0,16.0,0.0,0.0,10.0,0.0,0
1170,2026,2,Chinese Grand Prix,830,Max,Verstappen,9,Red Bull,8.0,8.0,8.0,6.0,0.0,8.0,4.0,0.0,0
1170,2026,2,Chinese Grand Prix,4,Fernando,Alonso,117,Aston Martin,18.0,19.0,0.0,28.0,0.0,0.0,13.0,0.0,0
1170,2026,2,Chinese Grand Prix,840,Lance,Stroll,117,Aston Martin,20.0,21.0,0.0,28.0,0.0,0.0,13.0,0.0,0
1170,2026,2,Chinese Grand Prix,857,Oscar,Piastri,1,McLaren,5.0,5.0,0.0,28.0,0.0,10.0,3.0,0.0,0
1170,2026,2,Chinese Grand Prix,846,Lando,Norris,1,McLaren,6.0,6.0,10.0,5.0,0.0,10.0,3.0,0.0,0
1170,2026,2,Chinese Grand Prix,864,Gabriel,Bortoleto,217,Audi,16.0,16.0,2.0,9.0,0.0,2.0,7.0,0.0,0
1170,2026,2,Chinese Grand Prix,848,Alexander,Albon,3,Williams,22.0,18.0,0.0,12.0,0.0,0.0,9.0,0.0,0
1171,2026,3,Japanese Grand Prix,863,Andrea Kimi,Antonelli,131,Mercedes,1.0,1.0,47.0,2.0,1.0,98.0,1.0,2.0,1
1171,2026,3,Japanese Grand Prix,857,Oscar,Piastri,1,McLaren,3.0,3.0,3.0,12.0,0.0,18.0,3.0,0.0,1
1171,2026,3,Japanese Grand Prix,844,Charles,Leclerc,6,Ferrari,4.0,4.0,34.0,3.0,0.0,67.0,2.0,0.0,1
1171,2026,3,Japanese Grand Prix,847,George,Russell,131,Mercedes,2.0,2.0,51.0,1.0,1.0,98.0,1.0,2.0,0
1171,2026,3,Japanese Grand Prix,846,Lando,Norris,1,McLaren,5.0,5.0,15.0,6.0,0.0,18.0,3.0,0.0,0
1171,2026,3,Japanese Grand Prix,1,Lewis,Hamilton,6,Ferrari,6.0,6.0,33.0,4.0,0.0,67.0,2.0,0.0,0
1171,2026,3,Japanese Grand Prix,842,Pierre,Gasly,214,Alpine F1 Team,7.0,7.0,9.0,7.0,0.0,10.0,7.0,0.0,0
1171,2026,3,Japanese Grand Prix,830,Max,Verstappen,9,Red Bull,11.0,11.0,8.0,8.0,0.0,12.0,5.0,0.0,0
1171,2026,3,Japanese Grand Prix,859,Liam,Lawson,215,RB F1 Team,14.0,14.0,8.0,9.0,0.0,12.0,6.0,0.0,0
1171,2026,3,Japanese Grand Prix,839,Esteban,Ocon,210,Haas F1 Team,12.0,12.0,0.0,16.0,0.0,17.0,4.0,0.0,0
1171,2026,3,Japanese Grand Prix,807,Nico,Hülkenberg,217,Audi,13.0,13.0,0.0,17.0,0.0,2.0,8.0,0.0,0
1171,2026,3,Japanese Grand Prix,865,Isack,Hadjar,9,Red Bull,8.0,8.0,4.0,11.0,0.0,12.0,5.0,0.0,0
1171,2026,3,Japanese Grand Prix,864,Gabriel,Bortoleto,217,Audi,9.0,9.0,2.0,14.0,0.0,2.0,8.0,0.0,0
1171,2026,3,Japanese Grand Prix,866,Arvid,Lindblad,215,RB F1 Team,10.0,10.0,4.0,10.0,0.0,12.0,6.0,0.0,0
1171,2026,3,Japanese Grand Prix,832,Carlos,Sainz,3,Williams,16.0,16.0,2.0,13.0,0.0,2.0,9.0,0.0,0
1171,2026,3,Japanese Grand Prix,861,Franco,Colapinto,214,Alpine F1 Team,15.0,15.0,1.0,15.0,0.0,10.0,7.0,0.0,0
1171,2026,3,Japanese Grand Prix,815,Sergio,Pérez,216,Cadillac,19.0,19.0,0.0,20.0,0.0,0.0,10.0,0.0,0
1171,2026,3,Japanese Grand Prix,4,Fernando,Alonso,117,Aston Martin,21.0,21.0,0.0,21.0,0.0,0.0,11.0,0.0,0
1171,2026,3,Japanese Grand Prix,822,Valtteri,Bottas,216,Cadillac,20.0,20.0,0.0,19.0,0.0,0.0,10.0,0.0,0
1171,2026,3,Japanese Grand Prix,848,Alexander,Albon,3,Williams,17.0,17.0,0.0,18.0,0.0,2.0,9.0,0.0,0
1171,2026,3,Japanese Grand Prix,840,Lance,Stroll,117,Aston Martin,22.0,22.0,0.0,22.0,0.0,0.0,11.0,0.0,0
1171,2026,3,Japanese Grand Prix,860,Oliver,Bearman,210,Haas F1 Team,18.0,18.0,17.0,5.0,0.0,17.0,4.0,0.0,0
1172,2026,4,Miami Grand Prix,863,Andrea Kimi,Antonelli,131,Mercedes,1.0,1.0,72.0,1.0,2.0,135.0,1.0,3.0,1
1172,2026,4,Miami Grand Prix,846,Lando,Norris,1,McLaren,4.0,4.0,25.0,5.0,0.0,46.0,3.0,0.0,1
1172,2026,4,Miami Grand Prix,857,Oscar,Piastri,1,McLaren,7.0,7.0,21.0,6.0,0.0,46.0,3.0,0.0,1
1172,2026,4,Miami Grand Prix,847,George,Russell,131,Mercedes,5.0,5.0,63.0,2.0,1.0,135.0,1.0,3.0,0
1172,2026,4,Miami Grand Prix,830,Max,Verstappen,9,Red Bull,2.0,2.0,12.0,9.0,0.0,16.0,6.0,0.0,0
1172,2026,4,Miami Grand Prix,844,Charles,Leclerc,6,Ferrari,3.0,3.0,49.0,3.0,0.0,90.0,2.0,0.0,0
1172,2026,4,Miami Grand Prix,1,Lewis,Hamilton,6,Ferrari,6.0,6.0,41.0,4.0,0.0,90.0,2.0,0.0,0
1172,2026,4,Miami Grand Prix,861,Franco,Colapinto,214,Alpine F1 Team,8.0,8.0,1.0,16.0,0.0,16.0,5.0,0.0,0
1172,2026,4,Miami Grand Prix,832,Carlos,Sainz,3,Williams,13.0,13.0,2.0,14.0,0.0,2.0,9.0,0.0,0
1172,2026,4,Miami Grand Prix,848,Alexander,Albon,3,Williams,15.0,15.0,0.0,18.0,0.0,2.0,9.0,0.0,0
1172,2026,4,Miami Grand Prix,860,Oliver,Bearman,210,Haas F1 Team,12.0,12.0,17.0,7.0,0.0,18.0,4.0,0.0,0
1172,2026,4,Miami Grand Prix,864,Gabriel,Bortoleto,217,Audi,21.0,21.0,2.0,13.0,0.0,2.0,8.0,0.0,0
1172,2026,4,Miami Grand Prix,839,Esteban,Ocon,210,Haas F1 Team,14.0,14.0,1.0,15.0,0.0,18.0,4.0,0.0,0
1172,2026,4,Miami Grand Prix,866,Arvid,Lindblad,215,RB F1 Team,16.0,16.0,4.0,11.0,0.0,14.0,7.0,0.0,0
1172,2026,4,Miami Grand Prix,4,Fernando,Alonso,117,Aston Martin,17.0,17.0,0.0,21.0,0.0,0.0,11.0,0.0,0
1172,2026,4,Miami Grand Prix,815,Sergio,Pérez,216,Cadillac,20.0,20.0,0.0,20.0,0.0,0.0,10.0,0.0,0
1172,2026,4,Miami Grand Prix,840,Lance,Stroll,117,Aston Martin,18.0,18.0,0.0,22.0,0.0,0.0,11.0,0.0,0
1172,2026,4,Miami Grand Prix,822,Valtteri,Bottas,216,Cadillac,19.0,19.0,0.0,19.0,0.0,0.0,10.0,0.0,0
1172,2026,4,Miami Grand Prix,807,Nico,Hülkenberg,217,Audi,10.0,10.0,0.0,17.0,0.0,2.0,8.0,0.0,0
1172,2026,4,Miami Grand Prix,859,Liam,Lawson,215,RB F1 Team,11.0,11.0,10.0,10.0,0.0,14.0,7.0,0.0,0
1172,2026,4,Miami Grand Prix,842,Pierre,Gasly,214,Alpine F1 Team,9.0,9.0,15.0,8.0,0.0,16.0,5.0,0.0,0
1172,2026,4,Miami Grand Prix,865,Isack,Hadjar,9,Red Bull,22.0,9.0,4.0,12.0,0.0,16.0,6.0,0.0,0
1173,2026,5,Canadian Grand Prix,863,Andrea Kimi,Antonelli,131,Mercedes,2.0,2.0,100.0,1.0,3.0,180.0,1.0,4.0,1
1173,2026,5,Canadian Grand Prix,1,Lewis,Hamilton,6,Ferrari,5.0,5.0,49.0,5.0,0.0,112.0,2.0,0.0,1
1173,2026,5,Canadian Grand Prix,830,Max,Verstappen,9,Red Bull,6.0,6.0,26.0,7.0,0.0,30.0,4.0,0.0,1
1173,2026,5,Canadian Grand Prix,844,Charles,Leclerc,6,Ferrari,8.0,8.0,63.0,3.0,0.0,112.0,2.0,0.0,0
1173,2026,5,Canadian Grand Prix,865,Isack,Hadjar,9,Red Bull,7.0,7.0,4.0,13.0,0.0,30.0,4.0,0.0,0
1173,2026,5,Canadian Grand Prix,861,Franco,Colapinto,214,Alpine F1 Team,10.0,10.0,5.0,11.0,0.0,21.0,5.0,0.0,0
1173,2026,5,Canadian Grand Prix,859,Liam,Lawson,215,RB F1 Team,12.0,12.0,10.0,10.0,0.0,14.0,7.0,0.0,0
1173,2026,5,Canadian Grand Prix,842,Pierre,Gasly,214,Alpine F1 Team,14.0,14.0,16.0,9.0,0.0,21.0,5.0,0.0,0
1173,2026,5,Canadian Grand Prix,832,Carlos,Sainz,3,Williams,15.0,15.0,4.0,14.0,0.0,5.0,8.0,0.0,0
1173,2026,5,Canadian Grand Prix,860,Oliver,Bearman,210,Haas F1 Team,16.0,16.0,17.0,8.0,0.0,18.0,6.0,0.0,0
1173,2026,5,Canadian Grand Prix,857,Oscar,Piastri,1,McLaren,4.0,4.0,43.0,6.0,0.0,94.0,3.0,0.0,0
1173,2026,5,Canadian Grand Prix,807,Nico,Hülkenberg,217,Audi,11.0,11.0,0.0,18.0,0.0,2.0,9.0,0.0,0
1173,2026,5,Canadian Grand Prix,864,Gabriel,Bortoleto,217,Audi,13.0,13.0,2.0,15.0,0.0,2.0,9.0,0.0,0
1173,2026,5,Canadian Grand Prix,839,Esteban,Ocon,210,Haas F1 Team,17.0,17.0,1.0,16.0,0.0,18.0,6.0,0.0,0
1173,2026,5,Canadian Grand Prix,840,Lance,Stroll,117,Aston Martin,22.0,21.0,0.0,22.0,0.0,0.0,11.0,0.0,0
1173,2026,5,Canadian Grand Prix,822,Valtteri,Bottas,216,Cadillac,21.0,22.0,0.0,19.0,0.0,0.0,10.0,0.0,0
1173,2026,5,Canadian Grand Prix,815,Sergio,Pérez,216,Cadillac,20.0,20.0,0.0,20.0,0.0,0.0,10.0,0.0,0
1173,2026,5,Canadian Grand Prix,846,Lando,Norris,1,McLaren,3.0,3.0,51.0,4.0,0.0,94.0,3.0,0.0,0
1173,2026,5,Canadian Grand Prix,847,George,Russell,131,Mercedes,1.0,1.0,80.0,2.0,1.0,180.0,1.0,4.0,0
1173,2026,5,Canadian Grand Prix,4,Fernando,Alonso,117,Aston Martin,19.0,19.0,0.0,21.0,0.0,0.0,11.0,0.0,0
1173,2026,5,Canadian Grand Prix,848,Alexander,Albon,3,Williams,18.0,18.0,1.0,17.0,0.0,5.0,8.0,0.0,0
1173,2026,5,Canadian Grand Prix,866,Arvid,Lindblad,215,RB F1 Team,9.0,9.0,4.0,12.0,0.0,14.0,7.0,0.0,0
1174,2026,6,Monaco Grand Prix,863,Andrea Kimi,Antonelli,131,Mercedes,1.0,1.0,131.0,1.0,4.0,219.0,1.0,5.0,1
1174,2026,6,Monaco Grand Prix,1,Lewis,Hamilton,6,Ferrari,3.0,3.0,72.0,4.0,0.0,147.0,2.0,0.0,1
1174,2026,6,Monaco Grand Prix,842,Pierre,Gasly,214,Alpine F1 Team,9.0,9.0,20.0,8.0,0.0,35.0,5.0,0.0,1
1174,2026,6,Monaco Grand Prix,865,Isack,Hadjar,9,Red Bull,5.0,5.0,14.0,12.0,0.0,57.0,4.0,0.0,0
1174,2026,6,Monaco Grand Prix,857,Oscar,Piastri,1,McLaren,7.0,7.0,48.0,6.0,0.0,106.0,3.0,0.0,0
1174,2026,6,Monaco Grand Prix,859,Liam,Lawson,215,RB F1 Team,10.0,10.0,16.0,10.0,0.0,21.0,6.0,0.0,0
1174,2026,6,Monaco Grand Prix,866,Arvid,Lindblad,215,RB F1 Team,15.0,15.0,5.0,14.0,0.0,21.0,6.0,0.0,0
1174,2026,6,Monaco Grand Prix,848,Alexander,Albon,3,Williams,11.0,11.0,1.0,17.0,0.0,7.0,8.0,0.0,0
1174,2026,6,Monaco Grand Prix,839,Esteban,Ocon,210,Haas F1 Team,17.0,17.0,1.0,16.0,0.0,19.0,7.0,0.0,0
1174,2026,6,Monaco Grand Prix,4,Fernando,Alonso,117,Aston Martin,21.0,21.0,0.0,22.0,0.0,0.0,11.0,0.0,0
1174,2026,6,Monaco Grand Prix,864,Gabriel,Bortoleto,217,Audi,16.0,16.0,2.0,15.0,0.0,2.0,9.0,0.0,0
1174,2026,6,Monaco Grand Prix,847,George,Russell,131,Mercedes,6.0,6.0,88.0,2.0,1.0,219.0,1.0,5.0,0
1174,2026,6,Monaco Grand Prix,807,Nico,Hülkenberg,217,Audi,13.0,13.0,0.0,18.0,0.0,2.0,9.0,0.0,0
1174,2026,6,Monaco Grand Prix,861,Franco,Colapinto,214,Alpine F1 Team,14.0,14.0,15.0,11.0,0.0,35.0,5.0,0.0,0
1174,2026,6,Monaco Grand Prix,815,Sergio,Pérez,216,Cadillac,18.0,18.0,0.0,20.0,0.0,0.0,10.0,0.0,0
1174,2026,6,Monaco Grand Prix,832,Carlos,Sainz,3,Williams,12.0,12.0,6.0,13.0,0.0,7.0,8.0,0.0,0
1174,2026,6,Monaco Grand Prix,844,Charles,Leclerc,6,Ferrari,4.0,4.0,75.0,3.0,0.0,147.0,2.0,0.0,0
1174,2026,6,Monaco Grand Prix,840,Lance,Stroll,117,Aston Martin,22.0,22.0,0.0,21.0,0.0,0.0,11.0,0.0,0
1174,2026,6,Monaco Grand Prix,846,Lando,Norris,1,McLaren,8.0,8.0,58.0,5.0,0.0,106.0,3.0,0.0,0
1174,2026,6,Monaco Grand Prix,860,Oliver,Bearman,210,Haas F1 Team,19.0,19.0,18.0,9.0,0.0,19.0,7.0,0.0,0
1174,2026,6,Monaco Grand Prix,822,Valtteri,Bottas,216,Cadillac,20.0,20.0,0.0,19.0,0.0,0.0,10.0,0.0,0
1174,2026,6,Monaco Grand Prix,830,Max,Verstappen,9,Red Bull,2.0,2.0,43.0,7.0,0.0,57.0,4.0,0.0,0
1175,2026,7,Barcelona-Catalunya Grand Prix,1,Lewis,Hamilton,6,Ferrari,2.0,2.0,90.0,2.0,0.0,165.0,2.0,0.0,1
1175,2026,7,Barcelona-Catalunya Grand Prix,847,George,Russell,131,Mercedes,1.0,1.0,88.0,3.0,1.0,244.0,1.0,6.0,1
1175,2026,7,Barcelona-Catalunya Grand Prix,846,Lando,Norris,1,McLaren,4.0,4.0,58.0,6.0,0.0,116.0,3.0,0.0,1
1175,2026,7,Barcelona-Catalunya Grand Prix,830,Max,Verstappen,9,Red Bull,5.0,5.0,43.0,7.0,0.0,69.0,4.0,0.0,0
1175,2026,7,Barcelona-Catalunya Grand Prix,857,Oscar,Piastri,1,McLaren,7.0,7.0,58.0,5.0,0.0,116.0,3.0,0.0,0
1175,2026,7,Barcelona-Catalunya Grand Prix,865,Isack,Hadjar,9,Red Bull,6.0,6.0,26.0,9.0,0.0,69.0,4.0,0.0,0
1175,2026,7,Barcelona-Catalunya Grand Prix,842,Pierre,Gasly,214,Alpine F1 Team,14.0,14.0,35.0,8.0,0.0,50.0,5.0,0.0,0
1175,2026,7,Barcelona-Catalunya Grand Prix,861,Franco,Colapinto,214,Alpine F1 Team,13.0,13.0,15.0,12.0,0.0,50.0,5.0,0.0,0
1175,2026,7,Barcelona-Catalunya Grand Prix,859,Liam,Lawson,215,RB F1 Team,8.0,8.0,24.0,10.0,0.0,35.0,6.0,0.0,0
1175,2026,7,Barcelona-Catalunya Grand Prix,866,Arvid,Lindblad,215,RB F1 Team,11.0,11.0,11.0,13.0,0.0,35.0,6.0,0.0,0
1175,2026,7,Barcelona-Catalunya Grand Prix,864,Gabriel,Bortoleto,217,Audi,12.0,12.0,2.0,17.0,0.0,2.0,9.0,0.0,0
1175,2026,7,Barcelona-Catalunya Grand Prix,832,Carlos,Sainz,3,Williams,16.0,16.0,6.0,14.0,0.0,11.0,8.0,0.0,0
1175,2026,7,Barcelona-Catalunya Grand Prix,839,Esteban,Ocon,210,Haas F1 Team,17.0,17.0,3.0,16.0,0.0,21.0,7.0,0.0,0
1175,2026,7,Barcelona-Catalunya Grand Prix,815,Sergio,Pérez,216,Cadillac,19.0,19.0,0.0,21.0,0.0,0.0,11.0,0.0,0
1175,2026,7,Barcelona-Catalunya Grand Prix,844,Charles,Leclerc,6,Ferrari,10.0,10.0,75.0,4.0,0.0,165.0,2.0,0.0,0
1175,2026,7,Barcelona-Catalunya Grand Prix,863,Andrea Kimi,Antonelli,131,Mercedes,3.0,3.0,156.0,1.0,5.0,244.0,1.0,6.0,0
1175,2026,7,Barcelona-Catalunya Grand Prix,860,Oliver,Bearman,210,Haas F1 Team,15.0,15.0,18.0,11.0,0.0,21.0,7.0,0.0,0
1175,2026,7,Barcelona-Catalunya Grand Prix,848,Alexander,Albon,3,Williams,18.0,18.0,5.0,15.0,0.0,11.0,8.0,0.0,0
1175,2026,7,Barcelona-Catalunya Grand Prix,4,Fernando,Alonso,117,Aston Martin,22.0,22.0,1.0,18.0,0.0,1.0,10.0,0.0,0
1175,2026,7,Barcelona-Catalunya Grand Prix,807,Nico,Hülkenberg,217,Audi,9.0,9.0,0.0,19.0,0.0,2.0,9.0,0.0,0
1175,2026,7,Barcelona-Catalunya Grand Prix,822,Valtteri,Bottas,216,Cadillac,20.0,20.0,0.0,20.0,0.0,0.0,11.0,0.0,0
1175,2026,7,Barcelona-Catalunya Grand Prix,840,Lance,Stroll,117,Aston Martin,21.0,21.0,0.0,22.0,0.0,1.0,10.0,0.0,0
1176,2026,8,Austrian Grand Prix,847,George,Russell,131,Mercedes,1.0,1.0,106.0,3.0,1.0,262.0,1.0,6.0,1
1176,2026,8,Austrian Grand Prix,830,Max,Verstappen,9,Red Bull,5.0,5.0,55.0,7.0,0.0,89.0,4.0,0.0,1
1176,2026,8,Austrian Grand Prix,863,Andrea Kimi,Antonelli,131,Mercedes,4.0,4.0,156.0,1.0,5.0,262.0,1.0,6.0,1
1176,2026,8,Austrian Grand Prix,857,Oscar,Piastri,1,McLaren,7.0,7.0,68.0,6.0,0.0,141.0,3.0,0.0,0
1176,2026,8,Austrian Grand Prix,1,Lewis,Hamilton,6,Ferrari,3.0,3.0,115.0,2.0,1.0,190.0,2.0,1.0,0
1176,2026,8,Austrian Grand Prix,865,Isack,Hadjar,9,Red Bull,8.0,8.0,34.0,9.0,0.0,89.0,4.0,0.0,0
1176,2026,8,Austrian Grand Prix,846,Lando,Norris,1,McLaren,6.0,6.0,73.0,5.0,0.0,141.0,3.0,0.0,0
1176,2026,8,Austrian Grand Prix,844,Charles,Leclerc,6,Ferrari,2.0,2.0,75.0,4.0,0.0,190.0,2.0,1.0,0
1176,2026,8,Austrian Grand Prix,859,Liam,Lawson,215,RB F1 Team,9.0,9.0,26.0,10.0,0.0,38.0,6.0,0.0,0
1176,2026,8,Austrian Grand Prix,866,Arvid,Lindblad,215,RB F1 Team,10.0,10.0,12.0,13.0,0.0,38.0,6.0,0.0,0
1176,2026,8,Austrian Grand Prix,864,Gabriel,Bortoleto,217,Audi,12.0,12.0,2.0,17.0,0.0,2.0,9.0,0.0,0
1176,2026,8,Austrian Grand Prix,807,Nico,Hülkenberg,217,Audi,14.0,14.0,0.0,19.0,0.0,2.0,9.0,0.0,0
1176,2026,8,Austrian Grand Prix,842,Pierre,Gasly,214,Alpine F1 Team,11.0,11.0,41.0,8.0,0.0,60.0,5.0,0.0,0
1176,2026,8,Austrian Grand Prix,860,Oliver,Bearman,210,Haas F1 Team,13.0,13.0,18.0,12.0,0.0,21.0,7.0,0.0,0
1176,2026,8,Austrian Grand Prix,861,Franco,Colapinto,214,Alpine F1 Team,16.0,16.0,19.0,11.0,0.0,60.0,5.0,0.0,0
1176,2026,8,Austrian Grand Prix,839,Esteban,Ocon,210,Haas F1 Team,15.0,15.0,3.0,16.0,0.0,21.0,7.0,0.0,0
1176,2026,8,Austrian Grand Prix,848,Alexander,Albon,3,Williams,18.0,18.0,5.0,15.0,0.0,11.0,8.0,0.0,0
1176,2026,8,Austrian Grand Prix,4,Fernando,Alonso,117,Aston Martin,21.0,21.0,1.0,18.0,0.0,1.0,10.0,0.0,0
1176,2026,8,Austrian Grand Prix,840,Lance,Stroll,117,Aston Martin,22.0,22.0,0.0,22.0,0.0,1.0,10.0,0.0,0
1176,2026,8,Austrian Grand Prix,832,Carlos,Sainz,3,Williams,17.0,17.0,6.0,14.0,0.0,11.0,8.0,0.0,0
1176,2026,8,Austrian Grand Prix,815,Sergio,Pérez,216,Cadillac,19.0,19.0,0.0,21.0,0.0,0.0,11.0,0.0,0
1176,2026,8,Austrian Grand Prix,822,Valtteri,Bottas,216,Cadillac,20.0,20.0,0.0,20.0,0.0,0.0,11.0,0.0,0
1177,2026,9,British Grand Prix,844,Charles,Leclerc,6,Ferrari,2.0,2.0,79.0,6.0,0.0,204.0,2.0,1.0,1
1177,2026,9,British Grand Prix,847,George,Russell,131,Mercedes,4.0,4.0,131.0,2.0,2.0,302.0,1.0,7.0,1
1177,2026,9,British Grand Prix,1,Lewis,Hamilton,6,Ferrari,3.0,3.0,125.0,3.0,1.0,204.0,2.0,1.0,1
1177,2026,9,British Grand Prix,846,Lando,Norris,1,McLaren,6.0,6.0,79.0,5.0,0.0,159.0,3.0,0.0,0
1177,2026,9,British Grand Prix,865,Isack,Hadjar,9,Red Bull,5.0,5.0,42.0,8.0,0.0,115.0,4.0,0.0,0
1177,2026,9,British Grand Prix,859,Liam,Lawson,215,RB F1 Team,10.0,10.0,30.0,10.0,0.0,44.0,6.0,0.0,0
1177,2026,9,British Grand Prix,866,Arvid,Lindblad,215,RB F1 Team,9.0,9.0,14.0,13.0,0.0,44.0,6.0,0.0,0
1177,2026,9,British Grand Prix,864,Gabriel,Bortoleto,217,Audi,11.0,11.0,2.0,17.0,0.0,2.0,9.0,0.0,0
1177,2026,9,British Grand Prix,861,Franco,Colapinto,214,Alpine F1 Team,19.0,19.0,16.0,12.0,0.0,57.0,5.0,0.0,0
1177,2026,9,British Grand Prix,842,Pierre,Gasly,214,Alpine F1 Team,15.0,12.0,41.0,9.0,0.0,57.0,5.0,0.0,0
1177,2026,9,British Grand Prix,857,Oscar,Piastri,1,McLaren,8.0,8.0,80.0,4.0,0.0,159.0,3.0,0.0,0
1177,2026,9,British Grand Prix,860,Oliver,Bearman,210,Haas F1 Team,13.0,14.0,18.0,11.0,0.0,21.0,7.0,0.0,0
1177,2026,9,British Grand Prix,839,Esteban,Ocon,210,Haas F1 Team,17.0,17.0,3.0,16.0,0.0,21.0,7.0,0.0,0
1177,2026,9,British Grand Prix,815,Sergio,Pérez,216,Cadillac,20.0,20.0,0.0,21.0,0.0,0.0,11.0,0.0,0
1177,2026,9,British Grand Prix,863,Andrea Kimi,Antonelli,131,Mercedes,1.0,1.0,171.0,1.0,5.0,302.0,1.0,7.0,0
1177,2026,9,British Grand Prix,822,Valtteri,Bottas,216,Cadillac,18.0,18.0,0.0,20.0,0.0,0.0,11.0,0.0,0
1177,2026,9,British Grand Prix,832,Carlos,Sainz,3,Williams,14.0,15.0,6.0,14.0,0.0,11.0,8.0,0.0,0
1177,2026,9,British Grand Prix,4,Fernando,Alonso,117,Aston Martin,21.0,22.0,1.0,18.0,0.0,1.0,10.0,0.0,0
1177,2026,9,British Grand Prix,840,Lance,Stroll,117,Aston Martin,22.0,21.0,0.0,22.0,0.0,1.0,10.0,0.0,0
1177,2026,9,British Grand Prix,830,Max,Verstappen,9,Red Bull,7.0,7.0,73.0,7.0,0.0,115.0,4.0,0.0,0
1177,2026,9,British Grand Prix,848,Alexander,Albon,3,Williams,16.0,16.0,5.0,15.0,0.0,11.0,8.0,0.0,0
1177,2026,9,British Grand Prix,807,Nico,Hülkenberg,217,Audi,12.0,13.0,0.0,19.0,0.0,2.0,9.0,0.0,0
